Resolving dependencies...
Downloading packages...
  _fe_analyzer_shared 91.0.0 (105.0.0 available)
  _flutterfire_internals 1.3.70 (1.3.76 available)
  analyzer 8.4.1 (14.1.0 available)
  app_links 6.4.1 (7.2.1 available)
  app_links_platform_interface 2.0.2 (2.0.4 available)
  bloc 8.1.4 (9.2.1 available)
  bloc_test 9.1.7 (10.0.0 available)
  build 4.0.6 (4.0.10 available)
  build_config 1.3.0 (1.3.2 available)
  build_daemon 4.1.1 (4.1.5 available)
  build_runner 2.14.1 (2.16.0 available)
  built_value 8.12.6 (8.12.7 available)
  cli_util 0.4.2 (0.5.2 available)
  coverage 1.15.0 (1.15.1 available)
  cross_file 0.3.5+2 (0.3.5+4 available)
  dart_style 3.1.3 (3.1.12 available)
  dio 5.9.2 (5.11.0 available)
  dio_web_adapter 2.1.2 (2.2.1 available)
  equatable 2.0.8 (2.1.0 available)
  firebase_core 4.8.0 (4.13.0 available)
  firebase_core_platform_interface 7.0.0 (8.1.0 available)
  firebase_core_web 3.6.1 (3.10.0 available)
  firebase_performance 0.11.4 (0.11.4+6 available)
  firebase_performance_platform_interface 0.2.0 (0.2.0+6 available)
  firebase_performance_web 0.1.8+6 (0.1.8+12 available)
  firebase_remote_config 6.5.0 (6.5.6 available)
  firebase_remote_config_platform_interface 3.0.0 (3.0.6 available)
  firebase_remote_config_web 1.10.7 (1.10.13 available)
  flutter_bloc 8.1.6 (9.1.1 available)
  flutter_riverpod 3.3.1 (3.4.2 available)
  flutter_secure_storage 9.2.4 (11.0.0 available)
  flutter_secure_storage_linux 1.2.3 (3.0.2 available)
  flutter_secure_storage_macos 3.1.3 (4.0.0 available)
  flutter_secure_storage_platform_interface 1.1.2 (2.0.3 available)
  flutter_secure_storage_web 1.2.1 (2.1.1 available)
  flutter_secure_storage_windows 3.1.2 (4.2.2 available)
  freezed 3.2.3 (3.2.5 available)
  functions_client 2.5.0 (2.7.1 available)
  get_it 7.7.0 (9.2.1 available)
  go_router 17.2.3 (17.4.0 available)
  google_sign_in 6.3.0 (7.2.0 available)
  google_sign_in_android 6.2.1 (7.2.16 available)
  google_sign_in_ios 5.9.0 (6.3.0 available)
  google_sign_in_platform_interface 2.5.0 (3.1.0 available)
  google_sign_in_web 0.12.4+4 (1.1.3 available)
  gotrue 2.20.0 (2.27.1 available)
  image 4.8.0 (4.9.1 available)
  intl 0.20.2 (0.20.3 available)
  js 0.6.7 (0.7.2 available)
  json_annotation 4.9.0 (4.12.0 available)
  json_serializable 6.11.2 (6.14.1 available)
  matcher 0.12.19 (0.12.20 available)
  meta 1.17.0 (1.19.0 available)
  mockito 5.6.4 (5.8.1 available)
  package_config 2.2.0 (3.0.0 available)
  path_provider 2.1.5 (2.1.6 available)
! path_provider_android 2.2.22 (overridden) (2.3.1 available)
! path_provider_foundation 2.5.1 (overridden) (2.6.0 available)
  path_provider_linux 2.2.1 (2.2.2 available)
  path_provider_platform_interface 2.1.2 (2.1.3 available)
  posix 6.5.0 (6.5.2 available)
  postgrest 2.7.0 (2.9.1 available)
  realtime_client 2.7.3 (2.13.0 available)
  riverpod 3.2.1 (3.4.2 available)
  share_plus 10.1.4 (13.3.0 available)
  share_plus_platform_interface 5.0.2 (7.2.0 available)
  shared_preferences_android 2.4.23 (2.4.27 available)
  sign_in_with_apple 6.1.4 (8.1.0 available)
  sign_in_with_apple_platform_interface 1.1.0 (2.0.0 available)
  sign_in_with_apple_web 2.1.1 (3.0.0 available)
  source_gen 4.2.3 (4.2.4 available)
  source_helper 1.3.8 (1.3.13 available)
  storage_client 2.5.2 (2.8.0 available)
  supabase 2.10.6 (2.16.0 available)
  supabase_flutter 2.12.4 (2.17.1 available)
  test 1.30.0 (1.31.2 available)
  test_api 0.7.10 (0.7.13 available)
  test_core 0.6.16 (0.6.19 available)
  url_launcher_android 6.3.29 (6.3.32 available)
  uuid 4.5.3 (4.6.0 available)
  vector_graphics 1.2.1 (1.2.3 available)
  vector_graphics_compiler 1.2.2 (1.3.0 available)
  vector_math 2.2.0 (2.4.2 available)
  very_good_analysis 10.1.0 (10.3.0 available)
  win32 5.15.0 (6.4.0 available)
  xml 6.6.1 (7.0.1 available)
  yet_another_json_isolate 2.1.0 (2.1.1 available)
Got dependencies!
87 packages have newer versions incompatible with dependency constraints.
Try `flutter pub outdated` for more information.
00:00 +0: loading /Users/nguyenanhkiet/Playground/grex/test/l10n/arb_key_synchronization_test.dart
00:00 +0: /Users/nguyenanhkiet/Playground/grex/test/l10n/arb_key_synchronization_test.dart: ARB Key Synchronization Property Test (setUpAll)
00:00 +0: /Users/nguyenanhkiet/Playground/grex/test/l10n/arb_key_naming_convention_test.dart: ARB Key Naming Convention Property Test all keys in app_en.arb follow camelCase convention
00:00 +1: /Users/nguyenanhkiet/Playground/grex/test/l10n/arb_key_synchronization_test.dart: ARB Key Synchronization Property Test all English keys exist in Vietnamese ARB file
00:00 +2: /Users/nguyenanhkiet/Playground/grex/test/l10n/arb_key_synchronization_test.dart: ARB Key Synchronization Property Test all English keys exist in Vietnamese ARB file
00:00 +3: /Users/nguyenanhkiet/Playground/grex/test/l10n/arb_key_naming_convention_test.dart: ARB Key Naming Convention Property Test all keys in app_es.arb follow camelCase convention
00:00 +4: /Users/nguyenanhkiet/Playground/grex/test/l10n/arb_key_naming_convention_test.dart: ARB Key Naming Convention Property Test all keys in app_es.arb follow camelCase convention
00:00 +5: /Users/nguyenanhkiet/Playground/grex/test/l10n/arb_key_synchronization_test.dart: ARB Key Synchronization Property Test all English keys exist in Arabic ARB file
00:00 +6: /Users/nguyenanhkiet/Playground/grex/test/l10n/arb_key_naming_convention_test.dart: ARB Key Naming Convention Property Test all keys in app_ar.arb follow camelCase convention
00:00 +7: /Users/nguyenanhkiet/Playground/grex/test/l10n/arb_key_naming_convention_test.dart: ARB Key Naming Convention Property Test all keys in app_ar.arb follow camelCase convention
00:00 +8: /Users/nguyenanhkiet/Playground/grex/test/l10n/arb_key_naming_convention_test.dart: ARB Key Naming Convention Property Test all keys in app_ar.arb follow camelCase convention
00:00 +9: /Users/nguyenanhkiet/Playground/grex/test/l10n/arb_key_synchronization_test.dart: ARB Key Synchronization Property Test Arabic ARB has no extra keys not in English
00:00 +10: /Users/nguyenanhkiet/Playground/grex/test/l10n/arb_key_naming_convention_test.dart: ARB Key Naming Convention Property Test property: camelCase keys start with lowercase letter
00:00 +11: /Users/nguyenanhkiet/Playground/grex/test/l10n/arb_key_naming_convention_test.dart: ARB Key Naming Convention Property Test property: camelCase keys start with lowercase letter
00:00 +12: /Users/nguyenanhkiet/Playground/grex/test/l10n/arb_key_synchronization_test.dart: ARB Key Synchronization Property Test property: every English key has Spanish translation
00:00 +13: /Users/nguyenanhkiet/Playground/grex/test/l10n/arb_key_naming_convention_test.dart: ARB Key Naming Convention Property Test property: camelCase keys contain no underscores
00:00 +14: /Users/nguyenanhkiet/Playground/grex/test/l10n/arb_key_synchronization_test.dart: ARB Key Synchronization Property Test property: every English key has Arabic translation
00:00 +15: /Users/nguyenanhkiet/Playground/grex/test/l10n/arb_key_naming_convention_test.dart: ARB Key Naming Convention Property Test property: camelCase keys contain no hyphens
00:00 +16: /Users/nguyenanhkiet/Playground/grex/test/l10n/arb_key_synchronization_test.dart: ARB Key Synchronization Property Test property: all ARB files have same key count
00:00 +17: /Users/nguyenanhkiet/Playground/grex/test/l10n/arb_key_naming_convention_test.dart: ARB Key Naming Convention Property Test property: camelCase keys contain only alphanumeric characters
00:00 +18: /Users/nguyenanhkiet/Playground/grex/test/l10n/arb_key_synchronization_test.dart: ARB Key Synchronization Property Test property: metadata keys match for all translations
00:00 +19: /Users/nguyenanhkiet/Playground/grex/test/l10n/arb_key_synchronization_test.dart: ARB Key Synchronization Property Test (tearDownAll)
00:00 +19: /Users/nguyenanhkiet/Playground/grex/test/l10n/module_localization_compliance_test.dart: Module Localization Compliance Property Test lib/features/ has no hardcoded user-facing strings
Found 205 hardcoded strings in lib/features/
These should be localized in future work.
00:00 +20: /Users/nguyenanhkiet/Playground/grex/test/l10n/module_localization_compliance_test.dart: Module Localization Compliance Property Test lib/core/widgets/ has no hardcoded user-facing strings
Found 18 hardcoded strings in lib/core/widgets/
00:00 +21: /Users/nguyenanhkiet/Playground/grex/test/l10n/module_localization_compliance_test.dart: Module Localization Compliance Property Test lib/core/routing/ has no hardcoded user-facing strings
Found 14 hardcoded strings in lib/core/routing/
00:00 +22: /Users/nguyenanhkiet/Playground/grex/test/l10n/module_localization_compliance_test.dart: Module Localization Compliance Property Test property: all feature modules use localized strings
Localization compliance: 160/186 files (86.0%)
Non-compliant files: 26
00:00 +23: /Users/nguyenanhkiet/Playground/grex/test/l10n/module_localization_compliance_test.dart: Module Localization Compliance Property Test property: presentation layer files use context.l10n pattern
Files with Text widgets: 19
Files with localization: 2
Files needing localization: 17
00:01 +24: /Users/nguyenanhkiet/Playground/grex/test/core/di/social_login_injection_test.dart: Social Login Dependency Injection SocialAuthRepository Registration should register SocialAuthRepository as lazy singleton
00:01 +25: /Users/nguyenanhkiet/Playground/grex/test/core/di/social_login_injection_test.dart: Social Login Dependency Injection SocialAuthRepository Registration should resolve SocialAuthRepository with correct dependencies
00:01 +26: /Users/nguyenanhkiet/Playground/grex/test/core/di/social_login_injection_test.dart: Social Login Dependency Injection AuthDeepLinkHandler Registration should register AuthDeepLinkHandler as lazy singleton
00:01 +27: /Users/nguyenanhkiet/Playground/grex/test/core/di/social_login_injection_test.dart: Social Login Dependency Injection AuthDeepLinkHandler Registration should configure onDeepLink callback correctly
00:01 +28: /Users/nguyenanhkiet/Playground/grex/test/core/di/social_login_injection_test.dart: Social Login Dependency Injection SocialLoginAnalytics Registration should register SocialLoginAnalytics as lazy singleton
00:01 +29: /Users/nguyenanhkiet/Playground/grex/test/core/di/social_login_injection_test.dart: Social Login Dependency Injection AuthBloc Registration should register AuthBloc with all required dependencies
AuthDeepLinkHandler initialized
00:01 +30: /Users/nguyenanhkiet/Playground/grex/test/core/di/social_login_injection_test.dart: Social Login Dependency Injection AuthBloc Registration should register AuthBloc as singleton
AuthDeepLinkHandler initialized
00:01 +31: /Users/nguyenanhkiet/Playground/grex/test/core/di/social_login_injection_test.dart: Social Login Dependency Injection Dependency Graph Validation should have valid dependency graph for social login
AuthDeepLinkHandler initialized
00:01 +32: /Users/nguyenanhkiet/Playground/grex/test/core/di/social_login_injection_test.dart: Social Login Dependency Injection Dependency Graph Validation should fail gracefully when dependencies are missing
Error while creating AuthBloc
Stack trace:
 #0      throwIfNot (package:get_it/get_it_impl.dart:14:19)
#1      _GetItImplementation._findFactoryByNameAndType (package:get_it/get_it_impl.dart:435:5)
#2      _GetItImplementation.get (package:get_it/get_it_impl.dart:463:29)
#3      _GetItImplementation.call (package:get_it/get_it_impl.dart:554:12)
#4      main.<anonymous closure>.<anonymous closure>.<anonymous closure>.<anonymous closure> (file:///Users/nguyenanhkiet/Playground/grex/test/core/di/social_login_injection_test.dart:273:34)
#5      _ServiceFactory.getObject (package:get_it/get_it_impl.dart:182:41)
#6      _GetItImplementation.get (package:get_it/get_it_impl.dart:481:34)
#7      _GetItImplementation.call (package:get_it/get_it_impl.dart:554:12)
#8      main.<anonymous closure>.<anonymous closure>.<anonymous closure>.<anonymous closure> (file:///Users/nguyenanhkiet/Playground/grex/test/core/di/social_login_injection_test.dart:285:22)
#9      Throws.matchAsync (package:matcher/src/expect/throws_matcher.dart:85:37)
#10     _expect (package:matcher/src/expect/expect.dart:137:26)
#11     expect (package:matcher/src/expect/expect.dart:65:3)
#12     expect (package:flutter_test/src/widget_tester.dart:473:18)
#13     main.<anonymous closure>.<anonymous closure>.<anonymous closure> (file:///Users/nguyenanhkiet/Playground/grex/test/core/di/social_login_injection_test.dart:284:9)
#14     Declarer.test.<anonymous closure>.<anonymous closure> (package:test_api/src/backend/declarer.dart:253:25)
<asynchronous suspension>
#15     Declarer.test.<anonymous closure> (package:test_api/src/backend/declarer.dart:250:11)
<asynchronous suspension>
#16     Invoker._waitForOutstandingCallbacks.<anonymous closure> (package:test_api/src/backend/invoker.dart:318:9)
<asynchronous suspension>

00:01 +33: /Users/nguyenanhkiet/Playground/grex/test/core/config/env_config_test.dart: EnvConfig with no env file present load reports itself uninitialized instead of throwing
00:01 +34: /Users/nguyenanhkiet/Playground/grex/test/core/config/env_config_test.dart: EnvConfig with no env file present get falls back to the supplied default
00:01 +35: /Users/nguyenanhkiet/Playground/grex/test/core/config/env_config_test.dart: EnvConfig with no env file present get returns empty string when no default is supplied
00:01 +36: /Users/nguyenanhkiet/Playground/grex/test/core/config/env_config_test.dart: EnvConfig with no env file present typed getters fall back to their defaults
00:01 +37: /Users/nguyenanhkiet/Playground/grex/test/core/config/env_config_test.dart: EnvConfig with no env file present has reports the key as absent
00:02 +38: /Users/nguyenanhkiet/Playground/grex/test/core/config/env_config_test.dart: EnvConfig with no env file present getAll is empty
00:02 +39: /Users/nguyenanhkiet/Playground/grex/test/core/config/env_config_test.dart: EnvConfig with the committed .env asset loads successfully, so a fresh clone boots
00:02 +40: /Users/nguyenanhkiet/Playground/grex/test/core/routing/router_delegate_test.dart: AppRouterDelegate handleDeepLink should handle group invite links
00:02 +41: /Users/nguyenanhkiet/Playground/grex/test/core/config/env_config_test.dart: EnvConfig with the committed .env asset a key absent from it falls through to its default
00:02 +42: /Users/nguyenanhkiet/Playground/grex/test/core/routing/router_delegate_test.dart: AppRouterDelegate handleDeepLink should handle direct group links
00:02 +43: /Users/nguyenanhkiet/Playground/grex/test/core/config/env_config_test.dart: EnvConfig with a file that does have values file values take precedence over the supplied default
00:02 +44: /Users/nguyenanhkiet/Playground/grex/test/core/config/env_config_test.dart: EnvConfig with a file that does have values file values take precedence over the supplied default
00:02 +45: /Users/nguyenanhkiet/Playground/grex/test/core/config/env_config_test.dart: EnvConfig with a file that does have values file values take precedence over the supplied default
00:02 +46: /Users/nguyenanhkiet/Playground/grex/test/core/routing/router_delegate_test.dart: AppRouterDelegate handleDeepLink should handle expense details links
00:02 +47: /Users/nguyenanhkiet/Playground/grex/test/core/config/env_config_test.dart: EnvConfig with a file that does have values typed getters read the file value, not the default
00:02 +48: /Users/nguyenanhkiet/Playground/grex/test/core/config/env_config_test.dart: EnvConfig with a file that does have values typed getters read the file value, not the default
00:02 +49: /Users/nguyenanhkiet/Playground/grex/test/core/routing/router_delegate_test.dart: AppRouterDelegate handleDeepLink should handle payments links
00:02 +50: /Users/nguyenanhkiet/Playground/grex/test/core/config/env_config_test.dart: EnvConfig with a file that does have values has reports a populated key as present
00:02 +51: /Users/nguyenanhkiet/Playground/grex/test/core/routing/router_delegate_test.dart: AppRouterDelegate handleDeepLink should handle balances links
00:02 +52: /Users/nguyenanhkiet/Playground/grex/test/core/config/env_config_test.dart: EnvConfig with a file that does have values a key present but empty falls through to the default
00:02 +53: /Users/nguyenanhkiet/Playground/grex/test/core/config/env_config_test.dart: EnvConfig with a file that does have values a key present but empty falls through to the default
00:02 +54: /Users/nguyenanhkiet/Playground/grex/test/core/routing/router_delegate_test.dart: AppRouterDelegate handleDeepLink should handle export links with query parameters
00:02 +55: /Users/nguyenanhkiet/Playground/grex/test/core/routing/router_delegate_test.dart: AppRouterDelegate handleDeepLink should handle export links with query parameters
00:02 +56: /Users/nguyenanhkiet/Playground/grex/test/core/routing/router_delegate_test.dart: AppRouterDelegate handleDeepLink should handle export links without query parameters
00:02 +57: /Users/nguyenanhkiet/Playground/grex/test/core/routing/router_delegate_test.dart: AppRouterDelegate handleDeepLink should default to groups for unrecognized links
00:02 +58: /Users/nguyenanhkiet/Playground/grex/test/core/routing/router_delegate_test.dart: AppRouterDelegate handleDeepLink should handle malformed URLs gracefully
00:02 +59: /Users/nguyenanhkiet/Playground/grex/test/core/routing/router_delegate_test.dart: AppRouterDelegate generateBreadcrumbs should generate breadcrumbs for groups page
00:03 +60: /Users/nguyenanhkiet/Playground/grex/test/core/routing/router_delegate_test.dart: AppRouterDelegate generateBreadcrumbs should generate breadcrumbs for group details page
00:03 +61: /Users/nguyenanhkiet/Playground/grex/test/core/routing/router_delegate_test.dart: AppRouterDelegate generateBreadcrumbs should generate breadcrumbs for expenses page
00:03 +62: /Users/nguyenanhkiet/Playground/grex/test/core/routing/router_delegate_test.dart: AppRouterDelegate generateBreadcrumbs should generate breadcrumbs for create expense page
00:03 +63: /Users/nguyenanhkiet/Playground/grex/test/core/routing/router_delegate_test.dart: AppRouterDelegate generateBreadcrumbs should generate breadcrumbs for expense details page
00:03 +64: /Users/nguyenanhkiet/Playground/grex/test/core/routing/widgets/breadcrumb_navigation_test.dart: BreadcrumbNavigation should display custom breadcrumbs when provided
00:03 +65: /Users/nguyenanhkiet/Playground/grex/test/core/routing/widgets/breadcrumb_navigation_test.dart: BreadcrumbNavigation should display custom breadcrumbs when provided
00:03 +66: /Users/nguyenanhkiet/Playground/grex/test/core/routing/widgets/breadcrumb_navigation_test.dart: BreadcrumbNavigation should display custom breadcrumbs when provided
00:03 +66: /Users/nguyenanhkiet/Playground/grex/test/core/routing/app_router_test.dart: AppRouter should navigate to groups page by default
  Skip: TODO(di): exercises real routes that resolve blocs via getIt<XBloc>(), so every route mount throws "GetIt: Object/factory with type XBloc is not registered". Re-enable after either setting up mock DI in this test or refactoring page-level BlocProvider to use context-supplied blocs.
00:03 +66 ~1: /Users/nguyenanhkiet/Playground/grex/test/core/routing/widgets/breadcrumb_navigation_test.dart: BreadcrumbNavigation should display custom breadcrumbs when provided
00:03 +66 ~1: /Users/nguyenanhkiet/Playground/grex/test/core/routing/app_router_test.dart: AppRouter should handle group details route
  Skip: TODO(di): exercises real routes that resolve blocs via getIt<XBloc>(), so every route mount throws "GetIt: Object/factory with type XBloc is not registered". Re-enable after either setting up mock DI in this test or refactoring page-level BlocProvider to use context-supplied blocs.
00:03 +66 ~2: /Users/nguyenanhkiet/Playground/grex/test/core/routing/widgets/breadcrumb_navigation_test.dart: BreadcrumbNavigation should display custom breadcrumbs when provided
00:03 +66 ~2: /Users/nguyenanhkiet/Playground/grex/test/core/routing/app_router_test.dart: AppRouter should handle create group route
  Skip: TODO(di): exercises real routes that resolve blocs via getIt<XBloc>(), so every route mount throws "GetIt: Object/factory with type XBloc is not registered". Re-enable after either setting up mock DI in this test or refactoring page-level BlocProvider to use context-supplied blocs.
00:03 +66 ~3: /Users/nguyenanhkiet/Playground/grex/test/core/routing/widgets/breadcrumb_navigation_test.dart: BreadcrumbNavigation should display custom breadcrumbs when provided
00:03 +66 ~3: /Users/nguyenanhkiet/Playground/grex/test/core/routing/app_router_test.dart: AppRouter should handle expenses route
  Skip: TODO(di): exercises real routes that resolve blocs via getIt<XBloc>(), so every route mount throws "GetIt: Object/factory with type XBloc is not registered". Re-enable after either setting up mock DI in this test or refactoring page-level BlocProvider to use context-supplied blocs.
00:03 +66 ~4: /Users/nguyenanhkiet/Playground/grex/test/core/routing/widgets/breadcrumb_navigation_test.dart: BreadcrumbNavigation should display custom breadcrumbs when provided
00:03 +66 ~4: /Users/nguyenanhkiet/Playground/grex/test/core/routing/app_router_test.dart: AppRouter should handle payments route
  Skip: TODO(di): exercises real routes that resolve blocs via getIt<XBloc>(), so every route mount throws "GetIt: Object/factory with type XBloc is not registered". Re-enable after either setting up mock DI in this test or refactoring page-level BlocProvider to use context-supplied blocs.
00:03 +66 ~5: /Users/nguyenanhkiet/Playground/grex/test/core/routing/widgets/breadcrumb_navigation_test.dart: BreadcrumbNavigation should display custom breadcrumbs when provided
00:03 +66 ~5: /Users/nguyenanhkiet/Playground/grex/test/core/routing/app_router_test.dart: AppRouter should handle balances route
  Skip: TODO(di): exercises real routes that resolve blocs via getIt<XBloc>(), so every route mount throws "GetIt: Object/factory with type XBloc is not registered". Re-enable after either setting up mock DI in this test or refactoring page-level BlocProvider to use context-supplied blocs.
00:03 +66 ~6: /Users/nguyenanhkiet/Playground/grex/test/core/routing/widgets/breadcrumb_navigation_test.dart: BreadcrumbNavigation should display custom breadcrumbs when provided
00:03 +66 ~6: /Users/nguyenanhkiet/Playground/grex/test/core/routing/app_router_test.dart: AppRouter should handle export route
  Skip: TODO(di): exercises real routes that resolve blocs via getIt<XBloc>(), so every route mount throws "GetIt: Object/factory with type XBloc is not registered". Re-enable after either setting up mock DI in this test or refactoring page-level BlocProvider to use context-supplied blocs.
00:03 +66 ~7: /Users/nguyenanhkiet/Playground/grex/test/core/routing/widgets/breadcrumb_navigation_test.dart: BreadcrumbNavigation should display custom breadcrumbs when provided
00:03 +66 ~7: /Users/nguyenanhkiet/Playground/grex/test/core/routing/app_router_test.dart: AppRouter should show error page for invalid routes
  Skip: TODO(di): exercises real routes that resolve blocs via getIt<XBloc>(), so every route mount throws "GetIt: Object/factory with type XBloc is not registered". Re-enable after either setting up mock DI in this test or refactoring page-level BlocProvider to use context-supplied blocs.
00:03 +66 ~8: /Users/nguyenanhkiet/Playground/grex/test/core/routing/widgets/breadcrumb_navigation_test.dart: BreadcrumbNavigation should display custom breadcrumbs when provided
00:03 +66 ~8: /Users/nguyenanhkiet/Playground/grex/test/core/routing/app_router_test.dart: AppRouter should handle nested routes correctly
  Skip: TODO(di): exercises real routes that resolve blocs via getIt<XBloc>(), so every route mount throws "GetIt: Object/factory with type XBloc is not registered". Re-enable after either setting up mock DI in this test or refactoring page-level BlocProvider to use context-supplied blocs.
00:03 +66 ~9: /Users/nguyenanhkiet/Playground/grex/test/core/routing/widgets/breadcrumb_navigation_test.dart: BreadcrumbNavigation should display custom breadcrumbs when provided
00:03 +66 ~9: /Users/nguyenanhkiet/Playground/grex/test/core/routing/app_router_test.dart: AppRouter should handle edit expense route
  Skip: TODO(di): exercises real routes that resolve blocs via getIt<XBloc>(), so every route mount throws "GetIt: Object/factory with type XBloc is not registered". Re-enable after either setting up mock DI in this test or refactoring page-level BlocProvider to use context-supplied blocs.
00:03 +66 ~10: /Users/nguyenanhkiet/Playground/grex/test/core/routing/widgets/breadcrumb_navigation_test.dart: BreadcrumbNavigation should display custom breadcrumbs when provided
00:03 +66 ~10: /Users/nguyenanhkiet/Playground/grex/test/core/routing/app_router_test.dart: AppRouter should handle settlement plan route
  Skip: TODO(di): exercises real routes that resolve blocs via getIt<XBloc>(), so every route mount throws "GetIt: Object/factory with type XBloc is not registered". Re-enable after either setting up mock DI in this test or refactoring page-level BlocProvider to use context-supplied blocs.
00:03 +66 ~11: /Users/nguyenanhkiet/Playground/grex/test/core/routing/widgets/breadcrumb_navigation_test.dart: BreadcrumbNavigation should display custom breadcrumbs when provided
00:03 +66 ~11: /Users/nguyenanhkiet/Playground/grex/test/core/routing/app_router_test.dart: AppRouter should handle group settings route
  Skip: TODO(di): exercises real routes that resolve blocs via getIt<XBloc>(), so every route mount throws "GetIt: Object/factory with type XBloc is not registered". Re-enable after either setting up mock DI in this test or refactoring page-level BlocProvider to use context-supplied blocs.
00:03 +66 ~12: /Users/nguyenanhkiet/Playground/grex/test/core/routing/widgets/breadcrumb_navigation_test.dart: BreadcrumbNavigation should display custom breadcrumbs when provided
00:04 +67 ~12: /Users/nguyenanhkiet/Playground/grex/test/core/routing/widgets/breadcrumb_navigation_test.dart: BreadcrumbNavigation should display custom breadcrumbs when provided
00:04 +68 ~12: /Users/nguyenanhkiet/Playground/grex/test/core/routing/widgets/breadcrumb_navigation_test.dart: BreadcrumbNavigation should display custom breadcrumbs when provided
00:04 +69 ~12: /Users/nguyenanhkiet/Playground/grex/test/core/routing/widgets/breadcrumb_navigation_test.dart: BreadcrumbNavigation should display custom breadcrumbs when provided
00:04 +70 ~12: /Users/nguyenanhkiet/Playground/grex/test/core/routing/widgets/breadcrumb_navigation_test.dart: BreadcrumbNavigation should show home breadcrumb when showHome is true
00:04 +71 ~12: /Users/nguyenanhkiet/Playground/grex/test/core/routing/widgets/breadcrumb_navigation_test.dart: BreadcrumbNavigation should not show home breadcrumb when showHome is false
00:04 +72 ~12: /Users/nguyenanhkiet/Playground/grex/test/core/routing/widgets/breadcrumb_navigation_test.dart: BreadcrumbNavigation should handle empty breadcrumbs
00:04 +73 ~12: /Users/nguyenanhkiet/Playground/grex/test/core/routing/widgets/breadcrumb_navigation_test.dart: BreadcrumbNavigation should apply custom text color
00:05 +74 ~12: /Users/nguyenanhkiet/Playground/grex/test/core/routing/widgets/breadcrumb_navigation_test.dart: BreadcrumbNavigation should apply custom separator color
00:05 +75 ~12: /Users/nguyenanhkiet/Playground/grex/test/core/routing/widgets/breadcrumb_navigation_test.dart: BreadcrumbNavigation should handle tap on non-last breadcrumb items
00:05 +76 ~12: /Users/nguyenanhkiet/Playground/grex/test/core/routing/navigation_extensions_test.dart: NavigationExtensions should navigate to groups
00:05 +77 ~12: /Users/nguyenanhkiet/Playground/grex/test/core/routing/navigation_extensions_test.dart: NavigationExtensions should navigate to groups
00:05 +78 ~12: /Users/nguyenanhkiet/Playground/grex/test/core/routing/navigation_extensions_test.dart: NavigationExtensions should navigate to groups
00:05 +79 ~12: /Users/nguyenanhkiet/Playground/grex/test/core/routing/navigation_extensions_test.dart: NavigationExtensions should navigate to groups
00:05 +80 ~12: /Users/nguyenanhkiet/Playground/grex/test/core/routing/navigation_extensions_test.dart: NavigationExtensions should navigate to groups
00:05 +81 ~12: /Users/nguyenanhkiet/Playground/grex/test/core/routing/navigation_extensions_test.dart: NavigationExtensions should navigate to groups
00:05 +82 ~12: /Users/nguyenanhkiet/Playground/grex/test/core/routing/navigation_extensions_test.dart: NavigationExtensions should navigate to groups
00:05 +83 ~12: /Users/nguyenanhkiet/Playground/grex/test/core/routing/navigation_extensions_test.dart: NavigationExtensions should navigate to groups
00:05 +84 ~12: /Users/nguyenanhkiet/Playground/grex/test/core/routing/navigation_extensions_test.dart: NavigationExtensions should navigate to groups
00:06 +85 ~12: /Users/nguyenanhkiet/Playground/grex/test/core/routing/navigation_extensions_test.dart: NavigationExtensions should navigate to groups
00:06 +86 ~12: /Users/nguyenanhkiet/Playground/grex/test/core/routing/navigation_extensions_test.dart: NavigationExtensions should navigate to groups
00:06 +87 ~12: /Users/nguyenanhkiet/Playground/grex/test/core/routing/navigation_extensions_test.dart: NavigationExtensions should navigate to groups
00:06 +88 ~12: /Users/nguyenanhkiet/Playground/grex/test/core/routing/navigation_extensions_test.dart: NavigationExtensions should navigate to groups
00:06 +88 ~12: /Users/nguyenanhkiet/Playground/grex/test/core/routing/routing_providers_test.dart: NavigationStateNotifier should initialize with default state
  Skip: TODO(riverpod): tests instantiate NavigationStateNotifier directly without a ProviderContainer, so the notifier raises "Tried to use a notifier in an uninitialized state". Re-enable after switching to ProviderContainer-based testing.
00:06 +88 ~13: /Users/nguyenanhkiet/Playground/grex/test/core/routing/navigation_extensions_test.dart: NavigationExtensions should navigate to groups
00:06 +88 ~13: /Users/nguyenanhkiet/Playground/grex/test/core/routing/routing_providers_test.dart: NavigationStateNotifier should update route with all parameters
  Skip: TODO(riverpod): tests instantiate NavigationStateNotifier directly without a ProviderContainer, so the notifier raises "Tried to use a notifier in an uninitialized state". Re-enable after switching to ProviderContainer-based testing.
00:06 +88 ~14: /Users/nguyenanhkiet/Playground/grex/test/core/routing/navigation_extensions_test.dart: NavigationExtensions should navigate to groups
00:06 +88 ~14: /Users/nguyenanhkiet/Playground/grex/test/core/routing/routing_providers_test.dart: NavigationStateNotifier should update route with partial parameters
  Skip: TODO(riverpod): tests instantiate NavigationStateNotifier directly without a ProviderContainer, so the notifier raises "Tried to use a notifier in an uninitialized state". Re-enable after switching to ProviderContainer-based testing.
00:06 +88 ~15: /Users/nguyenanhkiet/Playground/grex/test/core/routing/navigation_extensions_test.dart: NavigationExtensions should navigate to groups
00:06 +88 ~15: /Users/nguyenanhkiet/Playground/grex/test/core/routing/routing_providers_test.dart: NavigationStateNotifier should update canPop independently
  Skip: TODO(riverpod): tests instantiate NavigationStateNotifier directly without a ProviderContainer, so the notifier raises "Tried to use a notifier in an uninitialized state". Re-enable after switching to ProviderContainer-based testing.
00:06 +88 ~16: /Users/nguyenanhkiet/Playground/grex/test/core/routing/navigation_extensions_test.dart: NavigationExtensions should navigate to groups
00:06 +88 ~16: /Users/nguyenanhkiet/Playground/grex/test/core/routing/routing_providers_test.dart: NavigationStateNotifier should maintain state across multiple updates
  Skip: TODO(riverpod): tests instantiate NavigationStateNotifier directly without a ProviderContainer, so the notifier raises "Tried to use a notifier in an uninitialized state". Re-enable after switching to ProviderContainer-based testing.
00:06 +88 ~17: /Users/nguyenanhkiet/Playground/grex/test/core/routing/navigation_extensions_test.dart: NavigationExtensions should navigate to groups
00:06 +88 ~17: /Users/nguyenanhkiet/Playground/grex/test/core/routing/routing_providers_test.dart: NavigationStateNotifier should work with ProviderContainer
  Skip: TODO(riverpod): tests instantiate NavigationStateNotifier directly without a ProviderContainer, so the notifier raises "Tried to use a notifier in an uninitialized state". Re-enable after switching to ProviderContainer-based testing.
00:06 +88 ~18: /Users/nguyenanhkiet/Playground/grex/test/core/routing/navigation_extensions_test.dart: NavigationExtensions should navigate to groups
00:06 +88 ~18: /Users/nguyenanhkiet/Playground/grex/test/core/routing/routing_providers_test.dart: NavigationStateNotifier should notify listeners on state changes
  Skip: TODO(riverpod): tests instantiate NavigationStateNotifier directly without a ProviderContainer, so the notifier raises "Tried to use a notifier in an uninitialized state". Re-enable after switching to ProviderContainer-based testing.
00:06 +88 ~19: /Users/nguyenanhkiet/Playground/grex/test/core/routing/navigation_extensions_test.dart: NavigationExtensions should navigate to groups
00:06 +89 ~19: /Users/nguyenanhkiet/Playground/grex/test/core/routing/navigation_extensions_test.dart: NavigationExtensions should navigate to create group
00:06 +90 ~19: /Users/nguyenanhkiet/Playground/grex/test/core/routing/navigation_extensions_test.dart: NavigationExtensions should navigate to group details
00:06 +91 ~19: /Users/nguyenanhkiet/Playground/grex/test/core/routing/navigation_extensions_test.dart: NavigationExtensions should navigate to group settings
00:06 +92 ~19: /Users/nguyenanhkiet/Playground/grex/test/core/routing/navigation_extensions_test.dart: NavigationExtensions should navigate to expenses
00:06 +93 ~19: /Users/nguyenanhkiet/Playground/grex/test/core/routing/navigation_extensions_test.dart: NavigationExtensions should navigate to create expense
00:06 +94 ~19: /Users/nguyenanhkiet/Playground/grex/test/core/routing/navigation_extensions_test.dart: NavigationExtensions should navigate to expense details
00:06 +95 ~19: /Users/nguyenanhkiet/Playground/grex/test/core/routing/navigation_extensions_test.dart: NavigationExtensions should navigate to edit expense
00:06 +96 ~19: /Users/nguyenanhkiet/Playground/grex/test/core/routing/navigation_extensions_test.dart: NavigationExtensions should navigate to payments
00:06 +97 ~19: /Users/nguyenanhkiet/Playground/grex/test/core/routing/navigation_extensions_test.dart: NavigationExtensions should navigate to create payment
00:06 +98 ~19: /Users/nguyenanhkiet/Playground/grex/test/core/routing/navigation_extensions_test.dart: NavigationExtensions should navigate to balances
00:06 +99 ~19: /Users/nguyenanhkiet/Playground/grex/test/core/routing/navigation_extensions_test.dart: NavigationExtensions should navigate to settlement plan
00:06 +100 ~19: /Users/nguyenanhkiet/Playground/grex/test/core/routing/navigation_extensions_test.dart: NavigationExtensions should navigate to export
00:06 +101 ~19: /Users/nguyenanhkiet/Playground/grex/test/core/routing/navigation_extensions_test.dart: Path Generation should generate correct group paths
00:06 +102 ~19: /Users/nguyenanhkiet/Playground/grex/test/core/routing/navigation_extensions_test.dart: Path Generation should generate correct expense paths
00:06 +103 ~19: /Users/nguyenanhkiet/Playground/grex/test/core/routing/navigation_extensions_test.dart: Path Generation should generate correct payment paths
00:06 +104 ~19: /Users/nguyenanhkiet/Playground/grex/test/core/routing/navigation_extensions_test.dart: Path Generation should generate correct balance paths
00:06 +105 ~19: /Users/nguyenanhkiet/Playground/grex/test/core/routing/navigation_extensions_test.dart: Path Generation should generate correct export paths
00:06 +106 ~19: /Users/nguyenanhkiet/Playground/grex/test/core/routing/navigation_extensions_test.dart: Path Generation should generate correct invite paths
00:07 +107 ~19: /Users/nguyenanhkiet/Playground/grex/test/core/services/export_service_property_test.dart: ExportService Property Tests Property 32: Data export includes complete information CSV export contains all group data
  Skip: TODO(test-infra): ExportService writes via path_provider which needs WidgetsFlutterBinding.ensureInitialized() + a fake platform channel for getTemporaryPath. Re-enable after mocking MethodChannelPathProvider in setUpAll.
00:07 +107 ~20: /Users/nguyenanhkiet/Playground/grex/test/core/services/export_service_property_test.dart: ExportService Property Tests Property 32: Data export includes complete information PDF export contains all group data
  Skip: TODO(test-infra): ExportService writes via path_provider which needs WidgetsFlutterBinding.ensureInitialized() + a fake platform channel for getTemporaryPath. Re-enable after mocking MethodChannelPathProvider in setUpAll.
00:07 +107 ~21: /Users/nguyenanhkiet/Playground/grex/test/core/services/export_service_property_test.dart: ExportService Property Tests Property 33: Export sharing options are available Export results provide sharing capabilities
  Skip: TODO(test-infra): ExportService writes via path_provider which needs WidgetsFlutterBinding.ensureInitialized() + a fake platform channel for getTemporaryPath. Re-enable after mocking MethodChannelPathProvider in setUpAll.
00:07 +107 ~22: /Users/nguyenanhkiet/Playground/grex/test/core/services/export_service_property_test.dart: ExportService Property Tests Property 33: Export sharing options are available Export file cleanup works correctly
  Skip: TODO(test-infra): ExportService writes via path_provider which needs WidgetsFlutterBinding.ensureInitialized() + a fake platform channel for getTemporaryPath. Re-enable after mocking MethodChannelPathProvider in setUpAll.
00:07 +107 ~23: /Users/nguyenanhkiet/Playground/grex/test/core/services/export_service_property_test.dart: ExportService Property Tests Export Progress Tracking Progress callback is called with valid values
  Skip: TODO(test-infra): ExportService writes via path_provider which needs WidgetsFlutterBinding.ensureInitialized() + a fake platform channel for getTemporaryPath. Re-enable after mocking MethodChannelPathProvider in setUpAll.
00:07 +107 ~24: /Users/nguyenanhkiet/Playground/grex/test/core/services/real_time_manager_test.dart: RealTimeManager Initialization should initialize and start real-time service
  Skip: TODO(supabase): RealTimeManager wraps SupabaseRealTimeService which depends on a real Supabase client. Re-enable after wiring a fake client or moving these to integration tests.
00:07 +107 ~25: /Users/nguyenanhkiet/Playground/grex/test/core/services/real_time_manager_test.dart: RealTimeManager Initialization should not initialize twice
  Skip: TODO(supabase): RealTimeManager wraps SupabaseRealTimeService which depends on a real Supabase client. Re-enable after wiring a fake client or moving these to integration tests.
00:07 +107 ~26: /Users/nguyenanhkiet/Playground/grex/test/core/services/real_time_manager_test.dart: RealTimeManager Initialization should provide connection state stream
  Skip: TODO(supabase): RealTimeManager wraps SupabaseRealTimeService which depends on a real Supabase client. Re-enable after wiring a fake client or moving these to integration tests.
00:07 +107 ~27: /Users/nguyenanhkiet/Playground/grex/test/core/services/real_time_manager_test.dart: RealTimeManager User Groups Subscription should subscribe to user groups
  Skip: TODO(supabase): RealTimeManager wraps SupabaseRealTimeService which depends on a real Supabase client. Re-enable after wiring a fake client or moving these to integration tests.
00:07 +107 ~28: /Users/nguyenanhkiet/Playground/grex/test/core/services/real_time_manager_test.dart: RealTimeManager User Groups Subscription should return existing stream for same user
  Skip: TODO(supabase): RealTimeManager wraps SupabaseRealTimeService which depends on a real Supabase client. Re-enable after wiring a fake client or moving these to integration tests.
00:07 +107 ~29: /Users/nguyenanhkiet/Playground/grex/test/core/services/real_time_manager_test.dart: RealTimeManager User Groups Subscription should handle data updates for user groups
  Skip: TODO(supabase): RealTimeManager wraps SupabaseRealTimeService which depends on a real Supabase client. Re-enable after wiring a fake client or moving these to integration tests.
00:07 +107 ~30: /Users/nguyenanhkiet/Playground/grex/test/core/services/real_time_manager_test.dart: RealTimeManager Group Members Subscription should subscribe to group members
  Skip: TODO(supabase): RealTimeManager wraps SupabaseRealTimeService which depends on a real Supabase client. Re-enable after wiring a fake client or moving these to integration tests.
00:07 +107 ~31: /Users/nguyenanhkiet/Playground/grex/test/core/services/real_time_manager_test.dart: RealTimeManager Group Members Subscription should handle member updates
  Skip: TODO(supabase): RealTimeManager wraps SupabaseRealTimeService which depends on a real Supabase client. Re-enable after wiring a fake client or moving these to integration tests.
00:07 +107 ~32: /Users/nguyenanhkiet/Playground/grex/test/core/services/real_time_manager_test.dart: RealTimeManager Group Expenses Subscription should subscribe to group expenses
  Skip: TODO(supabase): RealTimeManager wraps SupabaseRealTimeService which depends on a real Supabase client. Re-enable after wiring a fake client or moving these to integration tests.
00:07 +107 ~33: /Users/nguyenanhkiet/Playground/grex/test/core/services/real_time_manager_test.dart: RealTimeManager Group Expenses Subscription should handle expense updates
  Skip: TODO(supabase): RealTimeManager wraps SupabaseRealTimeService which depends on a real Supabase client. Re-enable after wiring a fake client or moving these to integration tests.
00:07 +107 ~34: /Users/nguyenanhkiet/Playground/grex/test/core/services/real_time_manager_test.dart: RealTimeManager Group Payments Subscription should subscribe to group payments
  Skip: TODO(supabase): RealTimeManager wraps SupabaseRealTimeService which depends on a real Supabase client. Re-enable after wiring a fake client or moving these to integration tests.
00:07 +107 ~35: /Users/nguyenanhkiet/Playground/grex/test/core/services/real_time_manager_test.dart: RealTimeManager Group Payments Subscription should handle payment updates
  Skip: TODO(supabase): RealTimeManager wraps SupabaseRealTimeService which depends on a real Supabase client. Re-enable after wiring a fake client or moving these to integration tests.
00:07 +107 ~36: /Users/nguyenanhkiet/Playground/grex/test/core/services/real_time_manager_test.dart: RealTimeManager Group Balances Subscription should subscribe to group balances (expenses and payments)
  Skip: TODO(supabase): RealTimeManager wraps SupabaseRealTimeService which depends on a real Supabase client. Re-enable after wiring a fake client or moving these to integration tests.
00:07 +107 ~37: /Users/nguyenanhkiet/Playground/grex/test/core/services/real_time_manager_test.dart: RealTimeManager Group Balances Subscription should handle balance-affecting updates
  Skip: TODO(supabase): RealTimeManager wraps SupabaseRealTimeService which depends on a real Supabase client. Re-enable after wiring a fake client or moving these to integration tests.
00:07 +107 ~38: /Users/nguyenanhkiet/Playground/grex/test/core/services/real_time_manager_test.dart: RealTimeManager Offline Queue Management should queue changes for offline sync
  Skip: TODO(supabase): RealTimeManager wraps SupabaseRealTimeService which depends on a real Supabase client. Re-enable after wiring a fake client or moving these to integration tests.
00:07 +107 ~39: /Users/nguyenanhkiet/Playground/grex/test/core/services/real_time_manager_test.dart: RealTimeManager Offline Queue Management should provide queued changes count
  Skip: TODO(supabase): RealTimeManager wraps SupabaseRealTimeService which depends on a real Supabase client. Re-enable after wiring a fake client or moving these to integration tests.
00:07 +107 ~40: /Users/nguyenanhkiet/Playground/grex/test/core/services/real_time_manager_test.dart: RealTimeManager Offline Queue Management should sync queued changes
  Skip: TODO(supabase): RealTimeManager wraps SupabaseRealTimeService which depends on a real Supabase client. Re-enable after wiring a fake client or moving these to integration tests.
00:07 +107 ~41: /Users/nguyenanhkiet/Playground/grex/test/core/services/real_time_manager_test.dart: RealTimeManager Offline Queue Management should handle sync errors
  Skip: TODO(supabase): RealTimeManager wraps SupabaseRealTimeService which depends on a real Supabase client. Re-enable after wiring a fake client or moving these to integration tests.
00:07 +107 ~42: /Users/nguyenanhkiet/Playground/grex/test/core/services/real_time_manager_test.dart: RealTimeManager Subscription Management should unsubscribe from specific subscription
  Skip: TODO(supabase): RealTimeManager wraps SupabaseRealTimeService which depends on a real Supabase client. Re-enable after wiring a fake client or moving these to integration tests.
00:07 +107 ~43: /Users/nguyenanhkiet/Playground/grex/test/core/services/real_time_manager_test.dart: RealTimeManager Subscription Management should unsubscribe from all group subscriptions
  Skip: TODO(supabase): RealTimeManager wraps SupabaseRealTimeService which depends on a real Supabase client. Re-enable after wiring a fake client or moving these to integration tests.
00:07 +107 ~44: /Users/nguyenanhkiet/Playground/grex/test/core/services/real_time_manager_test.dart: RealTimeManager Subscription Management should handle unsubscribe from non-existent subscription
  Skip: TODO(supabase): RealTimeManager wraps SupabaseRealTimeService which depends on a real Supabase client. Re-enable after wiring a fake client or moving these to integration tests.
00:07 +107 ~45: /Users/nguyenanhkiet/Playground/grex/test/core/services/real_time_manager_test.dart: RealTimeManager Error Handling should handle subscription errors
  Skip: TODO(supabase): RealTimeManager wraps SupabaseRealTimeService which depends on a real Supabase client. Re-enable after wiring a fake client or moving these to integration tests.
00:07 +107 ~46: /Users/nguyenanhkiet/Playground/grex/test/core/services/real_time_manager_test.dart: RealTimeManager Error Handling should handle closed controller gracefully
  Skip: TODO(supabase): RealTimeManager wraps SupabaseRealTimeService which depends on a real Supabase client. Re-enable after wiring a fake client or moving these to integration tests.
00:07 +107 ~47: /Users/nguyenanhkiet/Playground/grex/test/core/services/real_time_manager_test.dart: RealTimeManager Disposal should dispose all resources
  Skip: TODO(supabase): RealTimeManager wraps SupabaseRealTimeService which depends on a real Supabase client. Re-enable after wiring a fake client or moving these to integration tests.
00:07 +107 ~48: /Users/nguyenanhkiet/Playground/grex/test/core/services/real_time_manager_test.dart: RealTimeManager Disposal should handle multiple dispose calls
  Skip: TODO(supabase): RealTimeManager wraps SupabaseRealTimeService which depends on a real Supabase client. Re-enable after wiring a fake client or moving these to integration tests.
00:07 +107 ~49: /Users/nguyenanhkiet/Playground/grex/test/core/services/real_time_manager_test.dart: RealTimeManager Disposal should not initialize after disposal
  Skip: TODO(supabase): RealTimeManager wraps SupabaseRealTimeService which depends on a real Supabase client. Re-enable after wiring a fake client or moving these to integration tests.
00:08 +107 ~50: /Users/nguyenanhkiet/Playground/grex/test/core/services/export_service_test.dart: ExportService CSV Export should export group data to CSV format successfully
  Skip: TODO(test-infra): ExportService writes via path_provider which needs WidgetsFlutterBinding.ensureInitialized() + a fake platform channel for getTemporaryPath. Re-enable after mocking MethodChannelPathProvider in setUpAll.
00:08 +107 ~51: /Users/nguyenanhkiet/Playground/grex/test/core/services/export_service_test.dart: ExportService CSV Export should handle CSV export with empty data
  Skip: TODO(test-infra): ExportService writes via path_provider which needs WidgetsFlutterBinding.ensureInitialized() + a fake platform channel for getTemporaryPath. Re-enable after mocking MethodChannelPathProvider in setUpAll.
00:08 +107 ~52: /Users/nguyenanhkiet/Playground/grex/test/core/services/export_service_test.dart: ExportService CSV Export should escape CSV special characters correctly
  Skip: TODO(test-infra): ExportService writes via path_provider which needs WidgetsFlutterBinding.ensureInitialized() + a fake platform channel for getTemporaryPath. Re-enable after mocking MethodChannelPathProvider in setUpAll.
00:08 +107 ~53: /Users/nguyenanhkiet/Playground/grex/test/core/services/export_service_test.dart: ExportService PDF Export should export group data to PDF format successfully
  Skip: TODO(test-infra): ExportService writes via path_provider which needs WidgetsFlutterBinding.ensureInitialized() + a fake platform channel for getTemporaryPath. Re-enable after mocking MethodChannelPathProvider in setUpAll.
00:08 +107 ~54: /Users/nguyenanhkiet/Playground/grex/test/core/services/export_service_test.dart: ExportService PDF Export should handle PDF export with large datasets
  Skip: TODO(test-infra): ExportService writes via path_provider which needs WidgetsFlutterBinding.ensureInitialized() + a fake platform channel for getTemporaryPath. Re-enable after mocking MethodChannelPathProvider in setUpAll.
00:08 +107 ~55: /Users/nguyenanhkiet/Playground/grex/test/core/services/export_service_test.dart: ExportService File Management should delete export file successfully
  Skip: TODO(test-infra): ExportService writes via path_provider which needs WidgetsFlutterBinding.ensureInitialized() + a fake platform channel for getTemporaryPath. Re-enable after mocking MethodChannelPathProvider in setUpAll.
00:08 +107 ~56: /Users/nguyenanhkiet/Playground/grex/test/core/services/export_service_test.dart: ExportService File Management should handle deletion of non-existent file gracefully
  Skip: TODO(test-infra): ExportService writes via path_provider which needs WidgetsFlutterBinding.ensureInitialized() + a fake platform channel for getTemporaryPath. Re-enable after mocking MethodChannelPathProvider in setUpAll.
00:08 +107 ~57: /Users/nguyenanhkiet/Playground/grex/test/core/services/export_service_test.dart: ExportService Progress Tracking should call progress callback during CSV export
  Skip: TODO(test-infra): ExportService writes via path_provider which needs WidgetsFlutterBinding.ensureInitialized() + a fake platform channel for getTemporaryPath. Re-enable after mocking MethodChannelPathProvider in setUpAll.
00:08 +107 ~58: /Users/nguyenanhkiet/Playground/grex/test/core/services/export_service_test.dart: ExportService Progress Tracking should call progress callback during PDF export
  Skip: TODO(test-infra): ExportService writes via path_provider which needs WidgetsFlutterBinding.ensureInitialized() + a fake platform channel for getTemporaryPath. Re-enable after mocking MethodChannelPathProvider in setUpAll.
00:08 +107 ~59: /Users/nguyenanhkiet/Playground/grex/test/core/services/export_service_test.dart: ExportService Progress Tracking should work without progress callback
  Skip: TODO(test-infra): ExportService writes via path_provider which needs WidgetsFlutterBinding.ensureInitialized() + a fake platform channel for getTemporaryPath. Re-enable after mocking MethodChannelPathProvider in setUpAll.
00:08 +107 ~60: /Users/nguyenanhkiet/Playground/grex/test/core/services/export_service_test.dart: ExportService Error Handling should handle export errors gracefully
  Skip: TODO(test-infra): ExportService writes via path_provider which needs WidgetsFlutterBinding.ensureInitialized() + a fake platform channel for getTemporaryPath. Re-enable after mocking MethodChannelPathProvider in setUpAll.
00:08 +107 ~61: /Users/nguyenanhkiet/Playground/grex/test/core/services/export_service_test.dart: ExportService Data Formatting should format currency amounts correctly in CSV
  Skip: TODO(test-infra): ExportService writes via path_provider which needs WidgetsFlutterBinding.ensureInitialized() + a fake platform channel for getTemporaryPath. Re-enable after mocking MethodChannelPathProvider in setUpAll.
00:08 +107 ~62: /Users/nguyenanhkiet/Playground/grex/test/core/services/export_service_test.dart: ExportService Data Formatting should format dates correctly in exports
  Skip: TODO(test-infra): ExportService writes via path_provider which needs WidgetsFlutterBinding.ensureInitialized() + a fake platform channel for getTemporaryPath. Re-enable after mocking MethodChannelPathProvider in setUpAll.
00:08 +107 ~63: /Users/nguyenanhkiet/Playground/grex/test/core/services/export_service_test.dart: ExportResult should create success result correctly
00:08 +108 ~63: /Users/nguyenanhkiet/Playground/grex/test/core/services/export_service_test.dart: ExportResult should create error result correctly
00:08 +109 ~63: /Users/nguyenanhkiet/Playground/grex/test/core/services/export_service_test.dart: ExportFormat should have correct display names
00:08 +110 ~63: /Users/nguyenanhkiet/Playground/grex/test/core/services/export_service_test.dart: ExportFormat should have correct file extensions
00:08 +111 ~63: /Users/nguyenanhkiet/Playground/grex/test/core/services/export_service_test.dart: ExportFormat should have correct mime types
00:08 +112 ~63: /Users/nguyenanhkiet/Playground/grex/test/core/services/retry_service_test.dart: RetryService should execute operation successfully on first attempt
00:08 +113 ~63: /Users/nguyenanhkiet/Playground/grex/test/core/services/retry_service_test.dart: RetryService should retry operation on failure and succeed
00:08 +114 ~63: /Users/nguyenanhkiet/Playground/grex/test/core/services/retry_service_test.dart: RetryService should fail after max attempts
00:08 +115 ~63: /Users/nguyenanhkiet/Playground/grex/test/core/services/retry_service_test.dart: RetryService should respect shouldRetry callback
00:08 +116 ~63: /Users/nguyenanhkiet/Playground/grex/test/core/services/retry_service_test.dart: RetryService should call onRetry callback
00:08 +117 ~63: /Users/nguyenanhkiet/Playground/grex/test/core/services/retry_service_test.dart: RetryService should calculate exponential backoff correctly
00:09 +118 ~63: /Users/nguyenanhkiet/Playground/grex/test/core/services/retry_service_test.dart: RetryService should cap delay at maximum
00:09 +119 ~63: /Users/nguyenanhkiet/Playground/grex/test/core/services/retry_service_test.dart: RetryService should cap delay at maximum
00:09 +120 ~63: /Users/nguyenanhkiet/Playground/grex/test/core/services/retry_service_test.dart: RetryService should cap delay at maximum
00:09 +121 ~63: /Users/nguyenanhkiet/Playground/grex/test/core/services/retry_service_test.dart: RetryService should cap delay at maximum
00:09 +122 ~63: /Users/nguyenanhkiet/Playground/grex/test/core/services/retry_service_test.dart: RetryService should cap delay at maximum
00:10 +123 ~63: /Users/nguyenanhkiet/Playground/grex/test/core/services/retry_service_test.dart: RetryService should cap delay at maximum
00:10 +123 ~63: /Users/nguyenanhkiet/Playground/grex/test/core/services/real_time_service_test.dart: SupabaseRealTimeService Service Lifecycle should start service and emit connecting then connected state
  Skip: TODO(supabase): SupabaseRealTimeService depends on a real Supabase client; tests fail at construction because no Supabase instance is initialized in the test binding. Re-enable after wiring a fake Supabase client (or running these as integration tests).
00:10 +123 ~64: /Users/nguyenanhkiet/Playground/grex/test/core/services/retry_service_test.dart: RetryService should cap delay at maximum
00:10 +123 ~64: /Users/nguyenanhkiet/Playground/grex/test/core/services/real_time_service_test.dart: SupabaseRealTimeService Service Lifecycle should stop service and cleanup subscriptions
  Skip: TODO(supabase): SupabaseRealTimeService depends on a real Supabase client; tests fail at construction because no Supabase instance is initialized in the test binding. Re-enable after wiring a fake Supabase client (or running these as integration tests).
00:10 +123 ~65: /Users/nguyenanhkiet/Playground/grex/test/core/services/retry_service_test.dart: RetryService should cap delay at maximum
00:10 +123 ~65: /Users/nguyenanhkiet/Playground/grex/test/core/services/real_time_service_test.dart: SupabaseRealTimeService Service Lifecycle should dispose service and close streams
  Skip: TODO(supabase): SupabaseRealTimeService depends on a real Supabase client; tests fail at construction because no Supabase instance is initialized in the test binding. Re-enable after wiring a fake Supabase client (or running these as integration tests).
00:10 +123 ~66: /Users/nguyenanhkiet/Playground/grex/test/core/services/retry_service_test.dart: RetryService should cap delay at maximum
00:10 +123 ~66: /Users/nguyenanhkiet/Playground/grex/test/core/services/real_time_service_test.dart: SupabaseRealTimeService Table Subscriptions should subscribe to table without filter
  Skip: TODO(supabase): SupabaseRealTimeService depends on a real Supabase client; tests fail at construction because no Supabase instance is initialized in the test binding. Re-enable after wiring a fake Supabase client (or running these as integration tests).
00:10 +123 ~67: /Users/nguyenanhkiet/Playground/grex/test/core/services/retry_service_test.dart: RetryService should cap delay at maximum
00:10 +123 ~67: /Users/nguyenanhkiet/Playground/grex/test/core/services/real_time_service_test.dart: SupabaseRealTimeService Table Subscriptions should subscribe to table with filter
  Skip: TODO(supabase): SupabaseRealTimeService depends on a real Supabase client; tests fail at construction because no Supabase instance is initialized in the test binding. Re-enable after wiring a fake Supabase client (or running these as integration tests).
00:10 +123 ~68: /Users/nguyenanhkiet/Playground/grex/test/core/services/retry_service_test.dart: RetryService should cap delay at maximum
00:10 +123 ~68: /Users/nguyenanhkiet/Playground/grex/test/core/services/real_time_service_test.dart: SupabaseRealTimeService Table Subscriptions should handle subscription data callback
  Skip: TODO(supabase): SupabaseRealTimeService depends on a real Supabase client; tests fail at construction because no Supabase instance is initialized in the test binding. Re-enable after wiring a fake Supabase client (or running these as integration tests).
00:10 +123 ~69: /Users/nguyenanhkiet/Playground/grex/test/core/services/retry_service_test.dart: RetryService should cap delay at maximum
00:10 +123 ~69: /Users/nguyenanhkiet/Playground/grex/test/core/services/real_time_service_test.dart: SupabaseRealTimeService Table Subscriptions should handle subscription error callback
  Skip: TODO(supabase): SupabaseRealTimeService depends on a real Supabase client; tests fail at construction because no Supabase instance is initialized in the test binding. Re-enable after wiring a fake Supabase client (or running these as integration tests).
00:10 +123 ~70: /Users/nguyenanhkiet/Playground/grex/test/core/services/retry_service_test.dart: RetryService should cap delay at maximum
00:10 +123 ~70: /Users/nguyenanhkiet/Playground/grex/test/core/services/real_time_service_test.dart: SupabaseRealTimeService Table Subscriptions should subscribe to group-specific data
  Skip: TODO(supabase): SupabaseRealTimeService depends on a real Supabase client; tests fail at construction because no Supabase instance is initialized in the test binding. Re-enable after wiring a fake Supabase client (or running these as integration tests).
00:10 +123 ~71: /Users/nguyenanhkiet/Playground/grex/test/core/services/retry_service_test.dart: RetryService should cap delay at maximum
00:10 +123 ~71: /Users/nguyenanhkiet/Playground/grex/test/core/services/real_time_service_test.dart: SupabaseRealTimeService Table Subscriptions should unsubscribe existing channel when resubscribing
  Skip: TODO(supabase): SupabaseRealTimeService depends on a real Supabase client; tests fail at construction because no Supabase instance is initialized in the test binding. Re-enable after wiring a fake Supabase client (or running these as integration tests).
00:10 +123 ~72: /Users/nguyenanhkiet/Playground/grex/test/core/services/retry_service_test.dart: RetryService should cap delay at maximum
00:10 +123 ~72: /Users/nguyenanhkiet/Playground/grex/test/core/services/real_time_service_test.dart: SupabaseRealTimeService Offline Queue Management should queue change when offline
  Skip: TODO(supabase): SupabaseRealTimeService depends on a real Supabase client; tests fail at construction because no Supabase instance is initialized in the test binding. Re-enable after wiring a fake Supabase client (or running these as integration tests).
00:10 +123 ~73: /Users/nguyenanhkiet/Playground/grex/test/core/services/retry_service_test.dart: RetryService should cap delay at maximum
00:10 +123 ~73: /Users/nguyenanhkiet/Playground/grex/test/core/services/real_time_service_test.dart: SupabaseRealTimeService Offline Queue Management should load queued changes on start
  Skip: TODO(supabase): SupabaseRealTimeService depends on a real Supabase client; tests fail at construction because no Supabase instance is initialized in the test binding. Re-enable after wiring a fake Supabase client (or running these as integration tests).
00:10 +123 ~74: /Users/nguyenanhkiet/Playground/grex/test/core/services/retry_service_test.dart: RetryService should cap delay at maximum
00:10 +123 ~74: /Users/nguyenanhkiet/Playground/grex/test/core/services/real_time_service_test.dart: SupabaseRealTimeService Offline Queue Management should clear queued changes
  Skip: TODO(supabase): SupabaseRealTimeService depends on a real Supabase client; tests fail at construction because no Supabase instance is initialized in the test binding. Re-enable after wiring a fake Supabase client (or running these as integration tests).
00:10 +123 ~75: /Users/nguyenanhkiet/Playground/grex/test/core/services/retry_service_test.dart: RetryService should cap delay at maximum
00:10 +123 ~75: /Users/nguyenanhkiet/Playground/grex/test/core/services/real_time_service_test.dart: SupabaseRealTimeService Offline Queue Management should limit queue size to prevent memory issues
  Skip: TODO(supabase): SupabaseRealTimeService depends on a real Supabase client; tests fail at construction because no Supabase instance is initialized in the test binding. Re-enable after wiring a fake Supabase client (or running these as integration tests).
00:10 +123 ~76: /Users/nguyenanhkiet/Playground/grex/test/core/services/retry_service_test.dart: RetryService should cap delay at maximum
00:10 +123 ~76: /Users/nguyenanhkiet/Playground/grex/test/core/services/real_time_service_test.dart: SupabaseRealTimeService Change Synchronization should sync INSERT operation
  Skip: TODO(supabase): SupabaseRealTimeService depends on a real Supabase client; tests fail at construction because no Supabase instance is initialized in the test binding. Re-enable after wiring a fake Supabase client (or running these as integration tests).
00:10 +123 ~77: /Users/nguyenanhkiet/Playground/grex/test/core/services/retry_service_test.dart: RetryService should cap delay at maximum
00:10 +123 ~77: /Users/nguyenanhkiet/Playground/grex/test/core/services/real_time_service_test.dart: SupabaseRealTimeService Change Synchronization should sync UPDATE operation
  Skip: TODO(supabase): SupabaseRealTimeService depends on a real Supabase client; tests fail at construction because no Supabase instance is initialized in the test binding. Re-enable after wiring a fake Supabase client (or running these as integration tests).
00:10 +123 ~78: /Users/nguyenanhkiet/Playground/grex/test/core/services/retry_service_test.dart: RetryService should cap delay at maximum
00:10 +123 ~78: /Users/nguyenanhkiet/Playground/grex/test/core/services/real_time_service_test.dart: SupabaseRealTimeService Change Synchronization should sync DELETE operation
  Skip: TODO(supabase): SupabaseRealTimeService depends on a real Supabase client; tests fail at construction because no Supabase instance is initialized in the test binding. Re-enable after wiring a fake Supabase client (or running these as integration tests).
00:10 +123 ~79: /Users/nguyenanhkiet/Playground/grex/test/core/services/retry_service_test.dart: RetryService should cap delay at maximum
00:10 +123 ~79: /Users/nguyenanhkiet/Playground/grex/test/core/services/real_time_service_test.dart: SupabaseRealTimeService Change Synchronization should remove synced changes from queue
  Skip: TODO(supabase): SupabaseRealTimeService depends on a real Supabase client; tests fail at construction because no Supabase instance is initialized in the test binding. Re-enable after wiring a fake Supabase client (or running these as integration tests).
00:10 +123 ~80: /Users/nguyenanhkiet/Playground/grex/test/core/services/retry_service_test.dart: RetryService should cap delay at maximum
00:10 +123 ~80: /Users/nguyenanhkiet/Playground/grex/test/core/services/real_time_service_test.dart: SupabaseRealTimeService Change Synchronization should keep changes in queue if sync fails
  Skip: TODO(supabase): SupabaseRealTimeService depends on a real Supabase client; tests fail at construction because no Supabase instance is initialized in the test binding. Re-enable after wiring a fake Supabase client (or running these as integration tests).
00:10 +123 ~81: /Users/nguyenanhkiet/Playground/grex/test/core/services/retry_service_test.dart: RetryService should cap delay at maximum
00:10 +123 ~81: /Users/nguyenanhkiet/Playground/grex/test/core/services/real_time_service_test.dart: SupabaseRealTimeService Connection State Management should emit connection state changes
  Skip: TODO(supabase): SupabaseRealTimeService depends on a real Supabase client; tests fail at construction because no Supabase instance is initialized in the test binding. Re-enable after wiring a fake Supabase client (or running these as integration tests).
00:10 +123 ~82: /Users/nguyenanhkiet/Playground/grex/test/core/services/retry_service_test.dart: RetryService should cap delay at maximum
00:10 +123 ~82: /Users/nguyenanhkiet/Playground/grex/test/core/services/real_time_service_test.dart: SupabaseRealTimeService Connection State Management should handle reconnection attempts
  Skip: TODO(supabase): SupabaseRealTimeService depends on a real Supabase client; tests fail at construction because no Supabase instance is initialized in the test binding. Re-enable after wiring a fake Supabase client (or running these as integration tests).
00:10 +123 ~83: /Users/nguyenanhkiet/Playground/grex/test/core/services/retry_service_test.dart: RetryService should cap delay at maximum
00:10 +123 ~83: /Users/nguyenanhkiet/Playground/grex/test/core/services/real_time_service_test.dart: SupabaseRealTimeService Connection State Management should not start if already disposed
  Skip: TODO(supabase): SupabaseRealTimeService depends on a real Supabase client; tests fail at construction because no Supabase instance is initialized in the test binding. Re-enable after wiring a fake Supabase client (or running these as integration tests).
00:10 +123 ~84: /Users/nguyenanhkiet/Playground/grex/test/core/services/retry_service_test.dart: RetryService should cap delay at maximum
00:10 +123 ~84: /Users/nguyenanhkiet/Playground/grex/test/core/services/real_time_service_test.dart: SupabaseRealTimeService Error Handling should handle storage errors gracefully
  Skip: TODO(supabase): SupabaseRealTimeService depends on a real Supabase client; tests fail at construction because no Supabase instance is initialized in the test binding. Re-enable after wiring a fake Supabase client (or running these as integration tests).
00:10 +123 ~85: /Users/nguyenanhkiet/Playground/grex/test/core/services/retry_service_test.dart: RetryService should cap delay at maximum
00:10 +123 ~85: /Users/nguyenanhkiet/Playground/grex/test/core/services/real_time_service_test.dart: SupabaseRealTimeService Error Handling should handle load errors gracefully
  Skip: TODO(supabase): SupabaseRealTimeService depends on a real Supabase client; tests fail at construction because no Supabase instance is initialized in the test binding. Re-enable after wiring a fake Supabase client (or running these as integration tests).
00:10 +123 ~86: /Users/nguyenanhkiet/Playground/grex/test/core/services/retry_service_test.dart: RetryService should cap delay at maximum
00:10 +124 ~86: /Users/nguyenanhkiet/Playground/grex/test/core/services/retry_service_test.dart: RetryService should cap delay at maximum
00:10 +125 ~86: /Users/nguyenanhkiet/Playground/grex/test/core/services/retry_service_test.dart: RetryService should cap delay at maximum
00:10 +126 ~86: /Users/nguyenanhkiet/Playground/grex/test/core/services/retry_service_test.dart: RetryService should cap delay at maximum
00:10 +127 ~86: /Users/nguyenanhkiet/Playground/grex/test/core/services/retry_service_test.dart: RetryService should cap delay at maximum
00:11 +127 ~86: /Users/nguyenanhkiet/Playground/grex/test/core/widgets/error_display_widget_test.dart: ErrorDisplayWidget should display authentication error correctly
  Skip: TODO(failure-types): test passes feature-level AuthFailure subtypes (InvalidCredentialsFailure from features/auth/domain/entities) but ErrorDisplayWidget pattern-matches on the core/errors/failures.dart AuthFailure hierarchy. Two AuthFailure classes collide — unify the failure types before re-enabling.
00:11 +127 ~87: /Users/nguyenanhkiet/Playground/grex/test/core/services/retry_service_test.dart: RetryService should cap delay at maximum
00:11 +127 ~87: /Users/nguyenanhkiet/Playground/grex/test/core/widgets/error_display_widget_test.dart: ErrorDisplayWidget should display network error correctly
  Skip: TODO(failure-types): test passes feature-level AuthFailure subtypes (InvalidCredentialsFailure from features/auth/domain/entities) but ErrorDisplayWidget pattern-matches on the core/errors/failures.dart AuthFailure hierarchy. Two AuthFailure classes collide — unify the failure types before re-enabling.
00:11 +127 ~88: /Users/nguyenanhkiet/Playground/grex/test/core/services/retry_service_test.dart: RetryService should cap delay at maximum
00:11 +127 ~88: /Users/nguyenanhkiet/Playground/grex/test/core/widgets/error_display_widget_test.dart: ErrorDisplayWidget should display user error correctly
  Skip: TODO(failure-types): test passes feature-level AuthFailure subtypes (InvalidCredentialsFailure from features/auth/domain/entities) but ErrorDisplayWidget pattern-matches on the core/errors/failures.dart AuthFailure hierarchy. Two AuthFailure classes collide — unify the failure types before re-enabling.
00:11 +127 ~89: /Users/nguyenanhkiet/Playground/grex/test/core/services/retry_service_test.dart: RetryService should cap delay at maximum
00:11 +127 ~89: /Users/nguyenanhkiet/Playground/grex/test/core/widgets/error_display_widget_test.dart: ErrorDisplayWidget should display custom message when provided
  Skip: TODO(failure-types): test passes feature-level AuthFailure subtypes (InvalidCredentialsFailure from features/auth/domain/entities) but ErrorDisplayWidget pattern-matches on the core/errors/failures.dart AuthFailure hierarchy. Two AuthFailure classes collide — unify the failure types before re-enabling.
00:11 +127 ~90: /Users/nguyenanhkiet/Playground/grex/test/core/services/retry_service_test.dart: RetryService should cap delay at maximum
00:11 +127 ~90: /Users/nguyenanhkiet/Playground/grex/test/core/widgets/error_display_widget_test.dart: ErrorDisplayWidget should show dismiss button when enabled
  Skip: TODO(failure-types): test passes feature-level AuthFailure subtypes (InvalidCredentialsFailure from features/auth/domain/entities) but ErrorDisplayWidget pattern-matches on the core/errors/failures.dart AuthFailure hierarchy. Two AuthFailure classes collide — unify the failure types before re-enabling.
00:11 +127 ~91: /Users/nguyenanhkiet/Playground/grex/test/core/services/retry_service_test.dart: RetryService should cap delay at maximum
00:11 +127 ~91: /Users/nguyenanhkiet/Playground/grex/test/core/widgets/error_display_widget_test.dart: ErrorDisplayWidget should handle different auth failure types
  Skip: TODO(failure-types): test passes feature-level AuthFailure subtypes (InvalidCredentialsFailure from features/auth/domain/entities) but ErrorDisplayWidget pattern-matches on the core/errors/failures.dart AuthFailure hierarchy. Two AuthFailure classes collide — unify the failure types before re-enabling.
00:11 +127 ~92: /Users/nguyenanhkiet/Playground/grex/test/core/services/retry_service_test.dart: RetryService should cap delay at maximum
00:11 +127 ~92: /Users/nguyenanhkiet/Playground/grex/test/core/widgets/error_display_widget_test.dart: ErrorDisplayWidget should handle generic errors
  Skip: TODO(failure-types): test passes feature-level AuthFailure subtypes (InvalidCredentialsFailure from features/auth/domain/entities) but ErrorDisplayWidget pattern-matches on the core/errors/failures.dart AuthFailure hierarchy. Two AuthFailure classes collide — unify the failure types before re-enabling.
00:11 +127 ~93: /Users/nguyenanhkiet/Playground/grex/test/core/services/retry_service_test.dart: RetryService should cap delay at maximum
00:11 +127 ~93: /Users/nguyenanhkiet/Playground/grex/test/core/widgets/error_display_widget_test.dart: ErrorDisplayWidget should handle null errors gracefully
  Skip: TODO(failure-types): test passes feature-level AuthFailure subtypes (InvalidCredentialsFailure from features/auth/domain/entities) but ErrorDisplayWidget pattern-matches on the core/errors/failures.dart AuthFailure hierarchy. Two AuthFailure classes collide — unify the failure types before re-enabling.
00:11 +127 ~94: /Users/nguyenanhkiet/Playground/grex/test/core/services/retry_service_test.dart: RetryService should cap delay at maximum
00:11 +127 ~94: /Users/nguyenanhkiet/Playground/grex/test/core/widgets/error_display_widget_test.dart: ErrorDisplayWidget should apply correct styling for different error types
  Skip: TODO(failure-types): test passes feature-level AuthFailure subtypes (InvalidCredentialsFailure from features/auth/domain/entities) but ErrorDisplayWidget pattern-matches on the core/errors/failures.dart AuthFailure hierarchy. Two AuthFailure classes collide — unify the failure types before re-enabling.
00:11 +127 ~95: /Users/nguyenanhkiet/Playground/grex/test/core/services/retry_service_test.dart: RetryService should cap delay at maximum
00:11 +128 ~95: /Users/nguyenanhkiet/Playground/grex/test/core/services/retry_service_test.dart: RetryService shouldRetryError should retry network errors
00:11 +129 ~95: /Users/nguyenanhkiet/Playground/grex/test/core/services/retry_service_test.dart: RetryService shouldRetryError should retry timeout errors
00:11 +130 ~95: /Users/nguyenanhkiet/Playground/grex/test/core/services/retry_service_test.dart: RetryService shouldRetryError should retry connection errors
00:11 +131 ~95: /Users/nguyenanhkiet/Playground/grex/test/core/services/retry_service_test.dart: RetryService shouldRetryError should not retry auth errors
00:11 +132 ~95: /Users/nguyenanhkiet/Playground/grex/test/core/services/retry_service_test.dart: RetryService shouldRetryError should not retry validation errors
00:11 +133 ~95: /Users/nguyenanhkiet/Playground/grex/test/core/services/retry_service_test.dart: RetryService shouldRetryError should not retry unknown errors by default
00:11 +134 ~95: /Users/nguyenanhkiet/Playground/grex/test/core/services/retry_service_test.dart: RetryService RetryConfigs should have predefined network config
00:11 +135 ~95: /Users/nguyenanhkiet/Playground/grex/test/core/services/retry_service_test.dart: RetryService RetryConfigs should have predefined auth config
00:11 +136 ~95: /Users/nguyenanhkiet/Playground/grex/test/core/services/retry_service_test.dart: RetryService RetryConfigs should have predefined database config
00:11 +137 ~95: /Users/nguyenanhkiet/Playground/grex/test/core/services/retry_service_test.dart: RetryService RetryConfigs should have predefined quick config
00:11 +138 ~95: /Users/nguyenanhkiet/Playground/grex/test/core/services/retry_service_test.dart: RetryService should handle async operations correctly
00:11 +139 ~95: /Users/nguyenanhkiet/Playground/grex/test/core/services/retry_service_test.dart: RetryService should handle different return types
00:11 +140 ~95: /Users/nguyenanhkiet/Playground/grex/test/security/privacy_compliance_test.dart: Privacy Compliance Tests Data Collection Compliance should collect only necessary data from OAuth providers
00:11 +141 ~95: /Users/nguyenanhkiet/Playground/grex/test/security/privacy_compliance_test.dart: Privacy Compliance Tests Data Collection Compliance should request minimal OAuth scopes
00:11 +142 ~95: /Users/nguyenanhkiet/Playground/grex/test/security/privacy_compliance_test.dart: Privacy Compliance Tests User Consent Compliance should require explicit consent for profile setup
00:11 +143 ~95: /Users/nguyenanhkiet/Playground/grex/test/security/privacy_compliance_test.dart: Privacy Compliance Tests User Consent Compliance should allow users to cancel profile setup
00:11 +144 ~95: /Users/nguyenanhkiet/Playground/grex/test/security/privacy_compliance_test.dart: Privacy Compliance Tests Data Deletion Compliance should support complete data deletion on account deletion
00:11 +145 ~95: /Users/nguyenanhkiet/Playground/grex/test/security/privacy_compliance_test.dart: Privacy Compliance Tests Data Deletion Compliance should clear all cached data on account deletion
00:11 +146 ~95: /Users/nguyenanhkiet/Playground/grex/test/security/privacy_compliance_test.dart: Privacy Compliance Tests GDPR Compliance should provide data portability
00:11 +147 ~95: /Users/nguyenanhkiet/Playground/grex/test/security/privacy_compliance_test.dart: Privacy Compliance Tests GDPR Compliance should support right to rectification
00:11 +148 ~95: /Users/nguyenanhkiet/Playground/grex/test/security/privacy_compliance_test.dart: Privacy Compliance Tests GDPR Compliance should provide transparent data processing information
00:11 +149 ~95: /Users/nguyenanhkiet/Playground/grex/test/security/privacy_compliance_test.dart: Privacy Compliance Tests CCPA Compliance should support right to know
00:11 +150 ~95: /Users/nguyenanhkiet/Playground/grex/test/security/privacy_compliance_test.dart: Privacy Compliance Tests CCPA Compliance should support right to delete
00:11 +151 ~95: /Users/nguyenanhkiet/Playground/grex/test/security/privacy_compliance_test.dart: Privacy Compliance Tests CCPA Compliance should not sell personal information
00:11 +152 ~95: /Users/nguyenanhkiet/Playground/grex/test/security/privacy_compliance_test.dart: Privacy Compliance Tests Provider Terms Compliance should comply with Google OAuth terms
00:11 +153 ~95: /Users/nguyenanhkiet/Playground/grex/test/security/privacy_compliance_test.dart: Privacy Compliance Tests Provider Terms Compliance should comply with Apple Sign In terms
00:11 +154 ~95: /Users/nguyenanhkiet/Playground/grex/test/security/privacy_compliance_test.dart: Privacy Compliance Tests Data Minimization should not collect unnecessary personal data
00:11 +155 ~95: /Users/nguyenanhkiet/Playground/grex/test/security/privacy_compliance_test.dart: Privacy Compliance Tests Data Minimization should have data retention policies
00:12 +156 ~95: /Users/nguyenanhkiet/Playground/grex/test/features/feature_flags/data/datasources/feature_flags_remote_datasource_test.dart: FeatureFlagsRemoteDataSourceImpl initialize should initialize with default values
00:13 +157 ~95: /Users/nguyenanhkiet/Playground/grex/test/features/feature_flags/data/datasources/feature_flags_remote_datasource_test.dart: FeatureFlagsRemoteDataSourceImpl initialize should initialize without default values
00:13 +158 ~95: /Users/nguyenanhkiet/Playground/grex/test/features/feature_flags/data/datasources/feature_flags_remote_datasource_test.dart: FeatureFlagsRemoteDataSourceImpl initialize should handle initialization errors gracefully
00:13 +159 ~95: /Users/nguyenanhkiet/Playground/grex/test/features/feature_flags/data/datasources/feature_flags_remote_datasource_test.dart: FeatureFlagsRemoteDataSourceImpl initialize should not reinitialize if already initialized
00:13 +160 ~95: /Users/nguyenanhkiet/Playground/grex/test/features/feature_flags/data/datasources/feature_flags_remote_datasource_test.dart: FeatureFlagsRemoteDataSourceImpl fetchAndActivate should fetch and activate when initialized
00:13 +161 ~95: /Users/nguyenanhkiet/Playground/grex/test/features/feature_flags/data/datasources/feature_flags_remote_datasource_test.dart: FeatureFlagsRemoteDataSourceImpl fetchAndActivate should handle fetch errors gracefully
00:13 +162 ~95: /Users/nguyenanhkiet/Playground/grex/test/features/feature_flags/data/datasources/feature_flags_remote_datasource_test.dart: FeatureFlagsRemoteDataSourceImpl fetchAndActivate should return early if not initialized
00:13 +163 ~95: /Users/nguyenanhkiet/Playground/grex/test/features/feature_flags/data/datasources/feature_flags_remote_datasource_test.dart: FeatureFlagsRemoteDataSourceImpl getRemoteFlag should return null when not initialized
00:13 +164 ~95: /Users/nguyenanhkiet/Playground/grex/test/features/feature_flags/data/datasources/feature_flags_remote_datasource_test.dart: FeatureFlagsRemoteDataSourceImpl getRemoteFlag should handle getBool errors gracefully
00:13 +165 ~95: /Users/nguyenanhkiet/Playground/grex/test/features/feature_flags/data/datasources/feature_flags_remote_datasource_test.dart: FeatureFlagsRemoteDataSourceImpl getAllRemoteFlags should return empty map when not initialized
00:13 +166 ~95: /Users/nguyenanhkiet/Playground/grex/test/features/feature_flags/data/datasources/feature_flags_remote_datasource_test.dart: FeatureFlagsRemoteDataSourceImpl getAllRemoteFlags should handle getAll errors gracefully
00:13 +167 ~95: /Users/nguyenanhkiet/Playground/grex/test/features/feature_flags/data/datasources/feature_flags_remote_datasource_test.dart: FeatureFlagsRemoteDataSourceImpl setDefaults should add defaults to internal map
00:13 +168 ~95: /Users/nguyenanhkiet/Playground/grex/test/features/feature_flags/data/datasources/feature_flags_remote_datasource_test.dart: FeatureFlagsRemoteDataSourceImpl setDefaults should merge with existing defaults
00:13 +169 ~95: /Users/nguyenanhkiet/Playground/grex/test/features/feature_flags/data/datasources/feature_flags_remote_datasource_test.dart: FeatureFlagsRemoteDataSourceImpl setDefaults should handle empty defaults
00:13 +170 ~95: /Users/nguyenanhkiet/Playground/grex/test/features/feature_flags/data/datasources/feature_flags_remote_datasource_test.dart: FeatureFlagsRemoteDataSourceImpl remoteConfig getter should throw StateError when not initialized
00:13 +171 ~95: /Users/nguyenanhkiet/Playground/grex/test/features/feature_flags/data/datasources/feature_flags_remote_datasource_test.dart: FeatureFlagsRemoteDataSourceImpl Edge Cases should handle multiple initialize calls
00:13 +172 ~95: /Users/nguyenanhkiet/Playground/grex/test/features/feature_flags/data/datasources/feature_flags_remote_datasource_test.dart: FeatureFlagsRemoteDataSourceImpl Edge Cases should handle fetchAndActivate multiple times
00:13 +173 ~95: /Users/nguyenanhkiet/Playground/grex/test/features/feature_flags/data/datasources/feature_flags_remote_datasource_test.dart: FeatureFlagsRemoteDataSourceImpl Edge Cases should handle getRemoteFlag with empty key
00:13 +174 ~95: /Users/nguyenanhkiet/Playground/grex/test/features/feature_flags/data/datasources/feature_flags_remote_datasource_test.dart: FeatureFlagsRemoteDataSourceImpl Edge Cases should handle getRemoteFlag with special characters
00:13 +175 ~95: /Users/nguyenanhkiet/Playground/grex/test/features/feature_flags/data/datasources/feature_flags_remote_datasource_test.dart: FeatureFlagsRemoteDataSourceImpl Edge Cases should handle setDefaults with null values
00:13 +176 ~95: /Users/nguyenanhkiet/Playground/grex/test/features/feature_flags/data/datasources/feature_flags_local_datasource_test.dart: FeatureFlagsLocalDataSourceImpl getLocalOverride should return true when value is "true"
00:13 +177 ~95: /Users/nguyenanhkiet/Playground/grex/test/features/feature_flags/data/datasources/feature_flags_local_datasource_test.dart: FeatureFlagsLocalDataSourceImpl getLocalOverride should return false when value is "false"
00:13 +178 ~95: /Users/nguyenanhkiet/Playground/grex/test/features/feature_flags/data/datasources/feature_flags_local_datasource_test.dart: FeatureFlagsLocalDataSourceImpl getLocalOverride should return null when value is null
00:13 +179 ~95: /Users/nguyenanhkiet/Playground/grex/test/features/feature_flags/data/datasources/feature_flags_local_datasource_test.dart: FeatureFlagsLocalDataSourceImpl getLocalOverride should return null when value is empty string
00:13 +180 ~95: /Users/nguyenanhkiet/Playground/grex/test/features/feature_flags/data/datasources/feature_flags_local_datasource_test.dart: FeatureFlagsLocalDataSourceImpl getLocalOverride should handle different keys
00:13 +181 ~95: /Users/nguyenanhkiet/Playground/grex/test/features/feature_flags/data/datasources/feature_flags_local_datasource_test.dart: FeatureFlagsLocalDataSourceImpl setLocalOverride should set override value to true
00:13 +182 ~95: /Users/nguyenanhkiet/Playground/grex/test/features/feature_flags/data/datasources/feature_flags_local_datasource_test.dart: FeatureFlagsLocalDataSourceImpl setLocalOverride should set override value to false
00:13 +183 ~95: /Users/nguyenanhkiet/Playground/grex/test/features/feature_flags/data/datasources/feature_flags_local_datasource_test.dart: FeatureFlagsLocalDataSourceImpl setLocalOverride should add key to tracking list when setting override
00:13 +184 ~95: /Users/nguyenanhkiet/Playground/grex/test/features/feature_flags/data/datasources/feature_flags_local_datasource_test.dart: FeatureFlagsLocalDataSourceImpl setLocalOverride should not add duplicate key to tracking list
00:13 +185 ~95: /Users/nguyenanhkiet/Playground/grex/test/features/feature_flags/data/datasources/feature_flags_local_datasource_test.dart: FeatureFlagsLocalDataSourceImpl clearLocalOverride should remove override key
00:13 +186 ~95: /Users/nguyenanhkiet/Playground/grex/test/features/feature_flags/data/datasources/feature_flags_local_datasource_test.dart: FeatureFlagsLocalDataSourceImpl clearLocalOverride should remove key from tracking list
00:13 +187 ~95: /Users/nguyenanhkiet/Playground/grex/test/features/feature_flags/data/datasources/feature_flags_local_datasource_test.dart: FeatureFlagsLocalDataSourceImpl clearLocalOverride should remove keys list when last key is removed
00:13 +188 ~95: /Users/nguyenanhkiet/Playground/grex/test/features/feature_flags/data/datasources/feature_flags_local_datasource_test.dart: FeatureFlagsLocalDataSourceImpl clearLocalOverride should handle clearing non-existent key
00:13 +189 ~95: /Users/nguyenanhkiet/Playground/grex/test/features/feature_flags/data/datasources/feature_flags_local_datasource_test.dart: FeatureFlagsLocalDataSourceImpl clearAllLocalOverrides should remove all override keys
00:13 +190 ~95: /Users/nguyenanhkiet/Playground/grex/test/features/feature_flags/data/datasources/feature_flags_local_datasource_test.dart: FeatureFlagsLocalDataSourceImpl clearAllLocalOverrides should handle empty keys list
00:13 +191 ~95: /Users/nguyenanhkiet/Playground/grex/test/features/feature_flags/data/datasources/feature_flags_local_datasource_test.dart: FeatureFlagsLocalDataSourceImpl clearAllLocalOverrides should handle null keys list
00:13 +192 ~95: /Users/nguyenanhkiet/Playground/grex/test/features/feature_flags/data/datasources/feature_flags_local_datasource_test.dart: FeatureFlagsLocalDataSourceImpl getAllLocalOverrides should return all overrides
00:13 +193 ~95: /Users/nguyenanhkiet/Playground/grex/test/features/feature_flags/data/datasources/feature_flags_local_datasource_test.dart: FeatureFlagsLocalDataSourceImpl getAllLocalOverrides should skip null values
00:13 +194 ~95: /Users/nguyenanhkiet/Playground/grex/test/features/feature_flags/data/datasources/feature_flags_local_datasource_test.dart: FeatureFlagsLocalDataSourceImpl getAllLocalOverrides should return empty map when no keys
00:13 +195 ~95: /Users/nguyenanhkiet/Playground/grex/test/features/feature_flags/data/datasources/feature_flags_local_datasource_test.dart: FeatureFlagsLocalDataSourceImpl getAllLocalOverrides should return empty map when keys list is null
00:13 +196 ~95: /Users/nguyenanhkiet/Playground/grex/test/features/feature_flags/data/datasources/feature_flags_local_datasource_test.dart: FeatureFlagsLocalDataSourceImpl getAllLocalOverrides should handle multiple overrides
00:13 +197 ~95: /Users/nguyenanhkiet/Playground/grex/test/features/feature_flags/data/datasources/feature_flags_local_datasource_test.dart: FeatureFlagsLocalDataSourceImpl Edge Cases should handle special characters in key
00:13 +198 ~95: /Users/nguyenanhkiet/Playground/grex/test/features/feature_flags/data/datasources/feature_flags_local_datasource_test.dart: FeatureFlagsLocalDataSourceImpl Edge Cases should handle very long key names
00:13 +199 ~95: /Users/nguyenanhkiet/Playground/grex/test/features/feature_flags/data/datasources/feature_flags_local_datasource_test.dart: FeatureFlagsLocalDataSourceImpl Edge Cases should handle empty key
00:13 +200 ~95: /Users/nguyenanhkiet/Playground/grex/test/features/feature_flags/data/repositories/feature_flags_repository_impl_test.dart: FeatureFlagsRepositoryImpl getFlag should return local override when available
00:13 +201 ~95: /Users/nguyenanhkiet/Playground/grex/test/features/feature_flags/data/repositories/feature_flags_repository_impl_test.dart: FeatureFlagsRepositoryImpl getFlag should return remote config when local override not available
00:13 +202 ~95: /Users/nguyenanhkiet/Playground/grex/test/features/feature_flags/data/repositories/feature_flags_repository_impl_test.dart: FeatureFlagsRepositoryImpl getFlag should return local flag when remote and override not available
00:13 +203 ~95: /Users/nguyenanhkiet/Playground/grex/test/features/feature_flags/data/repositories/feature_flags_repository_impl_test.dart: FeatureFlagsRepositoryImpl getFlag should return local flag from LocalFeatureFlagsService when available
00:13 +204 ~95: /Users/nguyenanhkiet/Playground/grex/test/features/feature_flags/data/repositories/feature_flags_repository_impl_test.dart: FeatureFlagsRepositoryImpl getFlag should return NotFoundFailure when flag not found
00:13 +205 ~95: /Users/nguyenanhkiet/Playground/grex/test/features/feature_flags/data/repositories/feature_flags_repository_impl_test.dart: FeatureFlagsRepositoryImpl getFlag should handle exceptions and map to failures
00:13 +206 ~95: /Users/nguyenanhkiet/Playground/grex/test/features/feature_flags/data/repositories/feature_flags_repository_impl_test.dart: FeatureFlagsRepositoryImpl getFlags should return map of flags for multiple keys
00:13 +207 ~95: /Users/nguyenanhkiet/Playground/grex/test/features/feature_flags/data/repositories/feature_flags_repository_impl_test.dart: FeatureFlagsRepositoryImpl getFlags should skip flags that do not exist
00:13 +208 ~95: /Users/nguyenanhkiet/Playground/grex/test/features/feature_flags/data/repositories/feature_flags_repository_impl_test.dart: FeatureFlagsRepositoryImpl getFlags should handle exceptions
00:13 +209 ~95: /Users/nguyenanhkiet/Playground/grex/test/features/feature_flags/data/repositories/feature_flags_repository_impl_test.dart: FeatureFlagsRepositoryImpl getFlags should throw exception when getFlag returns non-NotFoundFailure
00:13 +210 ~95: /Users/nguyenanhkiet/Playground/grex/test/features/feature_flags/data/repositories/feature_flags_repository_impl_test.dart: FeatureFlagsRepositoryImpl getAllFlags should return all flags with correct priority
00:13 +211 ~95: /Users/nguyenanhkiet/Playground/grex/test/features/feature_flags/data/repositories/feature_flags_repository_impl_test.dart: FeatureFlagsRepositoryImpl getAllFlags should handle exceptions
00:13 +212 ~95: /Users/nguyenanhkiet/Playground/grex/test/features/feature_flags/data/repositories/feature_flags_repository_impl_test.dart: FeatureFlagsRepositoryImpl refreshRemoteFlags should fetch and activate remote flags
00:13 +213 ~95: /Users/nguyenanhkiet/Playground/grex/test/features/feature_flags/data/repositories/feature_flags_repository_impl_test.dart: FeatureFlagsRepositoryImpl refreshRemoteFlags should handle exceptions
00:13 +214 ~95: /Users/nguyenanhkiet/Playground/grex/test/features/feature_flags/data/repositories/feature_flags_repository_impl_test.dart: FeatureFlagsRepositoryImpl setLocalOverride should set local override
00:13 +215 ~95: /Users/nguyenanhkiet/Playground/grex/test/features/feature_flags/data/repositories/feature_flags_repository_impl_test.dart: FeatureFlagsRepositoryImpl setLocalOverride should handle exceptions
00:13 +216 ~95: /Users/nguyenanhkiet/Playground/grex/test/features/feature_flags/data/repositories/feature_flags_repository_impl_test.dart: FeatureFlagsRepositoryImpl clearLocalOverride should clear local override
00:13 +217 ~95: /Users/nguyenanhkiet/Playground/grex/test/features/feature_flags/data/repositories/feature_flags_repository_impl_test.dart: FeatureFlagsRepositoryImpl clearLocalOverride should handle exceptions
00:13 +218 ~95: /Users/nguyenanhkiet/Playground/grex/test/features/feature_flags/data/repositories/feature_flags_repository_impl_test.dart: FeatureFlagsRepositoryImpl clearAllLocalOverrides should clear all local overrides
00:13 +219 ~95: /Users/nguyenanhkiet/Playground/grex/test/features/feature_flags/data/repositories/feature_flags_repository_impl_test.dart: FeatureFlagsRepositoryImpl clearAllLocalOverrides should handle exceptions
00:13 +220 ~95: /Users/nguyenanhkiet/Playground/grex/test/features/feature_flags/data/repositories/feature_flags_repository_impl_test.dart: FeatureFlagsRepositoryImpl isEnabled should return true when flag is enabled
00:13 +221 ~95: /Users/nguyenanhkiet/Playground/grex/test/features/feature_flags/data/repositories/feature_flags_repository_impl_test.dart: FeatureFlagsRepositoryImpl isEnabled should return false when flag is disabled
00:13 +222 ~95: /Users/nguyenanhkiet/Playground/grex/test/features/feature_flags/data/repositories/feature_flags_repository_impl_test.dart: FeatureFlagsRepositoryImpl isEnabled should handle exceptions
00:13 +223 ~95: /Users/nguyenanhkiet/Playground/grex/test/features/feature_flags/data/repositories/feature_flags_repository_impl_test.dart: FeatureFlagsRepositoryImpl initialize should initialize remote data source and fetch flags
00:13 +224 ~95: /Users/nguyenanhkiet/Playground/grex/test/features/feature_flags/data/repositories/feature_flags_repository_impl_test.dart: FeatureFlagsRepositoryImpl initialize should handle exceptions during initialization
00:13 +225 ~95: /Users/nguyenanhkiet/Playground/grex/test/features/feature_flags/data/repositories/feature_flags_repository_impl_test.dart: FeatureFlagsRepositoryImpl initialize should handle exceptions during fetch
00:13 +226 ~95: /Users/nguyenanhkiet/Playground/grex/test/features/feature_flags/data/repositories/feature_flags_repository_impl_test.dart: FeatureFlagsRepositoryImpl initialize should handle non-Exception errors during initialization
00:13 +227 ~95: /Users/nguyenanhkiet/Playground/grex/test/features/feature_flags/data/repositories/feature_flags_repository_impl_test.dart: FeatureFlagsRepositoryImpl Object catch blocks getFlag should handle non-Exception errors
00:13 +228 ~95: /Users/nguyenanhkiet/Playground/grex/test/features/feature_flags/data/repositories/feature_flags_repository_impl_test.dart: FeatureFlagsRepositoryImpl Object catch blocks getFlags should handle non-Exception errors
00:13 +229 ~95: /Users/nguyenanhkiet/Playground/grex/test/features/feature_flags/data/repositories/feature_flags_repository_impl_test.dart: FeatureFlagsRepositoryImpl Object catch blocks getAllFlags should handle non-Exception errors
00:13 +230 ~95: /Users/nguyenanhkiet/Playground/grex/test/features/feature_flags/data/repositories/feature_flags_repository_impl_test.dart: FeatureFlagsRepositoryImpl Object catch blocks refreshRemoteFlags should handle non-Exception errors
00:13 +231 ~95: /Users/nguyenanhkiet/Playground/grex/test/features/feature_flags/data/repositories/feature_flags_repository_impl_test.dart: FeatureFlagsRepositoryImpl Object catch blocks setLocalOverride should handle non-Exception errors
00:13 +232 ~95: /Users/nguyenanhkiet/Playground/grex/test/features/feature_flags/data/repositories/feature_flags_repository_impl_test.dart: FeatureFlagsRepositoryImpl Object catch blocks clearLocalOverride should handle non-Exception errors
00:13 +233 ~95: /Users/nguyenanhkiet/Playground/grex/test/features/feature_flags/data/repositories/feature_flags_repository_impl_test.dart: FeatureFlagsRepositoryImpl Object catch blocks clearAllLocalOverrides should handle non-Exception errors
00:13 +234 ~95: /Users/nguyenanhkiet/Playground/grex/test/features/feature_flags/data/repositories/feature_flags_repository_impl_test.dart: FeatureFlagsRepositoryImpl Object catch blocks isEnabled should handle non-Exception errors
00:13 +235 ~95: /Users/nguyenanhkiet/Playground/grex/test/features/feature_flags/data/repositories/feature_flags_repository_impl_test.dart: FeatureFlagsRepositoryImpl Object catch blocks initialize should handle non-Exception errors during fetch
00:14 +236 ~95: /Users/nguyenanhkiet/Playground/grex/test/features/feature_flags/data/services/local_feature_flags_service_test.dart: LocalFeatureFlagsService getLocalFlag should return flag with compile-time default
00:14 +237 ~95: /Users/nguyenanhkiet/Playground/grex/test/features/feature_flags/data/services/local_feature_flags_service_test.dart: LocalFeatureFlagsService getLocalFlag should return flag with debug default in debug mode
00:14 +238 ~95: /Users/nguyenanhkiet/Playground/grex/test/features/feature_flags/data/services/local_feature_flags_service_test.dart: LocalFeatureFlagsService getLocalFlag should return flag with release default in release mode
00:14 +239 ~95: /Users/nguyenanhkiet/Playground/grex/test/features/feature_flags/data/services/local_feature_flags_service_test.dart: LocalFeatureFlagsService getLocalFlag should return null when no defaults provided
00:14 +240 ~95: /Users/nguyenanhkiet/Playground/grex/test/features/feature_flags/data/services/local_feature_flags_service_test.dart: LocalFeatureFlagsService getLocalFlag should prioritize build mode over compile-time default
00:14 +241 ~95: /Users/nguyenanhkiet/Playground/grex/test/features/feature_flags/data/services/local_feature_flags_service_test.dart: LocalFeatureFlagsService getAllLocalFlags should return map of local flags
00:14 +242 ~95: /Users/nguyenanhkiet/Playground/grex/test/features/feature_flags/data/services/local_feature_flags_service_test.dart: LocalFeatureFlagsService getAllLocalFlags should include debug menu flag
00:14 +243 ~95: /Users/nguyenanhkiet/Playground/grex/test/features/feature_flags/data/services/local_feature_flags_service_test.dart: LocalFeatureFlagsService getAllLocalFlags should include experimental features flag
00:14 +244 ~95: /Users/nguyenanhkiet/Playground/grex/test/features/feature_flags/data/services/local_feature_flags_service_test.dart: LocalFeatureFlagsService getAllLocalFlags should skip flags that return null from getLocalFlag
00:14 +245 ~95: /Users/nguyenanhkiet/Playground/grex/test/features/feature_flags/data/services/local_feature_flags_service_test.dart: LocalFeatureFlagsService getAllLocalFlags should return empty map when no flag definitions exist
00:14 +246 ~95: /Users/nguyenanhkiet/Playground/grex/test/features/feature_flags/data/services/local_feature_flags_service_test.dart: LocalFeatureFlagsService LocalFlagDefinition should create definition with all properties
00:14 +247 ~95: /Users/nguyenanhkiet/Playground/grex/test/features/feature_flags/data/services/local_feature_flags_service_test.dart: LocalFeatureFlagsService LocalFlagDefinition should create definition with minimal properties
00:14 +248 ~95: /Users/nguyenanhkiet/Playground/grex/test/features/feature_flags/domain/entities/feature_flag_test.dart: FeatureFlag should create feature flag with required fields
00:14 +249 ~95: /Users/nguyenanhkiet/Playground/grex/test/features/feature_flags/domain/entities/feature_flag_test.dart: FeatureFlag should create feature flag with all fields
00:14 +250 ~95: /Users/nguyenanhkiet/Playground/grex/test/features/feature_flags/domain/entities/feature_flag_test.dart: FeatureFlag should create feature flag with false value
00:14 +251 ~95: /Users/nguyenanhkiet/Playground/grex/test/features/feature_flags/domain/entities/feature_flag_test.dart: FeatureFlag copyWith should return new flag with same values when no changes
00:14 +252 ~95: /Users/nguyenanhkiet/Playground/grex/test/features/feature_flags/domain/entities/feature_flag_test.dart: FeatureFlag copyWith should update key
00:14 +253 ~95: /Users/nguyenanhkiet/Playground/grex/test/features/feature_flags/domain/entities/feature_flag_test.dart: FeatureFlag copyWith should update value
00:14 +254 ~95: /Users/nguyenanhkiet/Playground/grex/test/features/feature_flags/domain/entities/feature_flag_test.dart: FeatureFlag copyWith should update source
00:14 +255 ~95: /Users/nguyenanhkiet/Playground/grex/test/features/feature_flags/presentation/providers/feature_flags_providers_test.dart: Feature Flags Providers Data Source Providers featureFlagsLocalDataSourceProvider should provide FeatureFlagsLocalDataSource
00:14 +256 ~95: /Users/nguyenanhkiet/Playground/grex/test/features/feature_flags/presentation/providers/feature_flags_providers_test.dart: Feature Flags Providers Data Source Providers featureFlagsLocalDataSourceProvider should provide FeatureFlagsLocalDataSource
00:14 +257 ~95: /Users/nguyenanhkiet/Playground/grex/test/features/feature_flags/presentation/providers/feature_flags_providers_test.dart: Feature Flags Providers Data Source Providers featureFlagsLocalDataSourceProvider should provide FeatureFlagsLocalDataSource
00:14 +258 ~95: /Users/nguyenanhkiet/Playground/grex/test/features/feature_flags/presentation/providers/feature_flags_providers_test.dart: Feature Flags Providers Data Source Providers featureFlagsLocalDataSourceProvider should provide FeatureFlagsLocalDataSource
00:14 +259 ~95: /Users/nguyenanhkiet/Playground/grex/test/features/feature_flags/presentation/providers/feature_flags_providers_test.dart: Feature Flags Providers Data Source Providers featureFlagsLocalDataSourceProvider should provide FeatureFlagsLocalDataSource
00:14 +260 ~95: /Users/nguyenanhkiet/Playground/grex/test/features/feature_flags/presentation/providers/feature_flags_providers_test.dart: Feature Flags Providers Data Source Providers featureFlagsLocalDataSourceProvider should provide FeatureFlagsLocalDataSource
00:14 +261 ~95: /Users/nguyenanhkiet/Playground/grex/test/features/feature_flags/presentation/providers/feature_flags_providers_test.dart: Feature Flags Providers Data Source Providers featureFlagsLocalDataSourceProvider should provide FeatureFlagsLocalDataSource
00:14 +262 ~95: /Users/nguyenanhkiet/Playground/grex/test/features/feature_flags/presentation/providers/feature_flags_providers_test.dart: Feature Flags Providers Data Source Providers featureFlagsLocalDataSourceProvider should provide FeatureFlagsLocalDataSource
00:14 +263 ~95: /Users/nguyenanhkiet/Playground/grex/test/features/feature_flags/presentation/providers/feature_flags_providers_test.dart: Feature Flags Providers Data Source Providers featureFlagsLocalDataSourceProvider should provide FeatureFlagsLocalDataSource
00:14 +264 ~95: /Users/nguyenanhkiet/Playground/grex/test/features/feature_flags/presentation/providers/feature_flags_providers_test.dart: Feature Flags Providers Data Source Providers featureFlagsLocalDataSourceProvider should provide FeatureFlagsLocalDataSource
00:14 +265 ~95: /Users/nguyenanhkiet/Playground/grex/test/features/feature_flags/presentation/providers/feature_flags_providers_test.dart: Feature Flags Providers Data Source Providers featureFlagsLocalDataSourceProvider should provide FeatureFlagsLocalDataSource
00:14 +266 ~95: /Users/nguyenanhkiet/Playground/grex/test/features/feature_flags/presentation/providers/feature_flags_providers_test.dart: Feature Flags Providers Data Source Providers featureFlagsLocalDataSourceProvider should provide FeatureFlagsLocalDataSource
00:14 +267 ~95: /Users/nguyenanhkiet/Playground/grex/test/features/feature_flags/presentation/providers/feature_flags_providers_test.dart: Feature Flags Providers Data Source Providers featureFlagsLocalDataSourceProvider should provide FeatureFlagsLocalDataSource
00:14 +268 ~95: /Users/nguyenanhkiet/Playground/grex/test/features/feature_flags/presentation/providers/feature_flags_providers_test.dart: Feature Flags Providers Data Source Providers featureFlagsLocalDataSourceProvider should provide FeatureFlagsLocalDataSource
00:14 +269 ~95: /Users/nguyenanhkiet/Playground/grex/test/features/feature_flags/presentation/providers/feature_flags_providers_test.dart: Feature Flags Providers Data Source Providers featureFlagsLocalDataSourceProvider should provide FeatureFlagsLocalDataSource
00:14 +270 ~95: /Users/nguyenanhkiet/Playground/grex/test/features/feature_flags/presentation/providers/feature_flags_providers_test.dart: Feature Flags Providers Data Source Providers featureFlagsLocalDataSourceProvider should provide FeatureFlagsLocalDataSource
00:14 +271 ~95: /Users/nguyenanhkiet/Playground/grex/test/features/feature_flags/presentation/providers/feature_flags_providers_test.dart: Feature Flags Providers Data Source Providers featureFlagsLocalDataSourceProvider should provide FeatureFlagsLocalDataSource
00:14 +272 ~95: /Users/nguyenanhkiet/Playground/grex/test/features/feature_flags/presentation/providers/feature_flags_providers_test.dart: Feature Flags Providers Data Source Providers featureFlagsLocalDataSourceProvider should provide FeatureFlagsLocalDataSource
00:14 +273 ~95: /Users/nguyenanhkiet/Playground/grex/test/features/feature_flags/presentation/providers/feature_flags_providers_test.dart: Feature Flags Providers Data Source Providers featureFlagsLocalDataSourceProvider should provide FeatureFlagsLocalDataSource
00:14 +274 ~95: /Users/nguyenanhkiet/Playground/grex/test/features/feature_flags/presentation/providers/feature_flags_providers_test.dart: Feature Flags Providers Data Source Providers featureFlagsLocalDataSourceProvider should provide FeatureFlagsLocalDataSource
00:14 +275 ~95: /Users/nguyenanhkiet/Playground/grex/test/features/feature_flags/presentation/providers/feature_flags_providers_test.dart: Feature Flags Providers Data Source Providers featureFlagsLocalDataSourceProvider should provide FeatureFlagsLocalDataSource
00:14 +276 ~95: /Users/nguyenanhkiet/Playground/grex/test/features/feature_flags/presentation/providers/feature_flags_providers_test.dart: Feature Flags Providers Data Source Providers featureFlagsLocalDataSourceProvider should provide FeatureFlagsLocalDataSource
00:14 +277 ~95: /Users/nguyenanhkiet/Playground/grex/test/features/feature_flags/presentation/providers/feature_flags_providers_test.dart: Feature Flags Providers Data Source Providers featureFlagsLocalDataSourceProvider should provide FeatureFlagsLocalDataSource
00:14 +278 ~95: /Users/nguyenanhkiet/Playground/grex/test/features/feature_flags/presentation/providers/feature_flags_providers_test.dart: Feature Flags Providers Data Source Providers featureFlagsLocalDataSourceProvider should provide FeatureFlagsLocalDataSource
00:14 +279 ~95: /Users/nguyenanhkiet/Playground/grex/test/features/feature_flags/presentation/providers/feature_flags_providers_test.dart: Feature Flags Providers Data Source Providers featureFlagsLocalDataSourceProvider should provide FeatureFlagsLocalDataSource
00:14 +280 ~95: /Users/nguyenanhkiet/Playground/grex/test/features/feature_flags/presentation/providers/feature_flags_providers_test.dart: Feature Flags Providers Data Source Providers featureFlagsLocalDataSourceProvider should provide FeatureFlagsLocalDataSource
00:14 +281 ~95: /Users/nguyenanhkiet/Playground/grex/test/features/feature_flags/presentation/providers/feature_flags_providers_test.dart: Feature Flags Providers Data Source Providers featureFlagsLocalDataSourceProvider should provide FeatureFlagsLocalDataSource
00:14 +282 ~95: /Users/nguyenanhkiet/Playground/grex/test/features/feature_flags/presentation/providers/feature_flags_providers_test.dart: Feature Flags Providers Data Source Providers featureFlagsLocalDataSourceProvider should provide FeatureFlagsLocalDataSource
00:14 +283 ~95: /Users/nguyenanhkiet/Playground/grex/test/features/feature_flags/presentation/providers/feature_flags_providers_test.dart: Feature Flags Providers Data Source Providers featureFlagsLocalDataSourceProvider should provide FeatureFlagsLocalDataSource
00:14 +284 ~95: /Users/nguyenanhkiet/Playground/grex/test/features/feature_flags/presentation/providers/feature_flags_providers_test.dart: Feature Flags Providers Data Source Providers featureFlagsLocalDataSourceProvider should provide FeatureFlagsLocalDataSource
00:14 +285 ~95: /Users/nguyenanhkiet/Playground/grex/test/features/feature_flags/presentation/providers/feature_flags_providers_test.dart: Feature Flags Providers Data Source Providers featureFlagsLocalDataSourceProvider should provide FeatureFlagsLocalDataSource
00:14 +286 ~95: /Users/nguyenanhkiet/Playground/grex/test/features/feature_flags/presentation/providers/feature_flags_providers_test.dart: Feature Flags Providers Data Source Providers featureFlagsLocalDataSourceProvider should provide FeatureFlagsLocalDataSource
00:14 +287 ~95: /Users/nguyenanhkiet/Playground/grex/test/features/feature_flags/presentation/providers/feature_flags_providers_test.dart: Feature Flags Providers Data Source Providers featureFlagsRemoteDataSourceProvider should provide FeatureFlagsRemoteDataSource
00:14 +288 ~95: /Users/nguyenanhkiet/Playground/grex/test/features/feature_flags/presentation/providers/feature_flags_providers_test.dart: Feature Flags Providers Repository Provider featureFlagsRepositoryProvider should provide FeatureFlagsRepository
00:14 +289 ~95: /Users/nguyenanhkiet/Playground/grex/test/features/feature_flags/presentation/providers/feature_flags_providers_test.dart: Feature Flags Providers Manager Provider featureFlagsManagerProvider should provide FeatureFlagsManager
00:14 +290 ~95: /Users/nguyenanhkiet/Playground/grex/test/features/feature_flags/presentation/providers/feature_flags_providers_test.dart: Feature Flags Providers Initialization Provider featureFlagsInitializationProvider should initialize repository
00:14 +291 ~95: /Users/nguyenanhkiet/Playground/grex/test/features/feature_flags/presentation/providers/feature_flags_providers_test.dart: Feature Flags Providers Feature Flag Providers isFeatureEnabledProvider should provide boolean for feature key
00:14 +292 ~95: /Users/nguyenanhkiet/Playground/grex/test/features/feature_flags/presentation/providers/feature_flags_providers_test.dart: Feature Flags Providers Feature Flag Providers featureFlagProvider should provide FeatureFlag for feature key
00:14 +293 ~95: /Users/nguyenanhkiet/Playground/grex/test/features/feature_flags/presentation/providers/feature_flags_providers_test.dart: Feature Flags Providers Feature Flag Providers allFeatureFlagsProvider should provide map of feature flags
00:14 +294 ~95: /Users/nguyenanhkiet/Playground/grex/test/features/feature_flags/presentation/providers/feature_flags_providers_test.dart: Feature Flags Providers Feature Flag Providers allFeatureFlagsProvider should return empty map on failure
00:16 +295 ~95: /Users/nguyenanhkiet/Playground/grex/test/features/payments/domain/repositories/payment_repository_property_test.dart: PaymentRepository Property Tests placeholder
  Skip: TODO(mockito-null-safety): rewrite using @GenerateMocks or mocktail any<T>() so argument types match Supabase builder signatures.
00:16 +295 ~96: /Users/nguyenanhkiet/Playground/grex/test/features/feature_flags/presentation/screens/feature_flags_debug_screen_test.dart: (setUpAll)
00:16 +295 ~96: /Users/nguyenanhkiet/Playground/grex/test/features/feature_flags/presentation/screens/feature_flags_debug_screen_test.dart: FeatureFlagsDebugScreen should display app bar with title
00:17 +296 ~96: /Users/nguyenanhkiet/Playground/grex/test/features/feature_flags/presentation/screens/feature_flags_debug_screen_test.dart: FeatureFlagsDebugScreen should display app bar with title
00:17 +297 ~96: /Users/nguyenanhkiet/Playground/grex/test/features/feature_flags/presentation/screens/feature_flags_debug_screen_test.dart: FeatureFlagsDebugScreen should display app bar with title
00:17 +297 ~96: /Users/nguyenanhkiet/Playground/grex/test/features/payments/presentation/pages/create_payment_page_test.dart: CreatePaymentPage Widget Tests should display create payment form
  Skip: TODO(mock-migration): manual `class MockPaymentBloc extends Mock implements PaymentBloc` pattern broken under mockito null-safety. Migrate to bloc_test MockBloc + mocktail whenListen (see group_list_page_test.dart for the template).
00:17 +297 ~97: /Users/nguyenanhkiet/Playground/grex/test/features/feature_flags/presentation/screens/feature_flags_debug_screen_test.dart: FeatureFlagsDebugScreen should display app bar with title
00:17 +297 ~97: /Users/nguyenanhkiet/Playground/grex/test/features/payments/presentation/pages/create_payment_page_test.dart: CreatePaymentPage Widget Tests should load group members on init
  Skip: TODO(mock-migration): manual `class MockPaymentBloc extends Mock implements PaymentBloc` pattern broken under mockito null-safety. Migrate to bloc_test MockBloc + mocktail whenListen (see group_list_page_test.dart for the template).
00:17 +297 ~98: /Users/nguyenanhkiet/Playground/grex/test/features/feature_flags/presentation/screens/feature_flags_debug_screen_test.dart: FeatureFlagsDebugScreen should display app bar with title
00:17 +297 ~98: /Users/nguyenanhkiet/Playground/grex/test/features/payments/presentation/pages/create_payment_page_test.dart: CreatePaymentPage Widget Tests should display loading indicator when loading members
  Skip: TODO(mock-migration): manual `class MockPaymentBloc extends Mock implements PaymentBloc` pattern broken under mockito null-safety. Migrate to bloc_test MockBloc + mocktail whenListen (see group_list_page_test.dart for the template).
00:17 +297 ~99: /Users/nguyenanhkiet/Playground/grex/test/features/feature_flags/presentation/screens/feature_flags_debug_screen_test.dart: FeatureFlagsDebugScreen should display app bar with title
00:17 +297 ~99: /Users/nguyenanhkiet/Playground/grex/test/features/payments/presentation/pages/create_payment_page_test.dart: CreatePaymentPage Widget Tests should display error when loading members fails
  Skip: TODO(mock-migration): manual `class MockPaymentBloc extends Mock implements PaymentBloc` pattern broken under mockito null-safety. Migrate to bloc_test MockBloc + mocktail whenListen (see group_list_page_test.dart for the template).
00:17 +297 ~100: /Users/nguyenanhkiet/Playground/grex/test/features/feature_flags/presentation/screens/feature_flags_debug_screen_test.dart: FeatureFlagsDebugScreen should display app bar with title
00:17 +297 ~100: /Users/nguyenanhkiet/Playground/grex/test/features/payments/presentation/pages/create_payment_page_test.dart: CreatePaymentPage Widget Tests should display member dropdowns when loaded
  Skip: TODO(mock-migration): manual `class MockPaymentBloc extends Mock implements PaymentBloc` pattern broken under mockito null-safety. Migrate to bloc_test MockBloc + mocktail whenListen (see group_list_page_test.dart for the template).
00:17 +297 ~101: /Users/nguyenanhkiet/Playground/grex/test/features/feature_flags/presentation/screens/feature_flags_debug_screen_test.dart: FeatureFlagsDebugScreen should display app bar with title
00:17 +297 ~101: /Users/nguyenanhkiet/Playground/grex/test/features/payments/presentation/pages/create_payment_page_test.dart: CreatePaymentPage Widget Tests should validate required fields
  Skip: TODO(mock-migration): manual `class MockPaymentBloc extends Mock implements PaymentBloc` pattern broken under mockito null-safety. Migrate to bloc_test MockBloc + mocktail whenListen (see group_list_page_test.dart for the template).
00:17 +297 ~102: /Users/nguyenanhkiet/Playground/grex/test/features/feature_flags/presentation/screens/feature_flags_debug_screen_test.dart: FeatureFlagsDebugScreen should display app bar with title
00:17 +297 ~102: /Users/nguyenanhkiet/Playground/grex/test/features/payments/presentation/pages/create_payment_page_test.dart: CreatePaymentPage Widget Tests should validate positive amount
  Skip: TODO(mock-migration): manual `class MockPaymentBloc extends Mock implements PaymentBloc` pattern broken under mockito null-safety. Migrate to bloc_test MockBloc + mocktail whenListen (see group_list_page_test.dart for the template).
00:17 +297 ~103: /Users/nguyenanhkiet/Playground/grex/test/features/feature_flags/presentation/screens/feature_flags_debug_screen_test.dart: FeatureFlagsDebugScreen should display app bar with title
00:17 +297 ~103: /Users/nguyenanhkiet/Playground/grex/test/features/payments/presentation/pages/create_payment_page_test.dart: CreatePaymentPage Widget Tests should validate that payer and recipient are different
  Skip: TODO(mock-migration): manual `class MockPaymentBloc extends Mock implements PaymentBloc` pattern broken under mockito null-safety. Migrate to bloc_test MockBloc + mocktail whenListen (see group_list_page_test.dart for the template).
00:17 +297 ~104: /Users/nguyenanhkiet/Playground/grex/test/features/feature_flags/presentation/screens/feature_flags_debug_screen_test.dart: FeatureFlagsDebugScreen should display app bar with title
00:17 +297 ~104: /Users/nguyenanhkiet/Playground/grex/test/features/payments/presentation/pages/create_payment_page_test.dart: CreatePaymentPage Widget Tests should display currency symbol in amount field
  Skip: TODO(mock-migration): manual `class MockPaymentBloc extends Mock implements PaymentBloc` pattern broken under mockito null-safety. Migrate to bloc_test MockBloc + mocktail whenListen (see group_list_page_test.dart for the template).
00:17 +297 ~105: /Users/nguyenanhkiet/Playground/grex/test/features/feature_flags/presentation/screens/feature_flags_debug_screen_test.dart: FeatureFlagsDebugScreen should display app bar with title
00:17 +297 ~105: /Users/nguyenanhkiet/Playground/grex/test/features/payments/presentation/pages/create_payment_page_test.dart: CreatePaymentPage Widget Tests should display VND currency symbol for VND group
  Skip: TODO(mock-migration): manual `class MockPaymentBloc extends Mock implements PaymentBloc` pattern broken under mockito null-safety. Migrate to bloc_test MockBloc + mocktail whenListen (see group_list_page_test.dart for the template).
00:17 +297 ~106: /Users/nguyenanhkiet/Playground/grex/test/features/feature_flags/presentation/screens/feature_flags_debug_screen_test.dart: FeatureFlagsDebugScreen should display app bar with title
00:17 +297 ~106: /Users/nguyenanhkiet/Playground/grex/test/features/payments/presentation/pages/create_payment_page_test.dart: CreatePaymentPage Widget Tests should show loading state during payment creation
  Skip: TODO(mock-migration): manual `class MockPaymentBloc extends Mock implements PaymentBloc` pattern broken under mockito null-safety. Migrate to bloc_test MockBloc + mocktail whenListen (see group_list_page_test.dart for the template).
00:17 +297 ~107: /Users/nguyenanhkiet/Playground/grex/test/features/feature_flags/presentation/screens/feature_flags_debug_screen_test.dart: FeatureFlagsDebugScreen should display app bar with title
00:17 +297 ~107: /Users/nguyenanhkiet/Playground/grex/test/features/payments/presentation/pages/create_payment_page_test.dart: CreatePaymentPage Widget Tests should show success message when payment is created
  Skip: TODO(mock-migration): manual `class MockPaymentBloc extends Mock implements PaymentBloc` pattern broken under mockito null-safety. Migrate to bloc_test MockBloc + mocktail whenListen (see group_list_page_test.dart for the template).
00:17 +297 ~108: /Users/nguyenanhkiet/Playground/grex/test/features/feature_flags/presentation/screens/feature_flags_debug_screen_test.dart: FeatureFlagsDebugScreen should display app bar with title
00:17 +297 ~108: /Users/nguyenanhkiet/Playground/grex/test/features/payments/presentation/pages/create_payment_page_test.dart: CreatePaymentPage Widget Tests should show error message when payment creation fails
  Skip: TODO(mock-migration): manual `class MockPaymentBloc extends Mock implements PaymentBloc` pattern broken under mockito null-safety. Migrate to bloc_test MockBloc + mocktail whenListen (see group_list_page_test.dart for the template).
00:17 +297 ~109: /Users/nguyenanhkiet/Playground/grex/test/features/feature_flags/presentation/screens/feature_flags_debug_screen_test.dart: FeatureFlagsDebugScreen should display app bar with title
00:17 +297 ~109: /Users/nguyenanhkiet/Playground/grex/test/features/payments/presentation/pages/create_payment_page_test.dart: CreatePaymentPage Widget Tests should dispatch create payment event with correct data
  Skip: TODO(mock-migration): manual `class MockPaymentBloc extends Mock implements PaymentBloc` pattern broken under mockito null-safety. Migrate to bloc_test MockBloc + mocktail whenListen (see group_list_page_test.dart for the template).
00:17 +297 ~110: /Users/nguyenanhkiet/Playground/grex/test/features/feature_flags/presentation/screens/feature_flags_debug_screen_test.dart: FeatureFlagsDebugScreen should display app bar with title
00:17 +297 ~110: /Users/nguyenanhkiet/Playground/grex/test/features/payments/presentation/pages/create_payment_page_test.dart: CreatePaymentPage Widget Tests should handle optional description field
  Skip: TODO(mock-migration): manual `class MockPaymentBloc extends Mock implements PaymentBloc` pattern broken under mockito null-safety. Migrate to bloc_test MockBloc + mocktail whenListen (see group_list_page_test.dart for the template).
00:17 +297 ~111: /Users/nguyenanhkiet/Playground/grex/test/features/feature_flags/presentation/screens/feature_flags_debug_screen_test.dart: FeatureFlagsDebugScreen should display app bar with title
00:17 +297 ~111: /Users/nguyenanhkiet/Playground/grex/test/features/payments/presentation/pages/create_payment_page_test.dart: CreatePaymentPage Widget Tests should disable submit button when loading
  Skip: TODO(mock-migration): manual `class MockPaymentBloc extends Mock implements PaymentBloc` pattern broken under mockito null-safety. Migrate to bloc_test MockBloc + mocktail whenListen (see group_list_page_test.dart for the template).
00:17 +297 ~112: /Users/nguyenanhkiet/Playground/grex/test/features/feature_flags/presentation/screens/feature_flags_debug_screen_test.dart: FeatureFlagsDebugScreen should display app bar with title
00:17 +297 ~112: /Users/nguyenanhkiet/Playground/grex/test/features/payments/presentation/pages/create_payment_page_test.dart: CreatePaymentPage Widget Tests should display all group members in dropdowns
  Skip: TODO(mock-migration): manual `class MockPaymentBloc extends Mock implements PaymentBloc` pattern broken under mockito null-safety. Migrate to bloc_test MockBloc + mocktail whenListen (see group_list_page_test.dart for the template).
00:17 +297 ~113: /Users/nguyenanhkiet/Playground/grex/test/features/feature_flags/presentation/screens/feature_flags_debug_screen_test.dart: FeatureFlagsDebugScreen should display app bar with title
00:17 +297 ~113: /Users/nguyenanhkiet/Playground/grex/test/features/payments/presentation/pages/create_payment_page_test.dart: CreatePaymentPage Widget Tests should update recipient options when payer is selected
  Skip: TODO(mock-migration): manual `class MockPaymentBloc extends Mock implements PaymentBloc` pattern broken under mockito null-safety. Migrate to bloc_test MockBloc + mocktail whenListen (see group_list_page_test.dart for the template).
00:17 +297 ~114: /Users/nguyenanhkiet/Playground/grex/test/features/feature_flags/presentation/screens/feature_flags_debug_screen_test.dart: FeatureFlagsDebugScreen should display app bar with title
00:17 +297 ~114: /Users/nguyenanhkiet/Playground/grex/test/features/payments/presentation/pages/create_payment_page_test.dart: CreatePaymentPage Widget Tests should handle decimal amounts correctly
  Skip: TODO(mock-migration): manual `class MockPaymentBloc extends Mock implements PaymentBloc` pattern broken under mockito null-safety. Migrate to bloc_test MockBloc + mocktail whenListen (see group_list_page_test.dart for the template).
00:17 +297 ~115: /Users/nguyenanhkiet/Playground/grex/test/features/feature_flags/presentation/screens/feature_flags_debug_screen_test.dart: FeatureFlagsDebugScreen should display app bar with title
00:17 +297 ~115: /Users/nguyenanhkiet/Playground/grex/test/features/payments/presentation/pages/create_payment_page_test.dart: CreatePaymentPage Widget Tests should show proper form layout and styling
  Skip: TODO(mock-migration): manual `class MockPaymentBloc extends Mock implements PaymentBloc` pattern broken under mockito null-safety. Migrate to bloc_test MockBloc + mocktail whenListen (see group_list_page_test.dart for the template).
00:17 +297 ~116: /Users/nguyenanhkiet/Playground/grex/test/features/feature_flags/presentation/screens/feature_flags_debug_screen_test.dart: FeatureFlagsDebugScreen should display app bar with title
00:17 +297 ~116: /Users/nguyenanhkiet/Playground/grex/test/features/payments/presentation/pages/create_payment_page_test.dart: CreatePaymentPage Widget Tests should handle keyboard input correctly
  Skip: TODO(mock-migration): manual `class MockPaymentBloc extends Mock implements PaymentBloc` pattern broken under mockito null-safety. Migrate to bloc_test MockBloc + mocktail whenListen (see group_list_page_test.dart for the template).
00:17 +297 ~117: /Users/nguyenanhkiet/Playground/grex/test/features/feature_flags/presentation/screens/feature_flags_debug_screen_test.dart: FeatureFlagsDebugScreen should display app bar with title
00:17 +297 ~117: /Users/nguyenanhkiet/Playground/grex/test/features/payments/presentation/pages/create_payment_page_test.dart: CreatePaymentPage Widget Tests should clear form after successful submission
  Skip: TODO(mock-migration): manual `class MockPaymentBloc extends Mock implements PaymentBloc` pattern broken under mockito null-safety. Migrate to bloc_test MockBloc + mocktail whenListen (see group_list_page_test.dart for the template).
00:17 +297 ~118: /Users/nguyenanhkiet/Playground/grex/test/features/feature_flags/presentation/screens/feature_flags_debug_screen_test.dart: FeatureFlagsDebugScreen should display app bar with title
00:17 +298 ~118: /Users/nguyenanhkiet/Playground/grex/test/features/feature_flags/presentation/screens/feature_flags_debug_screen_test.dart: FeatureFlagsDebugScreen should display app bar with title
00:17 +299 ~118: /Users/nguyenanhkiet/Playground/grex/test/features/feature_flags/presentation/screens/feature_flags_debug_screen_test.dart: FeatureFlagsDebugScreen should display app bar with title
00:17 +300 ~118: /Users/nguyenanhkiet/Playground/grex/test/features/feature_flags/presentation/widgets/feature_flag_builder_test.dart: FeatureFlagBuilder should show disabled builder on error
00:17 +301 ~118: /Users/nguyenanhkiet/Playground/grex/test/features/feature_flags/presentation/widgets/feature_flag_builder_test.dart: FeatureFlagBuilder should show disabled builder on error
00:18 +302 ~118: /Users/nguyenanhkiet/Playground/grex/test/features/feature_flags/presentation/screens/feature_flags_debug_screen_test.dart: FeatureFlagsDebugScreen should display error message when error occurs
00:18 +303 ~118: /Users/nguyenanhkiet/Playground/grex/test/features/feature_flags/presentation/screens/feature_flags_debug_screen_test.dart: FeatureFlagsDebugScreen should display error message when error occurs
00:18 +304 ~118: /Users/nguyenanhkiet/Playground/grex/test/features/feature_flags/presentation/screens/feature_flags_debug_screen_test.dart: FeatureFlagsDebugScreen should display error message when error occurs
00:18 +305 ~118: /Users/nguyenanhkiet/Playground/grex/test/features/feature_flags/presentation/screens/feature_flags_debug_screen_test.dart: FeatureFlagsDebugScreen should display error message when error occurs
00:18 +306 ~118: /Users/nguyenanhkiet/Playground/grex/test/features/feature_flags/presentation/screens/feature_flags_debug_screen_test.dart: FeatureFlagsDebugScreen should display error message when error occurs
00:18 +307 ~118: /Users/nguyenanhkiet/Playground/grex/test/features/feature_flags/presentation/screens/feature_flags_debug_screen_test.dart: FeatureFlagsDebugScreen should display empty message when no flags
00:18 +308 ~118: /Users/nguyenanhkiet/Playground/grex/test/features/feature_flags/presentation/screens/feature_flags_debug_screen_test.dart: FeatureFlagsDebugScreen should display feature flags list
00:18 +308 ~118: /Users/nguyenanhkiet/Playground/grex/test/features/payments/presentation/pages/payment_list_page_test.dart: PaymentListPage Widget Tests should display app bar with title and add button
  Skip: TODO(mock-migration): manual `class MockPaymentBloc extends Mock implements PaymentBloc` pattern broken under mockito null-safety. Migrate to bloc_test MockBloc + mocktail whenListen (see group_list_page_test.dart for the template).
00:18 +308 ~119: /Users/nguyenanhkiet/Playground/grex/test/features/feature_flags/presentation/screens/feature_flags_debug_screen_test.dart: FeatureFlagsDebugScreen should display feature flags list
00:18 +308 ~119: /Users/nguyenanhkiet/Playground/grex/test/features/payments/presentation/pages/payment_list_page_test.dart: PaymentListPage Widget Tests should display loading indicator when loading
  Skip: TODO(mock-migration): manual `class MockPaymentBloc extends Mock implements PaymentBloc` pattern broken under mockito null-safety. Migrate to bloc_test MockBloc + mocktail whenListen (see group_list_page_test.dart for the template).
00:18 +308 ~120: /Users/nguyenanhkiet/Playground/grex/test/features/feature_flags/presentation/screens/feature_flags_debug_screen_test.dart: FeatureFlagsDebugScreen should display feature flags list
00:18 +308 ~120: /Users/nguyenanhkiet/Playground/grex/test/features/payments/presentation/pages/payment_list_page_test.dart: PaymentListPage Widget Tests should display error state with retry button
  Skip: TODO(mock-migration): manual `class MockPaymentBloc extends Mock implements PaymentBloc` pattern broken under mockito null-safety. Migrate to bloc_test MockBloc + mocktail whenListen (see group_list_page_test.dart for the template).
00:18 +308 ~121: /Users/nguyenanhkiet/Playground/grex/test/features/feature_flags/presentation/screens/feature_flags_debug_screen_test.dart: FeatureFlagsDebugScreen should display feature flags list
00:18 +308 ~121: /Users/nguyenanhkiet/Playground/grex/test/features/payments/presentation/pages/payment_list_page_test.dart: PaymentListPage Widget Tests should retry loading when retry button is tapped
  Skip: TODO(mock-migration): manual `class MockPaymentBloc extends Mock implements PaymentBloc` pattern broken under mockito null-safety. Migrate to bloc_test MockBloc + mocktail whenListen (see group_list_page_test.dart for the template).
00:18 +308 ~122: /Users/nguyenanhkiet/Playground/grex/test/features/feature_flags/presentation/screens/feature_flags_debug_screen_test.dart: FeatureFlagsDebugScreen should display feature flags list
00:18 +308 ~122: /Users/nguyenanhkiet/Playground/grex/test/features/payments/presentation/pages/payment_list_page_test.dart: PaymentListPage Widget Tests should display empty state when no payments
  Skip: TODO(mock-migration): manual `class MockPaymentBloc extends Mock implements PaymentBloc` pattern broken under mockito null-safety. Migrate to bloc_test MockBloc + mocktail whenListen (see group_list_page_test.dart for the template).
00:18 +308 ~123: /Users/nguyenanhkiet/Playground/grex/test/features/feature_flags/presentation/screens/feature_flags_debug_screen_test.dart: FeatureFlagsDebugScreen should display feature flags list
00:18 +308 ~123: /Users/nguyenanhkiet/Playground/grex/test/features/payments/presentation/pages/payment_list_page_test.dart: PaymentListPage Widget Tests should display list of payments when loaded
  Skip: TODO(mock-migration): manual `class MockPaymentBloc extends Mock implements PaymentBloc` pattern broken under mockito null-safety. Migrate to bloc_test MockBloc + mocktail whenListen (see group_list_page_test.dart for the template).
00:18 +308 ~124: /Users/nguyenanhkiet/Playground/grex/test/features/feature_flags/presentation/screens/feature_flags_debug_screen_test.dart: FeatureFlagsDebugScreen should display feature flags list
00:18 +308 ~124: /Users/nguyenanhkiet/Playground/grex/test/features/payments/presentation/pages/payment_list_page_test.dart: PaymentListPage Widget Tests should display filter button when payments exist
  Skip: TODO(mock-migration): manual `class MockPaymentBloc extends Mock implements PaymentBloc` pattern broken under mockito null-safety. Migrate to bloc_test MockBloc + mocktail whenListen (see group_list_page_test.dart for the template).
00:18 +308 ~125: /Users/nguyenanhkiet/Playground/grex/test/features/feature_flags/presentation/screens/feature_flags_debug_screen_test.dart: FeatureFlagsDebugScreen should display feature flags list
00:18 +308 ~125: /Users/nguyenanhkiet/Playground/grex/test/features/payments/presentation/pages/payment_list_page_test.dart: PaymentListPage Widget Tests should open filter sheet when filter button is tapped
  Skip: TODO(mock-migration): manual `class MockPaymentBloc extends Mock implements PaymentBloc` pattern broken under mockito null-safety. Migrate to bloc_test MockBloc + mocktail whenListen (see group_list_page_test.dart for the template).
00:18 +308 ~126: /Users/nguyenanhkiet/Playground/grex/test/features/feature_flags/presentation/screens/feature_flags_debug_screen_test.dart: FeatureFlagsDebugScreen should display feature flags list
00:18 +308 ~126: /Users/nguyenanhkiet/Playground/grex/test/features/payments/presentation/pages/payment_list_page_test.dart: PaymentListPage Widget Tests should navigate to create payment when add button is tapped
  Skip: TODO(mock-migration): manual `class MockPaymentBloc extends Mock implements PaymentBloc` pattern broken under mockito null-safety. Migrate to bloc_test MockBloc + mocktail whenListen (see group_list_page_test.dart for the template).
00:18 +308 ~127: /Users/nguyenanhkiet/Playground/grex/test/features/feature_flags/presentation/screens/feature_flags_debug_screen_test.dart: FeatureFlagsDebugScreen should display feature flags list
00:18 +308 ~127: /Users/nguyenanhkiet/Playground/grex/test/features/payments/presentation/pages/payment_list_page_test.dart: PaymentListPage Widget Tests should navigate to create payment from empty state
  Skip: TODO(mock-migration): manual `class MockPaymentBloc extends Mock implements PaymentBloc` pattern broken under mockito null-safety. Migrate to bloc_test MockBloc + mocktail whenListen (see group_list_page_test.dart for the template).
00:18 +308 ~128: /Users/nguyenanhkiet/Playground/grex/test/features/feature_flags/presentation/screens/feature_flags_debug_screen_test.dart: FeatureFlagsDebugScreen should display feature flags list
00:18 +308 ~128: /Users/nguyenanhkiet/Playground/grex/test/features/payments/presentation/pages/payment_list_page_test.dart: PaymentListPage Widget Tests should refresh payments on pull to refresh
  Skip: TODO(mock-migration): manual `class MockPaymentBloc extends Mock implements PaymentBloc` pattern broken under mockito null-safety. Migrate to bloc_test MockBloc + mocktail whenListen (see group_list_page_test.dart for the template).
00:18 +308 ~129: /Users/nguyenanhkiet/Playground/grex/test/features/feature_flags/presentation/screens/feature_flags_debug_screen_test.dart: FeatureFlagsDebugScreen should display feature flags list
00:18 +308 ~129: /Users/nguyenanhkiet/Playground/grex/test/features/payments/presentation/pages/payment_list_page_test.dart: PaymentListPage Widget Tests should show delete confirmation dialog
  Skip: TODO(mock-migration): manual `class MockPaymentBloc extends Mock implements PaymentBloc` pattern broken under mockito null-safety. Migrate to bloc_test MockBloc + mocktail whenListen (see group_list_page_test.dart for the template).
00:18 +308 ~130: /Users/nguyenanhkiet/Playground/grex/test/features/feature_flags/presentation/screens/feature_flags_debug_screen_test.dart: FeatureFlagsDebugScreen should display feature flags list
00:18 +308 ~130: /Users/nguyenanhkiet/Playground/grex/test/features/payments/presentation/pages/payment_list_page_test.dart: PaymentListPage Widget Tests should dispatch delete event when confirmed
  Skip: TODO(mock-migration): manual `class MockPaymentBloc extends Mock implements PaymentBloc` pattern broken under mockito null-safety. Migrate to bloc_test MockBloc + mocktail whenListen (see group_list_page_test.dart for the template).
00:18 +308 ~131: /Users/nguyenanhkiet/Playground/grex/test/features/feature_flags/presentation/screens/feature_flags_debug_screen_test.dart: FeatureFlagsDebugScreen should display feature flags list
00:18 +308 ~131: /Users/nguyenanhkiet/Playground/grex/test/features/payments/presentation/pages/payment_list_page_test.dart: PaymentListPage Widget Tests should show success message when payment is deleted
  Skip: TODO(mock-migration): manual `class MockPaymentBloc extends Mock implements PaymentBloc` pattern broken under mockito null-safety. Migrate to bloc_test MockBloc + mocktail whenListen (see group_list_page_test.dart for the template).
00:18 +308 ~132: /Users/nguyenanhkiet/Playground/grex/test/features/feature_flags/presentation/screens/feature_flags_debug_screen_test.dart: FeatureFlagsDebugScreen should display feature flags list
00:18 +308 ~132: /Users/nguyenanhkiet/Playground/grex/test/features/payments/presentation/pages/payment_list_page_test.dart: PaymentListPage Widget Tests should show error message when deletion fails
  Skip: TODO(mock-migration): manual `class MockPaymentBloc extends Mock implements PaymentBloc` pattern broken under mockito null-safety. Migrate to bloc_test MockBloc + mocktail whenListen (see group_list_page_test.dart for the template).
00:18 +308 ~133: /Users/nguyenanhkiet/Playground/grex/test/features/feature_flags/presentation/screens/feature_flags_debug_screen_test.dart: FeatureFlagsDebugScreen should display feature flags list
00:18 +308 ~133: /Users/nguyenanhkiet/Playground/grex/test/features/payments/presentation/pages/payment_list_page_test.dart: PaymentListPage Widget Tests should load payments on init
  Skip: TODO(mock-migration): manual `class MockPaymentBloc extends Mock implements PaymentBloc` pattern broken under mockito null-safety. Migrate to bloc_test MockBloc + mocktail whenListen (see group_list_page_test.dart for the template).
00:18 +308 ~134: /Users/nguyenanhkiet/Playground/grex/test/features/feature_flags/presentation/screens/feature_flags_debug_screen_test.dart: FeatureFlagsDebugScreen should display feature flags list
00:18 +308 ~134: /Users/nguyenanhkiet/Playground/grex/test/features/payments/presentation/pages/payment_list_page_test.dart: PaymentListPage Widget Tests should display payments in chronological order
  Skip: TODO(mock-migration): manual `class MockPaymentBloc extends Mock implements PaymentBloc` pattern broken under mockito null-safety. Migrate to bloc_test MockBloc + mocktail whenListen (see group_list_page_test.dart for the template).
00:18 +308 ~135: /Users/nguyenanhkiet/Playground/grex/test/features/feature_flags/presentation/screens/feature_flags_debug_screen_test.dart: FeatureFlagsDebugScreen should display feature flags list
00:18 +308 ~135: /Users/nguyenanhkiet/Playground/grex/test/features/payments/presentation/pages/payment_list_page_test.dart: PaymentListPage Widget Tests should handle large number of payments
  Skip: TODO(mock-migration): manual `class MockPaymentBloc extends Mock implements PaymentBloc` pattern broken under mockito null-safety. Migrate to bloc_test MockBloc + mocktail whenListen (see group_list_page_test.dart for the template).
00:18 +308 ~136: /Users/nguyenanhkiet/Playground/grex/test/features/feature_flags/presentation/screens/feature_flags_debug_screen_test.dart: FeatureFlagsDebugScreen should display feature flags list
00:18 +308 ~136: /Users/nguyenanhkiet/Playground/grex/test/features/payments/presentation/pages/payment_list_page_test.dart: PaymentListPage Widget Tests should display floating action button
  Skip: TODO(mock-migration): manual `class MockPaymentBloc extends Mock implements PaymentBloc` pattern broken under mockito null-safety. Migrate to bloc_test MockBloc + mocktail whenListen (see group_list_page_test.dart for the template).
00:18 +308 ~137: /Users/nguyenanhkiet/Playground/grex/test/features/feature_flags/presentation/screens/feature_flags_debug_screen_test.dart: FeatureFlagsDebugScreen should display feature flags list
00:18 +308 ~137: /Users/nguyenanhkiet/Playground/grex/test/features/payments/presentation/pages/payment_list_page_test.dart: PaymentListPage Widget Tests should handle real-time payment updates
  Skip: TODO(mock-migration): manual `class MockPaymentBloc extends Mock implements PaymentBloc` pattern broken under mockito null-safety. Migrate to bloc_test MockBloc + mocktail whenListen (see group_list_page_test.dart for the template).
00:18 +308 ~138: /Users/nguyenanhkiet/Playground/grex/test/features/feature_flags/presentation/screens/feature_flags_debug_screen_test.dart: FeatureFlagsDebugScreen should display feature flags list
00:18 +308 ~138: /Users/nguyenanhkiet/Playground/grex/test/features/payments/presentation/pages/payment_list_page_test.dart: PaymentListPage Widget Tests should maintain scroll position during updates
  Skip: TODO(mock-migration): manual `class MockPaymentBloc extends Mock implements PaymentBloc` pattern broken under mockito null-safety. Migrate to bloc_test MockBloc + mocktail whenListen (see group_list_page_test.dart for the template).
00:18 +308 ~139: /Users/nguyenanhkiet/Playground/grex/test/features/feature_flags/presentation/screens/feature_flags_debug_screen_test.dart: FeatureFlagsDebugScreen should display feature flags list
00:19 +309 ~139: /Users/nguyenanhkiet/Playground/grex/test/features/feature_flags/presentation/screens/feature_flags_debug_screen_test.dart: FeatureFlagsDebugScreen should refresh flags when refresh button is tapped
00:19 +310 ~139: /Users/nguyenanhkiet/Playground/grex/test/features/feature_flags/presentation/screens/feature_flags_debug_screen_test.dart: FeatureFlagsDebugScreen should show clear all dialog when clear button is tapped
00:19 +311 ~139: /Users/nguyenanhkiet/Playground/grex/test/features/feature_flags/presentation/screens/feature_flags_debug_screen_test.dart: FeatureFlagsDebugScreen should clear all overrides when confirmed
00:19 +312 ~139: /Users/nguyenanhkiet/Playground/grex/test/features/feature_flags/presentation/screens/feature_flags_debug_screen_test.dart: FeatureFlagsDebugScreen should not clear when cancel is tapped
00:19 +313 ~139: /Users/nguyenanhkiet/Playground/grex/test/features/feature_flags/presentation/screens/feature_flags_debug_screen_test.dart: FeatureFlagsDebugScreen should toggle flag when switch is tapped
00:19 +314 ~139: /Users/nguyenanhkiet/Playground/grex/test/features/feature_flags/presentation/screens/feature_flags_debug_screen_test.dart: FeatureFlagsDebugScreen should retry when retry button is tapped
00:20 +314 ~139: /Users/nguyenanhkiet/Playground/grex/test/features/payments/presentation/widgets/payment_list_item_test.dart: PaymentListItem Widget Tests should display payment information correctly
  Skip: TODO(payment-widget): assertions in this file do not match what the current PaymentListItem renders (date format, currency symbol, amount formatting). Update assertions or product before re-enabling.
00:20 +314 ~140: /Users/nguyenanhkiet/Playground/grex/test/features/feature_flags/presentation/screens/feature_flags_debug_screen_test.dart: FeatureFlagsDebugScreen should retry when retry button is tapped
00:20 +314 ~140: /Users/nguyenanhkiet/Playground/grex/test/features/payments/presentation/widgets/payment_list_item_test.dart: PaymentListItem Widget Tests should display formatted currency amount
  Skip: TODO(payment-widget): assertions in this file do not match what the current PaymentListItem renders (date format, currency symbol, amount formatting). Update assertions or product before re-enabling.
00:20 +314 ~141: /Users/nguyenanhkiet/Playground/grex/test/features/feature_flags/presentation/screens/feature_flags_debug_screen_test.dart: FeatureFlagsDebugScreen should retry when retry button is tapped
00:20 +314 ~141: /Users/nguyenanhkiet/Playground/grex/test/features/payments/presentation/widgets/payment_list_item_test.dart: PaymentListItem Widget Tests should display payment date correctly
  Skip: TODO(payment-widget): assertions in this file do not match what the current PaymentListItem renders (date format, currency symbol, amount formatting). Update assertions or product before re-enabling.
00:20 +314 ~142: /Users/nguyenanhkiet/Playground/grex/test/features/feature_flags/presentation/screens/feature_flags_debug_screen_test.dart: FeatureFlagsDebugScreen should retry when retry button is tapped
00:20 +314 ~142: /Users/nguyenanhkiet/Playground/grex/test/features/payments/presentation/widgets/payment_list_item_test.dart: PaymentListItem Widget Tests should display today for today payments
  Skip: TODO(payment-widget): assertions in this file do not match what the current PaymentListItem renders (date format, currency symbol, amount formatting). Update assertions or product before re-enabling.
00:20 +314 ~143: /Users/nguyenanhkiet/Playground/grex/test/features/feature_flags/presentation/screens/feature_flags_debug_screen_test.dart: FeatureFlagsDebugScreen should retry when retry button is tapped
00:20 +314 ~143: /Users/nguyenanhkiet/Playground/grex/test/features/payments/presentation/widgets/payment_list_item_test.dart: PaymentListItem Widget Tests should display yesterday for yesterday payments
  Skip: TODO(payment-widget): assertions in this file do not match what the current PaymentListItem renders (date format, currency symbol, amount formatting). Update assertions or product before re-enabling.
00:20 +314 ~144: /Users/nguyenanhkiet/Playground/grex/test/features/feature_flags/presentation/screens/feature_flags_debug_screen_test.dart: FeatureFlagsDebugScreen should retry when retry button is tapped
00:20 +314 ~144: /Users/nguyenanhkiet/Playground/grex/test/features/payments/presentation/widgets/payment_list_item_test.dart: PaymentListItem Widget Tests should display payment direction with arrow
  Skip: TODO(payment-widget): assertions in this file do not match what the current PaymentListItem renders (date format, currency symbol, amount formatting). Update assertions or product before re-enabling.
00:20 +314 ~145: /Users/nguyenanhkiet/Playground/grex/test/features/feature_flags/presentation/screens/feature_flags_debug_screen_test.dart: FeatureFlagsDebugScreen should retry when retry button is tapped
00:20 +314 ~145: /Users/nguyenanhkiet/Playground/grex/test/features/payments/presentation/widgets/payment_list_item_test.dart: PaymentListItem Widget Tests should display payment icon
  Skip: TODO(payment-widget): assertions in this file do not match what the current PaymentListItem renders (date format, currency symbol, amount formatting). Update assertions or product before re-enabling.
00:20 +314 ~146: /Users/nguyenanhkiet/Playground/grex/test/features/feature_flags/presentation/screens/feature_flags_debug_screen_test.dart: FeatureFlagsDebugScreen should retry when retry button is tapped
00:20 +314 ~146: /Users/nguyenanhkiet/Playground/grex/test/features/payments/presentation/widgets/payment_list_item_test.dart: PaymentListItem Widget Tests should display delete button when enabled
  Skip: TODO(payment-widget): assertions in this file do not match what the current PaymentListItem renders (date format, currency symbol, amount formatting). Update assertions or product before re-enabling.
00:20 +314 ~147: /Users/nguyenanhkiet/Playground/grex/test/features/feature_flags/presentation/screens/feature_flags_debug_screen_test.dart: FeatureFlagsDebugScreen should retry when retry button is tapped
00:20 +314 ~147: /Users/nguyenanhkiet/Playground/grex/test/features/payments/presentation/widgets/payment_list_item_test.dart: PaymentListItem Widget Tests should hide delete button when onDelete is null
  Skip: TODO(payment-widget): assertions in this file do not match what the current PaymentListItem renders (date format, currency symbol, amount formatting). Update assertions or product before re-enabling.
00:20 +314 ~148: /Users/nguyenanhkiet/Playground/grex/test/features/feature_flags/presentation/screens/feature_flags_debug_screen_test.dart: FeatureFlagsDebugScreen should retry when retry button is tapped
00:20 +314 ~148: /Users/nguyenanhkiet/Playground/grex/test/features/payments/presentation/widgets/payment_list_item_test.dart: PaymentListItem Widget Tests should call onTap when payment item is tapped
  Skip: TODO(payment-widget): assertions in this file do not match what the current PaymentListItem renders (date format, currency symbol, amount formatting). Update assertions or product before re-enabling.
00:20 +314 ~149: /Users/nguyenanhkiet/Playground/grex/test/features/feature_flags/presentation/screens/feature_flags_debug_screen_test.dart: FeatureFlagsDebugScreen should retry when retry button is tapped
00:20 +314 ~149: /Users/nguyenanhkiet/Playground/grex/test/features/payments/presentation/widgets/payment_list_item_test.dart: PaymentListItem Widget Tests should call onDelete when delete button is tapped
  Skip: TODO(payment-widget): assertions in this file do not match what the current PaymentListItem renders (date format, currency symbol, amount formatting). Update assertions or product before re-enabling.
00:20 +314 ~150: /Users/nguyenanhkiet/Playground/grex/test/features/feature_flags/presentation/screens/feature_flags_debug_screen_test.dart: FeatureFlagsDebugScreen should retry when retry button is tapped
00:20 +314 ~150: /Users/nguyenanhkiet/Playground/grex/test/features/payments/presentation/widgets/payment_list_item_test.dart: PaymentListItem Widget Tests should display description when available
  Skip: TODO(payment-widget): assertions in this file do not match what the current PaymentListItem renders (date format, currency symbol, amount formatting). Update assertions or product before re-enabling.
00:20 +314 ~151: /Users/nguyenanhkiet/Playground/grex/test/features/feature_flags/presentation/screens/feature_flags_debug_screen_test.dart: FeatureFlagsDebugScreen should retry when retry button is tapped
00:20 +314 ~151: /Users/nguyenanhkiet/Playground/grex/test/features/payments/presentation/widgets/payment_list_item_test.dart: PaymentListItem Widget Tests should handle empty description gracefully
  Skip: TODO(payment-widget): assertions in this file do not match what the current PaymentListItem renders (date format, currency symbol, amount formatting). Update assertions or product before re-enabling.
00:20 +314 ~152: /Users/nguyenanhkiet/Playground/grex/test/features/feature_flags/presentation/screens/feature_flags_debug_screen_test.dart: FeatureFlagsDebugScreen should retry when retry button is tapped
00:20 +314 ~152: /Users/nguyenanhkiet/Playground/grex/test/features/payments/presentation/widgets/payment_list_item_test.dart: PaymentListItem Widget Tests should display proper styling for payment amount
  Skip: TODO(payment-widget): assertions in this file do not match what the current PaymentListItem renders (date format, currency symbol, amount formatting). Update assertions or product before re-enabling.
00:20 +314 ~153: /Users/nguyenanhkiet/Playground/grex/test/features/feature_flags/presentation/screens/feature_flags_debug_screen_test.dart: FeatureFlagsDebugScreen should retry when retry button is tapped
00:20 +314 ~153: /Users/nguyenanhkiet/Playground/grex/test/features/payments/presentation/widgets/payment_list_item_test.dart: PaymentListItem Widget Tests should display proper card elevation and styling
  Skip: TODO(payment-widget): assertions in this file do not match what the current PaymentListItem renders (date format, currency symbol, amount formatting). Update assertions or product before re-enabling.
00:20 +314 ~154: /Users/nguyenanhkiet/Playground/grex/test/features/feature_flags/presentation/screens/feature_flags_debug_screen_test.dart: FeatureFlagsDebugScreen should retry when retry button is tapped
00:20 +314 ~154: /Users/nguyenanhkiet/Playground/grex/test/features/payments/presentation/widgets/payment_list_item_test.dart: PaymentListItem Widget Tests should handle long names gracefully
  Skip: TODO(payment-widget): assertions in this file do not match what the current PaymentListItem renders (date format, currency symbol, amount formatting). Update assertions or product before re-enabling.
00:20 +314 ~155: /Users/nguyenanhkiet/Playground/grex/test/features/feature_flags/presentation/screens/feature_flags_debug_screen_test.dart: FeatureFlagsDebugScreen should retry when retry button is tapped
00:20 +314 ~155: /Users/nguyenanhkiet/Playground/grex/test/features/payments/presentation/widgets/payment_list_item_test.dart: PaymentListItem Widget Tests should display time for recent payments
  Skip: TODO(payment-widget): assertions in this file do not match what the current PaymentListItem renders (date format, currency symbol, amount formatting). Update assertions or product before re-enabling.
00:20 +314 ~156: /Users/nguyenanhkiet/Playground/grex/test/features/feature_flags/presentation/screens/feature_flags_debug_screen_test.dart: FeatureFlagsDebugScreen should retry when retry button is tapped
00:20 +314 ~156: /Users/nguyenanhkiet/Playground/grex/test/features/payments/presentation/widgets/payment_list_item_test.dart: PaymentListItem Widget Tests should handle different currencies correctly
  Skip: TODO(payment-widget): assertions in this file do not match what the current PaymentListItem renders (date format, currency symbol, amount formatting). Update assertions or product before re-enabling.
00:20 +314 ~157: /Users/nguyenanhkiet/Playground/grex/test/features/feature_flags/presentation/screens/feature_flags_debug_screen_test.dart: FeatureFlagsDebugScreen should retry when retry button is tapped
00:20 +314 ~157: /Users/nguyenanhkiet/Playground/grex/test/features/payments/presentation/widgets/payment_list_item_test.dart: PaymentListItem Widget Tests should display proper visual hierarchy
  Skip: TODO(payment-widget): assertions in this file do not match what the current PaymentListItem renders (date format, currency symbol, amount formatting). Update assertions or product before re-enabling.
00:20 +314 ~158: /Users/nguyenanhkiet/Playground/grex/test/features/feature_flags/presentation/screens/feature_flags_debug_screen_test.dart: FeatureFlagsDebugScreen should retry when retry button is tapped
00:20 +314 ~158: /Users/nguyenanhkiet/Playground/grex/test/features/payments/presentation/widgets/payment_list_item_test.dart: PaymentListItem Widget Tests should handle tap and delete interactions independently
  Skip: TODO(payment-widget): assertions in this file do not match what the current PaymentListItem renders (date format, currency symbol, amount formatting). Update assertions or product before re-enabling.
00:20 +314 ~159: /Users/nguyenanhkiet/Playground/grex/test/features/feature_flags/presentation/screens/feature_flags_debug_screen_test.dart: FeatureFlagsDebugScreen should retry when retry button is tapped
00:20 +314 ~159: /Users/nguyenanhkiet/Playground/grex/test/features/payments/presentation/widgets/payment_list_item_test.dart: PaymentListItem Widget Tests should display payment metadata correctly
  Skip: TODO(payment-widget): assertions in this file do not match what the current PaymentListItem renders (date format, currency symbol, amount formatting). Update assertions or product before re-enabling.
00:20 +314 ~160: /Users/nguyenanhkiet/Playground/grex/test/features/feature_flags/presentation/screens/feature_flags_debug_screen_test.dart: FeatureFlagsDebugScreen should retry when retry button is tapped
00:20 +314 ~160: /Users/nguyenanhkiet/Playground/grex/test/features/payments/presentation/widgets/payment_list_item_test.dart: PaymentListItem Widget Tests should handle null callbacks gracefully
  Skip: TODO(payment-widget): assertions in this file do not match what the current PaymentListItem renders (date format, currency symbol, amount formatting). Update assertions or product before re-enabling.
00:20 +314 ~161: /Users/nguyenanhkiet/Playground/grex/test/features/feature_flags/presentation/screens/feature_flags_debug_screen_test.dart: FeatureFlagsDebugScreen should retry when retry button is tapped
00:20 +314 ~161: /Users/nguyenanhkiet/Playground/grex/test/features/payments/presentation/widgets/payment_list_item_test.dart: PaymentListItem Widget Tests should display consistent layout structure
  Skip: TODO(payment-widget): assertions in this file do not match what the current PaymentListItem renders (date format, currency symbol, amount formatting). Update assertions or product before re-enabling.
00:20 +314 ~162: /Users/nguyenanhkiet/Playground/grex/test/features/feature_flags/presentation/screens/feature_flags_debug_screen_test.dart: FeatureFlagsDebugScreen should retry when retry button is tapped
00:20 +315 ~162: /Users/nguyenanhkiet/Playground/grex/test/features/payments/presentation/widgets/empty_payments_widget_test.dart: EmptyPaymentsWidget Tests shows the default empty-state copy and illustration
00:20 +316 ~162: /Users/nguyenanhkiet/Playground/grex/test/features/payments/presentation/widgets/empty_payments_widget_test.dart: EmptyPaymentsWidget Tests shows the default empty-state copy and illustration
00:20 +317 ~162: /Users/nguyenanhkiet/Playground/grex/test/features/payments/presentation/widgets/empty_payments_widget_test.dart: EmptyPaymentsWidget Tests shows the default empty-state copy and illustration
00:20 +318 ~162: /Users/nguyenanhkiet/Playground/grex/test/features/payments/presentation/widgets/empty_payments_widget_test.dart: EmptyPaymentsWidget Tests shows the default empty-state copy and illustration
00:21 +319 ~162: /Users/nguyenanhkiet/Playground/grex/test/features/payments/presentation/widgets/empty_payments_widget_test.dart: EmptyPaymentsWidget Tests swaps copy when there are active filters
00:21 +320 ~162: /Users/nguyenanhkiet/Playground/grex/test/features/payments/presentation/widgets/empty_payments_widget_test.dart: EmptyPaymentsWidget Tests hides the CTA when onAddPayment is null
00:21 +321 ~162: /Users/nguyenanhkiet/Playground/grex/test/features/payments/presentation/widgets/empty_payments_widget_test.dart: EmptyPaymentsWidget Tests renders the add CTA when onAddPayment is provided
00:21 +322 ~162: /Users/nguyenanhkiet/Playground/grex/test/features/payments/presentation/widgets/empty_payments_widget_test.dart: EmptyPaymentsWidget Tests renders the illustration at the standard size
00:21 +323 ~162: /Users/nguyenanhkiet/Playground/grex/test/features/payments/presentation/widgets/empty_payments_widget_test.dart: EmptyPaymentsWidget Tests center-aligns the title text
00:21 +324 ~162: /Users/nguyenanhkiet/Playground/grex/test/features/payments/presentation/widgets/empty_payments_widget_test.dart: EmptyPaymentsWidget Tests works under a dark theme
00:21 +325 ~162: /Users/nguyenanhkiet/Playground/grex/test/features/payments/presentation/bloc/payment_bloc_test.dart: PaymentBloc PaymentsLoadRequested should emit [PaymentLoading, PaymentsLoaded] when payments are loaded successfully
00:22 +326 ~162: /Users/nguyenanhkiet/Playground/grex/test/features/payments/presentation/bloc/payment_bloc_test.dart: PaymentBloc PaymentsLoadRequested should emit [PaymentLoading, PaymentError] when loading fails
00:22 +327 ~162: /Users/nguyenanhkiet/Playground/grex/test/features/payments/presentation/bloc/payment_bloc_test.dart: PaymentBloc PaymentCreateRequested should emit [PaymentLoading, PaymentOperationSuccess] when payment is created successfully
00:22 +328 ~162: /Users/nguyenanhkiet/Playground/grex/test/features/payments/presentation/bloc/payment_bloc_test.dart: PaymentBloc PaymentCreateRequested should emit [PaymentLoading, PaymentError] when creation fails
00:22 +329 ~162: /Users/nguyenanhkiet/Playground/grex/test/features/payments/presentation/bloc/payment_bloc_test.dart: PaymentBloc PaymentDeleteRequested should emit [PaymentLoading, PaymentOperationSuccess] when payment is deleted successfully
00:22 +330 ~162: /Users/nguyenanhkiet/Playground/grex/test/features/payments/presentation/bloc/payment_bloc_test.dart: PaymentBloc PaymentDeleteRequested should emit [PaymentLoading, PaymentError] when deletion fails
00:22 +331 ~162: /Users/nguyenanhkiet/Playground/grex/test/features/payments/presentation/bloc/payment_bloc_test.dart: PaymentBloc PaymentLoadRequested should emit [PaymentLoading, PaymentDetailLoaded] when payment is loaded successfully
00:22 +332 ~162: /Users/nguyenanhkiet/Playground/grex/test/features/payments/presentation/bloc/payment_bloc_test.dart: PaymentBloc PaymentLoadRequested should emit [PaymentLoading, PaymentError] when loading fails
00:22 +333 ~162: /Users/nguyenanhkiet/Playground/grex/test/features/payments/presentation/bloc/payment_bloc_test.dart: PaymentBloc PaymentFilterRequested should apply filters to payments
00:22 +334 ~162: /Users/nguyenanhkiet/Playground/grex/test/features/payments/presentation/bloc/payment_bloc_test.dart: PaymentBloc PaymentFilterRequested should clear filters when all criteria are null
00:22 +335 ~162: /Users/nguyenanhkiet/Playground/grex/test/features/payments/presentation/bloc/payment_bloc_test.dart: PaymentBloc PaymentFilterCleared should clear all filters
00:22 +336 ~162: /Users/nguyenanhkiet/Playground/grex/test/features/payments/presentation/bloc/payment_bloc_test.dart: PaymentBloc PaymentSortRequested should sort payments by date ascending
00:22 +337 ~162: /Users/nguyenanhkiet/Playground/grex/test/features/payments/presentation/bloc/payment_bloc_test.dart: PaymentBloc PaymentSortRequested should sort payments by amount descending
00:22 +338 ~162: /Users/nguyenanhkiet/Playground/grex/test/features/payments/presentation/bloc/payment_bloc_test.dart: PaymentBloc PaymentSortRequested should sort payments by payer name ascending
00:22 +339 ~162: /Users/nguyenanhkiet/Playground/grex/test/features/payments/presentation/bloc/payment_bloc_test.dart: PaymentBloc PaymentRefreshRequested should trigger PaymentsLoadRequested when refresh is requested
00:22 +340 ~162: /Users/nguyenanhkiet/Playground/grex/test/features/payments/presentation/bloc/payment_bloc_test.dart: PaymentBloc Helper Methods canDeletePayment should return true when payment exists
00:22 +341 ~162: /Users/nguyenanhkiet/Playground/grex/test/features/payments/presentation/bloc/payment_bloc_test.dart: PaymentBloc Helper Methods getFilterSummary should return correct summary
00:22 +342 ~162: /Users/nguyenanhkiet/Playground/grex/test/features/payments/presentation/bloc/payment_bloc_test.dart: PaymentBloc Helper Methods getPaymentsByUser should return correct payments
00:22 +343 ~162: /Users/nguyenanhkiet/Playground/grex/test/features/payments/presentation/bloc/payment_bloc_test.dart: PaymentBloc Helper Methods getTotalPaidByUser should return correct amount
00:22 +344 ~162: /Users/nguyenanhkiet/Playground/grex/test/features/payments/presentation/bloc/payment_bloc_test.dart: PaymentBloc Helper Methods getTotalReceivedByUser should return correct amount
00:22 +345 ~162: /Users/nguyenanhkiet/Playground/grex/test/features/payments/presentation/bloc/payment_bloc_test.dart: PaymentBloc Helper Methods getNetPaymentForUser should return correct net amount
00:22 +346 ~162: /Users/nguyenanhkiet/Playground/grex/test/features/payments/presentation/bloc/payment_bloc_test.dart: PaymentBloc Real-time Updates should handle real-time payment updates
00:22 +347 ~162: /Users/nguyenanhkiet/Playground/grex/test/features/payments/presentation/bloc/payment_bloc_test.dart: PaymentBloc Real-time Updates should handle real-time connection errors gracefully
00:22 +348 ~162: /Users/nguyenanhkiet/Playground/grex/test/features/payments/presentation/bloc/payment_bloc_test.dart: PaymentBloc State Transitions PaymentsLoaded state helper methods work correctly
00:22 +349 ~162: /Users/nguyenanhkiet/Playground/grex/test/features/payments/presentation/bloc/payment_bloc_test.dart: PaymentBloc State Transitions PaymentFilter matches method works correctly
00:22 +350 ~162: /Users/nguyenanhkiet/Playground/grex/test/features/payments/presentation/bloc/payment_bloc_test.dart: PaymentBloc State Transitions PaymentFilter description works correctly
00:22 +351 ~162: /Users/nguyenanhkiet/Playground/grex/test/features/payments/presentation/bloc/payment_bloc_property_test.dart: PaymentBloc Property-Based Tests Property 16: Payment listing includes timestamps should include valid timestamps for all payments with 1000+ iterations
  Skip: TODO(payment-property-tests): iteration count is now small enough to run, but each test uses `expectLater(paymentBloc.stream, ...)` AFTER `paymentBloc.add(...)` and bloc.stream is a broadcast stream that does not replay — the Loading/Loaded emits race the test subscriber and the stream closes by the time the test listens. Restructure with bloc_test's blocTest (which subscribes first) or subscribe before dispatching to re-enable.
00:22 +351 ~163: /Users/nguyenanhkiet/Playground/grex/test/features/payments/presentation/bloc/payment_bloc_property_test.dart: PaymentBloc Property-Based Tests Property 16: Payment listing includes timestamps should maintain timestamp consistency during sorting with 500+ iterations
  Skip: TODO(payment-property-tests): iteration count is now small enough to run, but each test uses `expectLater(paymentBloc.stream, ...)` AFTER `paymentBloc.add(...)` and bloc.stream is a broadcast stream that does not replay — the Loading/Loaded emits race the test subscriber and the stream closes by the time the test listens. Restructure with bloc_test's blocTest (which subscribes first) or subscribe before dispatching to re-enable.
00:22 +351 ~164: /Users/nguyenanhkiet/Playground/grex/test/features/payments/presentation/bloc/payment_bloc_property_test.dart: PaymentBloc Property-Based Tests Property 16: Payment listing includes timestamps should preserve timestamps during filtering with 500+ iterations
  Skip: TODO(payment-property-tests): iteration count is now small enough to run, but each test uses `expectLater(paymentBloc.stream, ...)` AFTER `paymentBloc.add(...)` and bloc.stream is a broadcast stream that does not replay — the Loading/Loaded emits race the test subscriber and the stream closes by the time the test listens. Restructure with bloc_test's blocTest (which subscribes first) or subscribe before dispatching to re-enable.
00:22 +351 ~165: /Users/nguyenanhkiet/Playground/grex/test/features/payments/presentation/bloc/payment_bloc_property_test.dart: PaymentBloc Property-Based Tests Property 16: Payment listing includes timestamps should handle real-time updates with valid timestamps with 300+ iterations
  Skip: TODO(payment-property-tests): iteration count is now small enough to run, but each test uses `expectLater(paymentBloc.stream, ...)` AFTER `paymentBloc.add(...)` and bloc.stream is a broadcast stream that does not replay — the Loading/Loaded emits race the test subscriber and the stream closes by the time the test listens. Restructure with bloc_test's blocTest (which subscribes first) or subscribe before dispatching to re-enable.
00:22 +351 ~166: /Users/nguyenanhkiet/Playground/grex/test/features/payments/presentation/bloc/payment_bloc_property_test.dart: PaymentBloc Property-Based Tests Property 16: Payment listing includes timestamps should maintain timestamp integrity across operations with 200+ iterations
  Skip: TODO(payment-property-tests): iteration count is now small enough to run, but each test uses `expectLater(paymentBloc.stream, ...)` AFTER `paymentBloc.add(...)` and bloc.stream is a broadcast stream that does not replay — the Loading/Loaded emits race the test subscriber and the stream closes by the time the test listens. Restructure with bloc_test's blocTest (which subscribes first) or subscribe before dispatching to re-enable.
00:23 +351 ~167: /Users/nguyenanhkiet/Playground/grex/test/features/auth/integration/auth_integration_test.dart: End-to-End Authentication Tests Complete registration flow from UI to database
  Skip: TODO(integration): pumps the full MyApp tree without ProviderScope/locale/mock-wiring, so assertions fail before reaching the UI under test. Re-enable after auth integration setup is rebuilt around pumpAuthWidget and profile pages are i18n-wired.
00:23 +351 ~168: /Users/nguyenanhkiet/Playground/grex/test/features/auth/integration/auth_integration_test.dart: End-to-End Authentication Tests Complete login flow with session establishment
  Skip: TODO(integration): pumps the full MyApp tree without ProviderScope/locale/mock-wiring, so assertions fail before reaching the UI under test. Re-enable after auth integration setup is rebuilt around pumpAuthWidget and profile pages are i18n-wired.
00:23 +351 ~169: /Users/nguyenanhkiet/Playground/grex/test/features/auth/integration/auth_integration_test.dart: End-to-End Authentication Tests Password reset flow end-to-end
  Skip: TODO(integration): pumps the full MyApp tree without ProviderScope/locale/mock-wiring, so assertions fail before reaching the UI under test. Re-enable after auth integration setup is rebuilt around pumpAuthWidget and profile pages are i18n-wired.
00:23 +351 ~170: /Users/nguyenanhkiet/Playground/grex/test/features/auth/integration/auth_integration_test.dart: End-to-End Authentication Tests Email verification flow
  Skip: TODO(integration): pumps the full MyApp tree without ProviderScope/locale/mock-wiring, so assertions fail before reaching the UI under test. Re-enable after auth integration setup is rebuilt around pumpAuthWidget and profile pages are i18n-wired.
00:23 +351 ~171: /Users/nguyenanhkiet/Playground/grex/test/features/auth/integration/auth_integration_test.dart: End-to-End Authentication Tests Registration with validation errors
  Skip: TODO(integration): pumps the full MyApp tree without ProviderScope/locale/mock-wiring, so assertions fail before reaching the UI under test. Re-enable after auth integration setup is rebuilt around pumpAuthWidget and profile pages are i18n-wired.
00:23 +351 ~172: /Users/nguyenanhkiet/Playground/grex/test/features/auth/integration/auth_integration_test.dart: End-to-End Authentication Tests Login with authentication failure
  Skip: TODO(integration): pumps the full MyApp tree without ProviderScope/locale/mock-wiring, so assertions fail before reaching the UI under test. Re-enable after auth integration setup is rebuilt around pumpAuthWidget and profile pages are i18n-wired.
00:23 +351 ~173: /Users/nguyenanhkiet/Playground/grex/test/features/auth/integration/auth_flow_integration_test.dart: Authentication Flow Integration Tests Complete registration flow from UI to repository
  Skip: TODO(integration): pumps the full MyApp tree without ProviderScope/locale/mock-wiring, so assertions fail before reaching the UI under test. Re-enable after auth integration setup is rebuilt around pumpAuthWidget and profile pages are i18n-wired.
00:23 +351 ~174: /Users/nguyenanhkiet/Playground/grex/test/features/auth/integration/auth_flow_integration_test.dart: Authentication Flow Integration Tests Complete login flow with session establishment
  Skip: TODO(integration): pumps the full MyApp tree without ProviderScope/locale/mock-wiring, so assertions fail before reaching the UI under test. Re-enable after auth integration setup is rebuilt around pumpAuthWidget and profile pages are i18n-wired.
00:23 +351 ~175: /Users/nguyenanhkiet/Playground/grex/test/features/auth/integration/auth_flow_integration_test.dart: Authentication Flow Integration Tests Login with authentication failure shows error
  Skip: TODO(integration): pumps the full MyApp tree without ProviderScope/locale/mock-wiring, so assertions fail before reaching the UI under test. Re-enable after auth integration setup is rebuilt around pumpAuthWidget and profile pages are i18n-wired.
00:23 +351 ~176: /Users/nguyenanhkiet/Playground/grex/test/features/auth/integration/auth_flow_integration_test.dart: Authentication Flow Integration Tests Registration with validation errors
  Skip: TODO(integration): pumps the full MyApp tree without ProviderScope/locale/mock-wiring, so assertions fail before reaching the UI under test. Re-enable after auth integration setup is rebuilt around pumpAuthWidget and profile pages are i18n-wired.
00:23 +351 ~177: /Users/nguyenanhkiet/Playground/grex/test/features/auth/integration/auth_flow_integration_test.dart: Profile Management Integration Tests Profile loading from repository
  Skip: TODO(integration): see file-level note on the auth flow group — same root cause (no ProviderScope, no locale, no mock-wiring).
00:23 +351 ~178: /Users/nguyenanhkiet/Playground/grex/test/features/auth/integration/auth_flow_integration_test.dart: Profile Management Integration Tests Profile update with repository persistence
  Skip: TODO(integration): see file-level note on the auth flow group — same root cause (no ProviderScope, no locale, no mock-wiring).
00:23 +351 ~179: /Users/nguyenanhkiet/Playground/grex/test/features/auth/integration/auth_flow_integration_test.dart: Profile Management Integration Tests Profile error scenarios
  Skip: TODO(integration): see file-level note on the auth flow group — same root cause (no ProviderScope, no locale, no mock-wiring).
00:23 +351 ~180: /Users/nguyenanhkiet/Playground/grex/test/features/auth/integration/auth_flow_integration_test.dart: Session Management Integration Tests Session initialization on app start
  Skip: TODO(integration): see file-level note on the auth flow group — same root cause (no ProviderScope, no locale, no mock-wiring).
00:23 +351 ~181: /Users/nguyenanhkiet/Playground/grex/test/features/auth/integration/auth_flow_integration_test.dart: Session Management Integration Tests Session cleanup on logout
  Skip: TODO(integration): see file-level note on the auth flow group — same root cause (no ProviderScope, no locale, no mock-wiring).
00:23 +351 ~182: /Users/nguyenanhkiet/Playground/grex/test/features/auth/integration/auth_flow_integration_test.dart: Session Management Integration Tests Session expiration handling
  Skip: TODO(integration): see file-level note on the auth flow group — same root cause (no ProviderScope, no locale, no mock-wiring).
00:23 +351 ~183: /Users/nguyenanhkiet/Playground/grex/test/features/auth/integration/profile_flow_integration_test.dart: Profile Management Flow Integration Tests Profile display flow - load and show data
  Skip: TODO(integration): pumps the full MyApp tree without ProviderScope/locale/mock-wiring, so assertions fail before reaching the UI under test. Re-enable after auth integration setup is rebuilt around pumpAuthWidget and profile pages are i18n-wired.
00:23 +351 ~184: /Users/nguyenanhkiet/Playground/grex/test/features/auth/integration/profile_flow_integration_test.dart: Profile Management Flow Integration Tests Profile edit flow - update and persist changes
  Skip: TODO(integration): pumps the full MyApp tree without ProviderScope/locale/mock-wiring, so assertions fail before reaching the UI under test. Re-enable after auth integration setup is rebuilt around pumpAuthWidget and profile pages are i18n-wired.
00:23 +351 ~185: /Users/nguyenanhkiet/Playground/grex/test/features/auth/integration/profile_flow_integration_test.dart: Profile Management Flow Integration Tests Profile validation flow - prevent invalid updates
  Skip: TODO(integration): pumps the full MyApp tree without ProviderScope/locale/mock-wiring, so assertions fail before reaching the UI under test. Re-enable after auth integration setup is rebuilt around pumpAuthWidget and profile pages are i18n-wired.
00:23 +351 ~186: /Users/nguyenanhkiet/Playground/grex/test/features/auth/integration/profile_flow_integration_test.dart: Profile Management Flow Integration Tests Profile error handling flow - network failure
  Skip: TODO(integration): pumps the full MyApp tree without ProviderScope/locale/mock-wiring, so assertions fail before reaching the UI under test. Re-enable after auth integration setup is rebuilt around pumpAuthWidget and profile pages are i18n-wired.
00:23 +351 ~187: /Users/nguyenanhkiet/Playground/grex/test/features/auth/integration/profile_flow_integration_test.dart: Profile Management Flow Integration Tests Profile retry flow - recover from error
  Skip: TODO(integration): pumps the full MyApp tree without ProviderScope/locale/mock-wiring, so assertions fail before reaching the UI under test. Re-enable after auth integration setup is rebuilt around pumpAuthWidget and profile pages are i18n-wired.
00:23 +351 ~188: /Users/nguyenanhkiet/Playground/grex/test/features/auth/integration/profile_flow_integration_test.dart: Profile Management Flow Integration Tests Profile update error flow - handle update failure
  Skip: TODO(integration): pumps the full MyApp tree without ProviderScope/locale/mock-wiring, so assertions fail before reaching the UI under test. Re-enable after auth integration setup is rebuilt around pumpAuthWidget and profile pages are i18n-wired.
00:23 +351 ~189: /Users/nguyenanhkiet/Playground/grex/test/features/auth/integration/profile_flow_integration_test.dart: Profile Management Flow Integration Tests Profile optimistic update flow - rollback on failure
  Skip: TODO(integration): pumps the full MyApp tree without ProviderScope/locale/mock-wiring, so assertions fail before reaching the UI under test. Re-enable after auth integration setup is rebuilt around pumpAuthWidget and profile pages are i18n-wired.
00:23 +351 ~190: /Users/nguyenanhkiet/Playground/grex/test/features/auth/integration/profile_flow_integration_test.dart: Profile Management Flow Integration Tests Profile data consistency flow - multiple operations
  Skip: TODO(integration): pumps the full MyApp tree without ProviderScope/locale/mock-wiring, so assertions fail before reaching the UI under test. Re-enable after auth integration setup is rebuilt around pumpAuthWidget and profile pages are i18n-wired.
00:25 +351 ~191: /Users/nguyenanhkiet/Playground/grex/test/features/auth/integration/session_flow_integration_test.dart: Session Management Flow Integration Tests Session persistence flow - app restart with valid session
  Skip: TODO(integration): pumps the full MyApp tree without ProviderScope/locale/mock-wiring, so assertions fail before reaching the UI under test. Re-enable after auth integration setup is rebuilt around pumpAuthWidget and profile pages are i18n-wired.
00:25 +351 ~192: /Users/nguyenanhkiet/Playground/grex/test/features/auth/integration/session_flow_integration_test.dart: Session Management Flow Integration Tests Session expiration flow - handle expired session
  Skip: TODO(integration): pumps the full MyApp tree without ProviderScope/locale/mock-wiring, so assertions fail before reaching the UI under test. Re-enable after auth integration setup is rebuilt around pumpAuthWidget and profile pages are i18n-wired.
00:25 +351 ~193: /Users/nguyenanhkiet/Playground/grex/test/features/auth/integration/session_flow_integration_test.dart: Session Management Flow Integration Tests Session refresh flow - automatic token refresh
  Skip: TODO(integration): pumps the full MyApp tree without ProviderScope/locale/mock-wiring, so assertions fail before reaching the UI under test. Re-enable after auth integration setup is rebuilt around pumpAuthWidget and profile pages are i18n-wired.
00:25 +351 ~194: /Users/nguyenanhkiet/Playground/grex/test/features/auth/integration/session_flow_integration_test.dart: Session Management Flow Integration Tests Session cleanup flow - logout clears session
  Skip: TODO(integration): pumps the full MyApp tree without ProviderScope/locale/mock-wiring, so assertions fail before reaching the UI under test. Re-enable after auth integration setup is rebuilt around pumpAuthWidget and profile pages are i18n-wired.
00:25 +351 ~195: /Users/nguyenanhkiet/Playground/grex/test/features/auth/integration/session_flow_integration_test.dart: Session Management Flow Integration Tests Session integrity flow - handle corrupted session data
  Skip: TODO(integration): pumps the full MyApp tree without ProviderScope/locale/mock-wiring, so assertions fail before reaching the UI under test. Re-enable after auth integration setup is rebuilt around pumpAuthWidget and profile pages are i18n-wired.
00:25 +351 ~196: /Users/nguyenanhkiet/Playground/grex/test/features/auth/integration/session_flow_integration_test.dart: Session Management Flow Integration Tests Session validation flow - periodic validation
  Skip: TODO(integration): pumps the full MyApp tree without ProviderScope/locale/mock-wiring, so assertions fail before reaching the UI under test. Re-enable after auth integration setup is rebuilt around pumpAuthWidget and profile pages are i18n-wired.
00:25 +351 ~197: /Users/nguyenanhkiet/Playground/grex/test/features/auth/integration/session_flow_integration_test.dart: Session Management Flow Integration Tests Session start flow - new authentication session
  Skip: TODO(integration): pumps the full MyApp tree without ProviderScope/locale/mock-wiring, so assertions fail before reaching the UI under test. Re-enable after auth integration setup is rebuilt around pumpAuthWidget and profile pages are i18n-wired.
00:25 +351 ~198: /Users/nguyenanhkiet/Playground/grex/test/features/auth/integration/session_flow_integration_test.dart: Session Management Flow Integration Tests Session manager integration with AuthBloc
  Skip: TODO(integration): pumps the full MyApp tree without ProviderScope/locale/mock-wiring, so assertions fail before reaching the UI under test. Re-enable after auth integration setup is rebuilt around pumpAuthWidget and profile pages are i18n-wired.
00:25 +351 ~199: /Users/nguyenanhkiet/Playground/grex/test/features/auth/integration/session_flow_integration_test.dart: Session Management Flow Integration Tests Session expiry information flow
  Skip: TODO(integration): pumps the full MyApp tree without ProviderScope/locale/mock-wiring, so assertions fail before reaching the UI under test. Re-enable after auth integration setup is rebuilt around pumpAuthWidget and profile pages are i18n-wired.
00:25 +351 ~200: /Users/nguyenanhkiet/Playground/grex/test/features/auth/integration/session_flow_integration_test.dart: Session Management Flow Integration Tests Session refresh failure flow - handle refresh errors
  Skip: TODO(integration): pumps the full MyApp tree without ProviderScope/locale/mock-wiring, so assertions fail before reaching the UI under test. Re-enable after auth integration setup is rebuilt around pumpAuthWidget and profile pages are i18n-wired.
00:25 +351 ~201: /Users/nguyenanhkiet/Playground/grex/test/features/auth/integration/session_flow_integration_test.dart: Session Management Flow Integration Tests Session current data flow - get active session
  Skip: TODO(integration): pumps the full MyApp tree without ProviderScope/locale/mock-wiring, so assertions fail before reaching the UI under test. Re-enable after auth integration setup is rebuilt around pumpAuthWidget and profile pages are i18n-wired.
00:25 +351 ~202: /Users/nguyenanhkiet/Playground/grex/test/features/auth/integration/session_integration_test.dart: Session Management Integration Tests Session persistence across app restarts
  Skip: TODO(integration): pumps the full MyApp tree without ProviderScope/locale/mock-wiring, so assertions fail before reaching the UI under test. Re-enable after auth integration setup is rebuilt around pumpAuthWidget and profile pages are i18n-wired.
00:25 +351 ~203: /Users/nguyenanhkiet/Playground/grex/test/features/auth/integration/session_integration_test.dart: Session Management Integration Tests Session expiration handling
  Skip: TODO(integration): pumps the full MyApp tree without ProviderScope/locale/mock-wiring, so assertions fail before reaching the UI under test. Re-enable after auth integration setup is rebuilt around pumpAuthWidget and profile pages are i18n-wired.
00:25 +351 ~204: /Users/nguyenanhkiet/Playground/grex/test/features/auth/integration/session_integration_test.dart: Session Management Integration Tests Automatic session refresh
  Skip: TODO(integration): pumps the full MyApp tree without ProviderScope/locale/mock-wiring, so assertions fail before reaching the UI under test. Re-enable after auth integration setup is rebuilt around pumpAuthWidget and profile pages are i18n-wired.
00:25 +351 ~205: /Users/nguyenanhkiet/Playground/grex/test/features/auth/integration/session_integration_test.dart: Session Management Integration Tests Session cleanup on logout
  Skip: TODO(integration): pumps the full MyApp tree without ProviderScope/locale/mock-wiring, so assertions fail before reaching the UI under test. Re-enable after auth integration setup is rebuilt around pumpAuthWidget and profile pages are i18n-wired.
00:25 +351 ~206: /Users/nguyenanhkiet/Playground/grex/test/features/auth/integration/session_integration_test.dart: Session Management Integration Tests Session integrity validation
  Skip: TODO(integration): pumps the full MyApp tree without ProviderScope/locale/mock-wiring, so assertions fail before reaching the UI under test. Re-enable after auth integration setup is rebuilt around pumpAuthWidget and profile pages are i18n-wired.
00:25 +351 ~207: /Users/nguyenanhkiet/Playground/grex/test/features/auth/integration/session_integration_test.dart: Session Management Integration Tests Multiple session refresh attempts
  Skip: TODO(integration): pumps the full MyApp tree without ProviderScope/locale/mock-wiring, so assertions fail before reaching the UI under test. Re-enable after auth integration setup is rebuilt around pumpAuthWidget and profile pages are i18n-wired.
00:25 +351 ~208: /Users/nguyenanhkiet/Playground/grex/test/features/auth/integration/session_integration_test.dart: Session Management Integration Tests Session validation on app resume
  Skip: TODO(integration): pumps the full MyApp tree without ProviderScope/locale/mock-wiring, so assertions fail before reaching the UI under test. Re-enable after auth integration setup is rebuilt around pumpAuthWidget and profile pages are i18n-wired.
00:25 +351 ~209: /Users/nguyenanhkiet/Playground/grex/test/features/auth/integration/session_integration_test.dart: Session Management Integration Tests Concurrent session operations
  Skip: TODO(integration): pumps the full MyApp tree without ProviderScope/locale/mock-wiring, so assertions fail before reaching the UI under test. Re-enable after auth integration setup is rebuilt around pumpAuthWidget and profile pages are i18n-wired.
00:25 +351 ~210: /Users/nguyenanhkiet/Playground/grex/test/features/auth/integration/profile_integration_test.dart: Profile Management Integration Tests Profile loading from database
  Skip: TODO(integration): pumps the full MyApp tree without ProviderScope/locale/mock-wiring, so assertions fail before reaching the UI under test. Re-enable after auth integration setup is rebuilt around pumpAuthWidget and profile pages are i18n-wired.
00:25 +351 ~211: /Users/nguyenanhkiet/Playground/grex/test/features/auth/integration/profile_integration_test.dart: Profile Management Integration Tests Profile updates with database persistence
  Skip: TODO(integration): pumps the full MyApp tree without ProviderScope/locale/mock-wiring, so assertions fail before reaching the UI under test. Re-enable after auth integration setup is rebuilt around pumpAuthWidget and profile pages are i18n-wired.
00:25 +351 ~212: /Users/nguyenanhkiet/Playground/grex/test/features/auth/integration/profile_integration_test.dart: Profile Management Integration Tests Profile error scenarios
  Skip: TODO(integration): pumps the full MyApp tree without ProviderScope/locale/mock-wiring, so assertions fail before reaching the UI under test. Re-enable after auth integration setup is rebuilt around pumpAuthWidget and profile pages are i18n-wired.
00:25 +351 ~213: /Users/nguyenanhkiet/Playground/grex/test/features/auth/integration/profile_integration_test.dart: Profile Management Integration Tests Profile update validation errors
  Skip: TODO(integration): pumps the full MyApp tree without ProviderScope/locale/mock-wiring, so assertions fail before reaching the UI under test. Re-enable after auth integration setup is rebuilt around pumpAuthWidget and profile pages are i18n-wired.
00:25 +351 ~214: /Users/nguyenanhkiet/Playground/grex/test/features/auth/integration/profile_integration_test.dart: Profile Management Integration Tests Profile update network error handling
  Skip: TODO(integration): pumps the full MyApp tree without ProviderScope/locale/mock-wiring, so assertions fail before reaching the UI under test. Re-enable after auth integration setup is rebuilt around pumpAuthWidget and profile pages are i18n-wired.
00:25 +351 ~215: /Users/nguyenanhkiet/Playground/grex/test/features/auth/integration/profile_integration_test.dart: Profile Management Integration Tests Profile update optimistic updates and rollback
  Skip: TODO(integration): pumps the full MyApp tree without ProviderScope/locale/mock-wiring, so assertions fail before reaching the UI under test. Re-enable after auth integration setup is rebuilt around pumpAuthWidget and profile pages are i18n-wired.
00:25 +351 ~216: /Users/nguyenanhkiet/Playground/grex/test/features/auth/integration/profile_integration_test.dart: Profile Management Integration Tests Profile data consistency across navigation
  Skip: TODO(integration): pumps the full MyApp tree without ProviderScope/locale/mock-wiring, so assertions fail before reaching the UI under test. Re-enable after auth integration setup is rebuilt around pumpAuthWidget and profile pages are i18n-wired.
00:26 +351 ~217: /Users/nguyenanhkiet/Playground/grex/test/features/auth/data/utils/social_auth_error_mapper_test.dart: SocialAuthErrorMapper mapError should map Supabase AuthException with network error
00:26 +352 ~217: /Users/nguyenanhkiet/Playground/grex/test/features/auth/data/utils/social_auth_error_mapper_test.dart: SocialAuthErrorMapper mapError should map Supabase AuthException with timeout error
00:26 +353 ~217: /Users/nguyenanhkiet/Playground/grex/test/features/auth/data/utils/social_auth_error_mapper_test.dart: SocialAuthErrorMapper mapError should map Supabase AuthException with cancellation error
00:26 +354 ~217: /Users/nguyenanhkiet/Playground/grex/test/features/auth/data/utils/social_auth_error_mapper_test.dart: SocialAuthErrorMapper mapError should map Supabase AuthException with access denied
00:26 +355 ~217: /Users/nguyenanhkiet/Playground/grex/test/features/auth/data/utils/social_auth_error_mapper_test.dart: SocialAuthErrorMapper mapError should map Supabase AuthException with account linking error
00:26 +356 ~217: /Users/nguyenanhkiet/Playground/grex/test/features/auth/data/utils/social_auth_error_mapper_test.dart: SocialAuthErrorMapper mapError should map Supabase AuthException with OAuth provider error
00:26 +357 ~217: /Users/nguyenanhkiet/Playground/grex/test/features/auth/data/utils/social_auth_error_mapper_test.dart: SocialAuthErrorMapper mapError should map generic Supabase AuthException
00:26 +358 ~217: /Users/nguyenanhkiet/Playground/grex/test/features/auth/data/utils/social_auth_error_mapper_test.dart: SocialAuthErrorMapper mapError should map TimeoutException
00:26 +359 ~217: /Users/nguyenanhkiet/Playground/grex/test/features/auth/data/utils/social_auth_error_mapper_test.dart: SocialAuthErrorMapper mapError should map network-related generic exceptions
00:26 +360 ~217: /Users/nguyenanhkiet/Playground/grex/test/features/auth/data/utils/social_auth_error_mapper_test.dart: SocialAuthErrorMapper mapError should map socket exceptions
00:26 +361 ~217: /Users/nguyenanhkiet/Playground/grex/test/features/auth/data/utils/social_auth_error_mapper_test.dart: SocialAuthErrorMapper mapError should map timeout-related generic exceptions
00:26 +362 ~217: /Users/nguyenanhkiet/Playground/grex/test/features/auth/data/utils/social_auth_error_mapper_test.dart: SocialAuthErrorMapper mapError should map cancellation-related generic exceptions
00:26 +363 ~217: /Users/nguyenanhkiet/Playground/grex/test/features/auth/data/utils/social_auth_error_mapper_test.dart: SocialAuthErrorMapper mapError should map account linking generic exceptions
00:26 +364 ~217: /Users/nguyenanhkiet/Playground/grex/test/features/auth/data/utils/social_auth_error_mapper_test.dart: SocialAuthErrorMapper mapError should map unknown exceptions to generic social auth failure
00:26 +365 ~217: /Users/nguyenanhkiet/Playground/grex/test/features/auth/data/utils/social_auth_error_mapper_test.dart: SocialAuthErrorMapper specific mapping methods mapNetworkError should return SocialAuthNetworkFailure
00:26 +366 ~217: /Users/nguyenanhkiet/Playground/grex/test/features/auth/data/utils/social_auth_error_mapper_test.dart: SocialAuthErrorMapper specific mapping methods mapTimeoutError should return SocialAuthTimeoutFailure
00:26 +367 ~217: /Users/nguyenanhkiet/Playground/grex/test/features/auth/data/utils/social_auth_error_mapper_test.dart: SocialAuthErrorMapper specific mapping methods mapAccountLinkingError should return AccountLinkingFailure
00:26 +368 ~217: /Users/nguyenanhkiet/Playground/grex/test/features/auth/data/utils/social_auth_error_mapper_test.dart: SocialAuthErrorMapper specific mapping methods mapCancellationError should return SocialAuthCancelledFailure
00:26 +369 ~217: /Users/nguyenanhkiet/Playground/grex/test/features/auth/data/utils/social_auth_error_mapper_test.dart: SocialAuthErrorMapper message sanitization should remove technical prefixes from error messages
00:26 +370 ~217: /Users/nguyenanhkiet/Playground/grex/test/features/auth/data/utils/social_auth_error_mapper_test.dart: SocialAuthErrorMapper message sanitization should remove stack trace information
00:26 +371 ~217: /Users/nguyenanhkiet/Playground/grex/test/features/auth/data/utils/social_auth_error_mapper_test.dart: SocialAuthErrorMapper message sanitization should remove technical error codes in brackets
00:26 +372 ~217: /Users/nguyenanhkiet/Playground/grex/test/features/auth/data/utils/social_auth_error_mapper_test.dart: SocialAuthErrorMapper message sanitization should remove URLs from error messages
00:26 +373 ~217: /Users/nguyenanhkiet/Playground/grex/test/features/auth/data/utils/social_auth_error_mapper_test.dart: SocialAuthErrorMapper message sanitization should remove technical identifiers
00:26 +374 ~217: /Users/nguyenanhkiet/Playground/grex/test/features/auth/data/utils/social_auth_error_mapper_test.dart: SocialAuthErrorMapper message sanitization should ensure proper capitalization
00:26 +375 ~217: /Users/nguyenanhkiet/Playground/grex/test/features/auth/data/utils/social_auth_error_mapper_test.dart: SocialAuthErrorMapper message sanitization should provide fallback message for empty sanitized strings
00:26 +376 ~217: /Users/nguyenanhkiet/Playground/grex/test/features/auth/data/utils/social_auth_error_mapper_test.dart: SocialAuthErrorMapper error detection helpers should correctly identify network errors
00:26 +377 ~217: /Users/nguyenanhkiet/Playground/grex/test/features/auth/data/utils/social_auth_error_mapper_test.dart: SocialAuthErrorMapper error detection helpers should correctly identify timeout errors
00:26 +378 ~217: /Users/nguyenanhkiet/Playground/grex/test/features/auth/data/utils/social_auth_error_mapper_test.dart: SocialAuthErrorMapper error detection helpers should correctly identify cancellation errors
00:26 +379 ~217: /Users/nguyenanhkiet/Playground/grex/test/features/auth/data/utils/social_auth_error_mapper_test.dart: SocialAuthErrorMapper error detection helpers should correctly identify account linking errors
00:26 +380 ~217: /Users/nguyenanhkiet/Playground/grex/test/features/auth/data/utils/social_auth_error_mapper_test.dart: SocialAuthErrorMapper edge cases should handle null error messages
00:26 +381 ~217: /Users/nguyenanhkiet/Playground/grex/test/features/auth/data/utils/social_auth_error_mapper_test.dart: SocialAuthErrorMapper edge cases should handle very long error messages
00:26 +382 ~217: /Users/nguyenanhkiet/Playground/grex/test/features/auth/data/utils/social_auth_error_mapper_test.dart: SocialAuthErrorMapper edge cases should handle error messages with special characters
00:26 +383 ~217: /Users/nguyenanhkiet/Playground/grex/test/features/auth/data/utils/social_auth_error_mapper_test.dart: SocialAuthErrorMapper edge cases should handle error messages with unicode characters
00:26 +384 ~217: /Users/nguyenanhkiet/Playground/grex/test/features/auth/data/utils/social_auth_error_mapper_property_test.dart: Property 26: OAuth Errors Map to User-Friendly Messages should map all error types to user-friendly messages with 100 iterations
00:26 +385 ~217: /Users/nguyenanhkiet/Playground/grex/test/features/auth/data/utils/social_auth_error_mapper_property_test.dart: Property 26: OAuth Errors Map to User-Friendly Messages should handle Supabase AuthException with 100+ iterations
00:26 +386 ~217: /Users/nguyenanhkiet/Playground/grex/test/features/auth/data/repositories/social_auth_repository_oauth_session_property_test.dart: Property Test: Successful OAuth Establishes Valid Session Property 2: Successful OAuth Session Contains Valid User Data - Google
00:26 +387 ~217: /Users/nguyenanhkiet/Playground/grex/test/features/auth/data/repositories/social_auth_repository_oauth_session_property_test.dart: Property Test: Successful OAuth Establishes Valid Session Property 2: Successful OAuth Session Contains Valid User Data - Google
00:26 +388 ~217: /Users/nguyenanhkiet/Playground/grex/test/features/auth/data/repositories/social_auth_repository_oauth_session_property_test.dart: Property Test: Successful OAuth Establishes Valid Session Property 2: Successful OAuth Session Contains Valid User Data - Google
00:26 +389 ~217: /Users/nguyenanhkiet/Playground/grex/test/features/auth/data/repositories/social_auth_repository_oauth_session_property_test.dart: Property Test: Successful OAuth Establishes Valid Session Property 2: Successful OAuth Session Contains Valid User Data - Google
00:26 +390 ~217: /Users/nguyenanhkiet/Playground/grex/test/features/auth/data/repositories/social_auth_repository_oauth_session_property_test.dart: Property Test: Successful OAuth Establishes Valid Session Property 2: Successful OAuth Session Contains Valid User Data - Google
00:26 +391 ~217: /Users/nguyenanhkiet/Playground/grex/test/features/auth/data/repositories/social_auth_repository_oauth_session_property_test.dart: Property Test: Successful OAuth Establishes Valid Session Property 2: Successful OAuth Session Contains Valid User Data - Apple
00:26 +392 ~217: /Users/nguyenanhkiet/Playground/grex/test/features/auth/data/repositories/social_auth_repository_oauth_session_property_test.dart: Property Test: Successful OAuth Establishes Valid Session Property 2: Valid Session Contains Required User Metadata
00:26 +393 ~217: /Users/nguyenanhkiet/Playground/grex/test/features/auth/data/repositories/social_auth_repository_oauth_session_property_test.dart: Property Test: Successful OAuth Establishes Valid Session Property 2: Session Establishment Is Consistent Across Providers
00:26 +394 ~217: /Users/nguyenanhkiet/Playground/grex/test/features/auth/data/repositories/social_auth_repository_oauth_session_property_test.dart: Property Test: Successful OAuth Establishes Valid Session Property 2: OAuth Display Name Extraction Works Correctly
00:27 +395 ~217: /Users/nguyenanhkiet/Playground/grex/test/features/auth/data/repositories/social_auth_repository_oauth_initiation_property_test.dart: Property Test: OAuth Initiation Triggers Correct Provider Flow Property 1: OAuth Provider Parameters Are Consistent
00:27 +396 ~217: /Users/nguyenanhkiet/Playground/grex/test/features/auth/data/repositories/social_auth_repository_oauth_initiation_property_test.dart: Property Test: OAuth Initiation Triggers Correct Provider Flow Property 1: OAuth Redirect URL Format Is Consistent
00:27 +397 ~217: /Users/nguyenanhkiet/Playground/grex/test/features/auth/data/repositories/social_auth_repository_oauth_initiation_property_test.dart: Property Test: OAuth Initiation Triggers Correct Provider Flow Property 1: OAuth Launch Mode Configuration Is External
00:27 +398 ~217: /Users/nguyenanhkiet/Playground/grex/test/features/auth/data/repositories/social_auth_repository_oauth_initiation_property_test.dart: Property Test: OAuth Initiation Triggers Correct Provider Flow Property 1: OAuth Provider Enumeration Is Complete
00:27 +399 ~217: /Users/nguyenanhkiet/Playground/grex/test/features/auth/data/repositories/social_auth_repository_oauth_initiation_property_test.dart: Property Test: OAuth Initiation Triggers Correct Provider Flow Property 1: OAuth Configuration Constants Are Immutable
00:28 +400 ~217: /Users/nguyenanhkiet/Playground/grex/test/features/auth/data/repositories/supabase_user_repository_test.dart: (setUpAll)
00:28 +400 ~217: /Users/nguyenanhkiet/Playground/grex/test/features/auth/data/repositories/supabase_user_repository_test.dart: SupabaseUserRepository Property Test 6: Profile updates are atomic should successfully update profile with valid data
00:28 +401 ~217: /Users/nguyenanhkiet/Playground/grex/test/features/auth/data/repositories/supabase_user_repository_test.dart: SupabaseUserRepository Property Test 6: Profile updates are atomic should successfully update profile with valid data
00:28 +402 ~217: /Users/nguyenanhkiet/Playground/grex/test/features/auth/data/repositories/supabase_user_repository_test.dart: SupabaseUserRepository Property Test 6: Profile updates are atomic should successfully update profile with valid data
00:28 +403 ~217: /Users/nguyenanhkiet/Playground/grex/test/features/auth/data/repositories/supabase_user_repository_test.dart: SupabaseUserRepository Property Test 6: Profile updates are atomic should successfully update profile with valid data
00:28 +404 ~217: /Users/nguyenanhkiet/Playground/grex/test/features/auth/data/repositories/supabase_user_repository_test.dart: SupabaseUserRepository Property Test 6: Profile updates are atomic should successfully update profile with valid data
00:28 +405 ~217: /Users/nguyenanhkiet/Playground/grex/test/features/auth/data/repositories/supabase_user_repository_test.dart: SupabaseUserRepository Property Test 6: Profile updates are atomic should successfully update profile with valid data
00:28 +406 ~217: /Users/nguyenanhkiet/Playground/grex/test/features/auth/data/repositories/supabase_user_repository_test.dart: SupabaseUserRepository Property Test 6: Profile updates are atomic should successfully update profile with valid data
00:28 +407 ~217: /Users/nguyenanhkiet/Playground/grex/test/features/auth/data/repositories/supabase_user_repository_test.dart: SupabaseUserRepository Property Test 6: Profile updates are atomic should handle concurrent update conflicts
00:28 +408 ~217: /Users/nguyenanhkiet/Playground/grex/test/features/auth/data/repositories/supabase_user_repository_test.dart: SupabaseUserRepository Property Test 6: Profile updates are atomic should validate profile data before update
00:28 +409 ~217: /Users/nguyenanhkiet/Playground/grex/test/features/auth/data/repositories/supabase_user_repository_test.dart: SupabaseUserRepository getUserProfile should successfully get user profile
00:28 +410 ~217: /Users/nguyenanhkiet/Playground/grex/test/features/auth/data/repositories/supabase_user_repository_test.dart: SupabaseUserRepository getUserProfile should handle user not found
00:28 +411 ~217: /Users/nguyenanhkiet/Playground/grex/test/features/auth/data/repositories/supabase_user_repository_test.dart: SupabaseUserRepository createUserProfile should successfully create user profile
  Skip: Repo now uses two-step insert+select; chainable mock pattern doesn't represent that. Rewrite as integration test.
00:28 +411 ~218: /Users/nguyenanhkiet/Playground/grex/test/features/auth/data/repositories/supabase_user_repository_test.dart: SupabaseUserRepository createUserProfile should handle duplicate profile creation
00:28 +412 ~218: /Users/nguyenanhkiet/Playground/grex/test/features/auth/data/repositories/supabase_user_repository_test.dart: SupabaseUserRepository getUserProfileByEmail should successfully get user profile by email
00:28 +413 ~218: /Users/nguyenanhkiet/Playground/grex/test/features/auth/data/repositories/supabase_user_repository_test.dart: SupabaseUserRepository getUserProfileByEmail should return null when no profile exists with email
00:28 +414 ~218: /Users/nguyenanhkiet/Playground/grex/test/features/auth/data/repositories/supabase_user_repository_test.dart: SupabaseUserRepository getUserProfileByEmail should handle database errors when getting profile by email
00:28 +415 ~218: /Users/nguyenanhkiet/Playground/grex/test/features/auth/data/repositories/supabase_user_repository_test.dart: SupabaseUserRepository createSocialUserProfile should successfully create social user profile
  Skip: Repo now uses two-step insert+select; chainable mock pattern doesn't represent that. Rewrite as integration test.
00:28 +415 ~219: /Users/nguyenanhkiet/Playground/grex/test/features/auth/data/repositories/supabase_user_repository_test.dart: SupabaseUserRepository createSocialUserProfile should handle duplicate email errors when creating social profile
00:28 +416 ~219: /Users/nguyenanhkiet/Playground/grex/test/features/auth/data/repositories/supabase_user_repository_test.dart: SupabaseUserRepository createSocialUserProfile should handle network errors when creating social profile
00:28 +417 ~219: /Users/nguyenanhkiet/Playground/grex/test/features/auth/data/repositories/supabase_user_repository_test.dart: (tearDownAll)
00:28 +417 ~219: /Users/nguyenanhkiet/Playground/grex/test/features/auth/data/repositories/supabase_auth_repository_test.dart: (setUpAll)
00:28 +417 ~219: /Users/nguyenanhkiet/Playground/grex/test/features/auth/data/repositories/supabase_auth_repository_test.dart: SupabaseAuthRepository Property Test 1: Registration creates account and profile should successfully register user with valid credentials
00:28 +418 ~219: /Users/nguyenanhkiet/Playground/grex/test/features/auth/data/repositories/supabase_auth_repository_test.dart: SupabaseAuthRepository Property Test 1: Registration creates account and profile should handle registration failure with existing email
00:28 +419 ~219: /Users/nguyenanhkiet/Playground/grex/test/features/auth/data/repositories/supabase_auth_repository_test.dart: SupabaseAuthRepository Property Test 1: Registration creates account and profile should handle weak password during registration
00:28 +420 ~219: /Users/nguyenanhkiet/Playground/grex/test/features/auth/data/repositories/supabase_auth_repository_test.dart: SupabaseAuthRepository signInWithEmail should successfully sign in with valid credentials
00:28 +421 ~219: /Users/nguyenanhkiet/Playground/grex/test/features/auth/data/repositories/supabase_auth_repository_test.dart: SupabaseAuthRepository signInWithEmail should handle invalid credentials
00:28 +422 ~219: /Users/nguyenanhkiet/Playground/grex/test/features/auth/data/repositories/supabase_auth_repository_test.dart: SupabaseAuthRepository signOut should successfully sign out user
00:28 +423 ~219: /Users/nguyenanhkiet/Playground/grex/test/features/auth/data/repositories/supabase_auth_repository_test.dart: SupabaseAuthRepository signOut should handle sign out failure
00:28 +424 ~219: /Users/nguyenanhkiet/Playground/grex/test/features/auth/data/repositories/supabase_auth_repository_test.dart: SupabaseAuthRepository resetPassword should successfully send reset password email
00:28 +425 ~219: /Users/nguyenanhkiet/Playground/grex/test/features/auth/data/repositories/supabase_auth_repository_test.dart: SupabaseAuthRepository currentUser should return current user when authenticated
00:29 +426 ~219: /Users/nguyenanhkiet/Playground/grex/test/features/auth/data/repositories/supabase_auth_repository_test.dart: SupabaseAuthRepository currentUser should return null when not authenticated
00:29 +427 ~219: /Users/nguyenanhkiet/Playground/grex/test/features/auth/data/repositories/supabase_auth_repository_test.dart: (tearDownAll)
00:29 +427 ~219: /Users/nguyenanhkiet/Playground/grex/test/features/auth/data/repositories/social_auth_repository_security_test.dart: (setUpAll)
00:29 +427 ~219: /Users/nguyenanhkiet/Playground/grex/test/features/auth/data/repositories/social_auth_repository_security_test.dart: SocialAuthRepository - Security Features OAuth scope validation should validate HTTPS transmission before Google OAuth
00:29 +428 ~219: /Users/nguyenanhkiet/Playground/grex/test/features/auth/data/repositories/social_auth_repository_security_test.dart: SocialAuthRepository - Security Features OAuth scope validation should validate HTTPS transmission before Apple OAuth
00:29 +429 ~219: /Users/nguyenanhkiet/Playground/grex/test/features/auth/data/repositories/social_auth_repository_security_test.dart: SocialAuthRepository - Security Features OAuth scope validation should proceed with Google OAuth when HTTPS is used
00:29 +430 ~219: /Users/nguyenanhkiet/Playground/grex/test/features/auth/data/repositories/social_auth_repository_security_test.dart: SocialAuthRepository - Security Features Token storage security should validate secure storage after successful Google OAuth
00:29 +431 ~219: /Users/nguyenanhkiet/Playground/grex/test/features/auth/data/repositories/social_auth_repository_security_test.dart: SocialAuthRepository - Security Features Token storage security should validate secure storage after successful Apple OAuth
00:29 +432 ~219: /Users/nguyenanhkiet/Playground/grex/test/features/auth/data/repositories/social_auth_repository_security_test.dart: SocialAuthRepository - Security Features Token exposure prevention in errors should sanitize AuthException messages in Google OAuth
00:29 +433 ~219: /Users/nguyenanhkiet/Playground/grex/test/features/auth/data/repositories/social_auth_repository_security_test.dart: SocialAuthRepository - Security Features Token exposure prevention in errors should sanitize AuthException messages in Apple OAuth
00:29 +434 ~219: /Users/nguyenanhkiet/Playground/grex/test/features/auth/data/repositories/social_auth_repository_security_test.dart: SocialAuthRepository - Security Features Token exposure prevention in errors should sanitize generic exception messages
00:29 +435 ~219: /Users/nguyenanhkiet/Playground/grex/test/features/auth/data/repositories/social_auth_repository_security_test.dart: SocialAuthRepository - Security Features Token exposure prevention in errors should sanitize error messages in profile creation
00:29 +436 ~219: /Users/nguyenanhkiet/Playground/grex/test/features/auth/data/repositories/social_auth_repository_security_test.dart: SocialAuthRepository - Security Features Token exposure prevention in errors should sanitize error messages in account linking
00:29 +437 ~219: /Users/nguyenanhkiet/Playground/grex/test/features/auth/data/repositories/social_auth_repository_security_test.dart: SocialAuthRepository - Security Features Revoked access handling should handle revoked tokens gracefully in Google OAuth
00:29 +438 ~219: /Users/nguyenanhkiet/Playground/grex/test/features/auth/data/repositories/social_auth_repository_security_test.dart: SocialAuthRepository - Security Features Revoked access handling should handle revoked tokens gracefully in Apple OAuth
00:29 +439 ~219: /Users/nguyenanhkiet/Playground/grex/test/features/auth/data/repositories/social_auth_repository_security_test.dart: SocialAuthRepository - Security Features Revoked access handling should provide appropriate error message for revocation
00:29 +440 ~219: /Users/nguyenanhkiet/Playground/grex/test/features/auth/data/repositories/social_auth_repository_security_test.dart: SocialAuthRepository - Security Features Security configuration validation should use external browser launch mode for Google OAuth
00:29 +441 ~219: /Users/nguyenanhkiet/Playground/grex/test/features/auth/data/repositories/social_auth_repository_security_test.dart: SocialAuthRepository - Security Features Security configuration validation should use external browser launch mode for Apple OAuth
00:29 +442 ~219: /Users/nguyenanhkiet/Playground/grex/test/features/auth/data/repositories/social_auth_repository_security_test.dart: SocialAuthRepository - Security Features Security configuration validation should use secure callback URL scheme
00:29 +443 ~219: /Users/nguyenanhkiet/Playground/grex/test/features/auth/data/repositories/social_auth_repository_security_test.dart: (tearDownAll)
00:30 +443 ~219: /Users/nguyenanhkiet/Playground/grex/test/features/auth/data/repositories/supabase_social_auth_repository_nonce_property_test.dart: Property 5: Hashed Nonce Sent to Provider Property 5: Generated nonces have distinct plain and hashed values
00:30 +444 ~219: /Users/nguyenanhkiet/Playground/grex/test/features/auth/data/handlers/auth_deep_link_handler_interception_property_test.dart: Property 7: Deep Link Handler Intercepts OAuth Callbacks should intercept valid OAuth callbacks and ignore non-OAuth links
00:30 +445 ~219: /Users/nguyenanhkiet/Playground/grex/test/features/auth/data/handlers/auth_deep_link_handler_interception_property_test.dart: Property 7: Deep Link Handler Intercepts OAuth Callbacks should intercept valid OAuth callbacks and ignore non-OAuth links
00:30 +446 ~219: /Users/nguyenanhkiet/Playground/grex/test/features/auth/data/handlers/auth_deep_link_handler_interception_property_test.dart: Property 7: Deep Link Handler Intercepts OAuth Callbacks should intercept valid OAuth callbacks and ignore non-OAuth links
00:30 +447 ~219: /Users/nguyenanhkiet/Playground/grex/test/features/auth/data/repositories/supabase_social_auth_repository_nonce_property_test.dart: Property 5: Hashed Nonce Sent to Provider Property 5: Hashed nonce format is suitable for OAuth providers
00:30 +448 ~219: /Users/nguyenanhkiet/Playground/grex/test/features/auth/data/repositories/supabase_social_auth_repository_nonce_property_test.dart: Property 5: Hashed Nonce Sent to Provider Property 5: Plain nonce format is suitable for Supabase validation
00:30 +449 ~219: /Users/nguyenanhkiet/Playground/grex/test/features/auth/data/repositories/supabase_social_auth_repository_nonce_property_test.dart: Property 5: Hashed Nonce Sent to Provider Property 5: Nonce pair maintains cryptographic relationship
00:31 +450 ~219: /Users/nguyenanhkiet/Playground/grex/test/features/auth/data/handlers/auth_deep_link_handler_test.dart: AuthDeepLinkHandler callback URL validation should validate correct OAuth callback URLs
00:31 +451 ~219: /Users/nguyenanhkiet/Playground/grex/test/features/auth/data/handlers/auth_deep_link_handler_test.dart: AuthDeepLinkHandler callback URL validation should reject invalid OAuth callback URLs
00:31 +452 ~219: /Users/nguyenanhkiet/Playground/grex/test/features/auth/data/handlers/auth_deep_link_handler_test.dart: AuthDeepLinkHandler error handling should handle malformed URLs gracefully
00:31 +453 ~219: /Users/nguyenanhkiet/Playground/grex/test/features/auth/data/handlers/auth_deep_link_handler_test.dart: AuthDeepLinkHandler error handling should handle empty query parameters
00:31 +454 ~219: /Users/nguyenanhkiet/Playground/grex/test/features/auth/data/handlers/auth_deep_link_handler_test.dart: AuthDeepLinkHandler error handling should handle case sensitivity correctly
00:31 +455 ~219: /Users/nguyenanhkiet/Playground/grex/test/features/auth/data/handlers/auth_deep_link_handler_test.dart: AuthDeepLinkHandler subscription cleanup should handle multiple dispose calls gracefully
00:31 +456 ~219: /Users/nguyenanhkiet/Playground/grex/test/features/auth/data/handlers/auth_deep_link_handler_test.dart: AuthDeepLinkHandler subscription cleanup should handle dispose before initialize
00:31 +457 ~219: /Users/nguyenanhkiet/Playground/grex/test/features/auth/data/handlers/auth_deep_link_handler_test.dart: AuthDeepLinkHandler callback processing should process valid OAuth callback through onDeepLink
00:31 +458 ~219: /Users/nguyenanhkiet/Playground/grex/test/features/auth/data/handlers/auth_deep_link_handler_test.dart: AuthDeepLinkHandler callback processing should not process invalid callbacks
00:31 +459 ~219: /Users/nguyenanhkiet/Playground/grex/test/features/auth/data/handlers/auth_deep_link_handler_test.dart: AuthDeepLinkHandler callback processing should handle callback with complex query parameters
00:31 +460 ~219: /Users/nguyenanhkiet/Playground/grex/test/features/auth/data/handlers/auth_deep_link_handler_test.dart: AuthDeepLinkHandler callback processing should handle multiple callbacks
00:31 +461 ~219: /Users/nguyenanhkiet/Playground/grex/test/features/auth/data/handlers/auth_deep_link_handler_test.dart: AuthDeepLinkHandler edge cases should handle URLs with fragments
00:31 +462 ~219: /Users/nguyenanhkiet/Playground/grex/test/features/auth/data/handlers/auth_deep_link_handler_test.dart: AuthDeepLinkHandler edge cases should handle URLs with ports
00:31 +463 ~219: /Users/nguyenanhkiet/Playground/grex/test/features/auth/data/handlers/auth_deep_link_handler_test.dart: AuthDeepLinkHandler edge cases should handle URLs with paths
00:31 +464 ~219: /Users/nguyenanhkiet/Playground/grex/test/features/auth/data/handlers/auth_deep_link_handler_test.dart: AuthDeepLinkHandler edge cases should handle URLs with userinfo
00:31 +465 ~219: /Users/nguyenanhkiet/Playground/grex/test/features/auth/data/handlers/auth_deep_link_handler_invalid_callback_property_test.dart: Property 8: Invalid OAuth Callbacks Prompt Retry should handle invalid callbacks with appropriate error messages and retry prompts
00:31 +466 ~219: /Users/nguyenanhkiet/Playground/grex/test/features/auth/data/handlers/auth_deep_link_handler_callback_failures_property_test.dart: Property 29: Callback Processing Failures Display Generic Error should display generic error for callback processing failures with 100+ iterations
00:31 +467 ~219: /Users/nguyenanhkiet/Playground/grex/test/features/auth/data/handlers/auth_deep_link_handler_callback_failures_property_test.dart: Property 29: Callback Processing Failures Display Generic Error should display generic error for callback processing failures with 100+ iterations
00:31 +468 ~219: /Users/nguyenanhkiet/Playground/grex/test/features/auth/data/handlers/auth_deep_link_handler_callback_failures_property_test.dart: Property 29: Callback Processing Failures Display Generic Error should log detailed error information with 100+ iterations
00:31 +469 ~219: /Users/nguyenanhkiet/Playground/grex/test/features/auth/data/handlers/auth_deep_link_handler_callback_failures_property_test.dart: Property 29: Callback Processing Failures Display Generic Error should not expose sensitive information in errors with 100+ iterations
00:31 +470 ~219: /Users/nguyenanhkiet/Playground/grex/test/features/auth/data/handlers/auth_deep_link_handler_callback_failures_property_test.dart: Property 29: Callback Processing Failures Display Generic Error should handle malformed callback URLs with 100+ iterations
00:31 +471 ~219: /Users/nguyenanhkiet/Playground/grex/test/features/auth/data/handlers/auth_deep_link_handler_callback_failures_property_test.dart: Property 29: Callback Processing Failures Display Generic Error should handle callback processing timeouts with 100+ iterations
00:31 +472 ~219: /Users/nguyenanhkiet/Playground/grex/test/features/auth/data/handlers/auth_deep_link_handler_callback_failures_property_test.dart: Property 29: Callback Processing Failures Display Generic Error should maintain error consistency across failure types with 100+ iterations
00:32 +473 ~219: /Users/nguyenanhkiet/Playground/grex/test/features/auth/data/services/nonce_generator_property_test.dart: NonceGenerator Property Tests Property 1: All generated nonces are ≥32 chars and match valid pattern
00:33 +474 ~219: /Users/nguyenanhkiet/Playground/grex/test/features/auth/data/services/nonce_generator_property_test.dart: NonceGenerator Property Tests Property 2: Nonces pass statistical randomness tests
00:33 +475 ~219: /Users/nguyenanhkiet/Playground/grex/test/features/auth/data/services/nonce_generator_property_test.dart: NonceGenerator Property Tests Property 3: SHA-256 hash matches expected result
00:33 +476 ~219: /Users/nguyenanhkiet/Playground/grex/test/features/auth/data/services/nonce_generator_property_test.dart: NonceGenerator Property Tests Property 4: No duplicate nonces generated across requests
00:33 +477 ~219: /Users/nguyenanhkiet/Playground/grex/test/features/auth/data/services/nonce_generator_property_test.dart: NonceGenerator Property Tests Property 4b: Nonce reuse is prevented by tracking
00:33 +478 ~219: /Users/nguyenanhkiet/Playground/grex/test/features/auth/data/services/nonce_generator_test.dart: NonceGeneratorImpl should generate nonce with minimum 32 characters
00:33 +479 ~219: /Users/nguyenanhkiet/Playground/grex/test/features/auth/data/services/nonce_generator_test.dart: NonceGeneratorImpl should generate unique nonces
00:33 +480 ~219: /Users/nguyenanhkiet/Playground/grex/test/features/auth/data/services/nonce_generator_test.dart: NonceGeneratorImpl should validate correct nonce format
00:33 +481 ~219: /Users/nguyenanhkiet/Playground/grex/test/features/auth/data/services/nonce_generator_test.dart: NonceGeneratorImpl should reject nonce shorter than 32 characters
00:33 +482 ~219: /Users/nguyenanhkiet/Playground/grex/test/features/auth/data/services/nonce_generator_test.dart: NonceGeneratorImpl should reject nonce with invalid characters
00:33 +483 ~219: /Users/nguyenanhkiet/Playground/grex/test/features/auth/data/services/nonce_generator_test.dart: NonceGeneratorImpl should clear used nonces
00:33 +484 ~219: /Users/nguyenanhkiet/Playground/grex/test/features/auth/data/services/nonce_generator_test.dart: NonceGeneratorImpl should generate nonce with custom length
00:33 +485 ~219: /Users/nguyenanhkiet/Playground/grex/test/features/auth/data/services/nonce_generator_test.dart: NonceGeneratorImpl should throw error for length less than 32
00:33 +486 ~219: /Users/nguyenanhkiet/Playground/grex/test/features/auth/data/services/secure_session_service_test.dart: SecureSessionService token sync storeSession writes accessToken and refreshToken to token keys
00:33 +487 ~219: /Users/nguyenanhkiet/Playground/grex/test/features/auth/data/services/secure_session_service_test.dart: SecureSessionService token sync clearSession deletes tokenKey and refreshTokenKey
00:34 +488 ~219: /Users/nguyenanhkiet/Playground/grex/test/features/auth/domain/repositories/social_auth_repository_test.dart: SocialAuthRepository Interface signInWithGoogle should return User on successful Google sign in
00:34 +489 ~219: /Users/nguyenanhkiet/Playground/grex/test/features/auth/domain/repositories/social_auth_repository_test.dart: SocialAuthRepository Interface signInWithGoogle should return SocialAuthFailure on Google sign in failure
00:34 +490 ~219: /Users/nguyenanhkiet/Playground/grex/test/features/auth/domain/repositories/social_auth_repository_test.dart: SocialAuthRepository Interface signInWithGoogle should return SocialAuthCancelledFailure when user cancels
00:34 +491 ~219: /Users/nguyenanhkiet/Playground/grex/test/features/auth/domain/repositories/social_auth_repository_test.dart: SocialAuthRepository Interface signInWithGoogle should return SocialAuthNetworkFailure on network error
00:34 +492 ~219: /Users/nguyenanhkiet/Playground/grex/test/features/auth/domain/repositories/social_auth_repository_test.dart: SocialAuthRepository Interface signInWithGoogle should return ProfileSetupRequiredFailure for new users
00:34 +493 ~219: /Users/nguyenanhkiet/Playground/grex/test/features/auth/domain/repositories/social_auth_repository_test.dart: SocialAuthRepository Interface signInWithApple should return User on successful Apple sign in
00:34 +494 ~219: /Users/nguyenanhkiet/Playground/grex/test/features/auth/domain/repositories/social_auth_repository_test.dart: SocialAuthRepository Interface signInWithApple should return SocialAuthFailure on Apple sign in failure
00:34 +495 ~219: /Users/nguyenanhkiet/Playground/grex/test/features/auth/domain/repositories/social_auth_repository_test.dart: SocialAuthRepository Interface signInWithApple should return SocialAuthCancelledFailure when user cancels
00:34 +496 ~219: /Users/nguyenanhkiet/Playground/grex/test/features/auth/domain/repositories/social_auth_repository_test.dart: SocialAuthRepository Interface hasUserProfile should return true when user profile exists
00:34 +497 ~219: /Users/nguyenanhkiet/Playground/grex/test/features/auth/domain/repositories/social_auth_repository_test.dart: SocialAuthRepository Interface hasUserProfile should return false when user profile does not exist
00:34 +498 ~219: /Users/nguyenanhkiet/Playground/grex/test/features/auth/domain/repositories/social_auth_repository_test.dart: SocialAuthRepository Interface hasUserProfile should return false on database error
00:34 +499 ~219: /Users/nguyenanhkiet/Playground/grex/test/features/auth/domain/repositories/social_auth_repository_test.dart: SocialAuthRepository Interface linkSocialProvider should return success on successful linking
00:34 +500 ~219: /Users/nguyenanhkiet/Playground/grex/test/features/auth/domain/repositories/social_auth_repository_test.dart: SocialAuthRepository Interface linkSocialProvider should return AccountLinkingFailure when provider already linked
00:34 +501 ~219: /Users/nguyenanhkiet/Playground/grex/test/features/auth/domain/repositories/social_auth_repository_test.dart: SocialAuthRepository Interface linkSocialProvider should return SocialAuthCancelledFailure when user cancels
00:34 +502 ~219: /Users/nguyenanhkiet/Playground/grex/test/features/auth/domain/repositories/social_auth_repository_test.dart: SocialAuthRepository Interface createUserProfile should return UserProfile on successful profile creation
00:34 +503 ~219: /Users/nguyenanhkiet/Playground/grex/test/features/auth/domain/repositories/social_auth_repository_test.dart: SocialAuthRepository Interface createUserProfile should return AuthFailure on profile creation failure
00:34 +504 ~219: /Users/nguyenanhkiet/Playground/grex/test/features/auth/domain/properties/profile_display_property_simple_test.dart: Profile Display Property Tests (Simplified) Property 5: Profile display shows current data should maintain data consistency for various profile configurations
00:34 +505 ~219: /Users/nguyenanhkiet/Playground/grex/test/features/auth/domain/properties/profile_display_property_simple_test.dart: Profile Display Property Tests (Simplified) Property 5: Profile display shows current data should handle edge case profiles correctly
00:34 +506 ~219: /Users/nguyenanhkiet/Playground/grex/test/features/auth/domain/properties/profile_display_property_simple_test.dart: Profile Display Property Tests (Simplified) Property 5: Profile display shows current data should maintain consistency across profile updates
00:34 +507 ~219: /Users/nguyenanhkiet/Playground/grex/test/features/auth/domain/properties/unverified_user_restrictions_property_test.dart: Property 4: Unverified users get verification prompts should restrict unverified users from accessing protected features
00:34 +508 ~219: /Users/nguyenanhkiet/Playground/grex/test/features/auth/domain/properties/unverified_user_restrictions_property_test.dart: Property 4: Unverified users get verification prompts should allow verified users to access all features
00:34 +509 ~219: /Users/nguyenanhkiet/Playground/grex/test/features/auth/domain/properties/unverified_user_restrictions_property_test.dart: Property 4: Unverified users get verification prompts should handle verification state changes correctly
00:35 +510 ~219: /Users/nguyenanhkiet/Playground/grex/test/features/auth/domain/properties/unverified_user_restrictions_property_test.dart: Property 4: Unverified users get verification prompts should provide appropriate verification prompts
00:35 +511 ~219: /Users/nguyenanhkiet/Playground/grex/test/features/auth/domain/properties/unverified_user_restrictions_property_test.dart: Property 4: Unverified users get verification prompts should maintain consistent verification requirements
00:36 +512 ~219: /Users/nguyenanhkiet/Playground/grex/test/features/auth/domain/properties/navigation_flow_property_test.dart: Navigation Flow Properties Property 3: Authentication establishes valid session
00:36 +513 ~219: /Users/nguyenanhkiet/Playground/grex/test/features/auth/domain/properties/navigation_flow_property_test.dart: Navigation Flow Properties Property 3: Authentication establishes valid session
00:36 +514 ~219: /Users/nguyenanhkiet/Playground/grex/test/features/auth/domain/properties/navigation_flow_property_test.dart: Navigation Flow Properties Property 3: Authentication establishes valid session
00:36 +515 ~219: /Users/nguyenanhkiet/Playground/grex/test/features/auth/domain/properties/navigation_flow_property_test.dart: Navigation Flow Properties Property 3: Authentication establishes valid session
00:36 +516 ~219: /Users/nguyenanhkiet/Playground/grex/test/features/auth/domain/properties/navigation_flow_property_test.dart: Navigation Flow Properties Property 3: Authentication establishes valid session
00:36 +517 ~219: /Users/nguyenanhkiet/Playground/grex/test/features/auth/domain/properties/navigation_flow_property_test.dart: Navigation Flow Properties Property 3: Authentication establishes valid session
00:36 +518 ~219: /Users/nguyenanhkiet/Playground/grex/test/features/auth/domain/properties/session_expiration_property_test.dart: Session Expiration Properties Property: Access token expiration triggers refresh
00:36 +519 ~219: /Users/nguyenanhkiet/Playground/grex/test/features/auth/domain/properties/session_persistence_property_test.dart: Session Persistence Properties Property: Session validation is consistent
00:36 +520 ~219: /Users/nguyenanhkiet/Playground/grex/test/features/auth/domain/properties/session_persistence_property_test.dart: Session Persistence Properties Property: Session validation is consistent
00:36 +521 ~219: /Users/nguyenanhkiet/Playground/grex/test/features/auth/domain/properties/navigation_flow_property_test.dart: Navigation Flow Properties Property: Navigation guards work correctly
00:36 +522 ~219: /Users/nguyenanhkiet/Playground/grex/test/features/auth/domain/properties/navigation_flow_property_test.dart: Navigation Flow Properties Property: Navigation guards work correctly
00:36 +523 ~219: /Users/nguyenanhkiet/Playground/grex/test/features/auth/domain/properties/navigation_flow_property_test.dart: Navigation Flow Properties Property: Navigation guards work correctly
00:36 +524 ~219: /Users/nguyenanhkiet/Playground/grex/test/features/auth/domain/properties/session_expiration_property_test.dart: Session Expiration Properties Property: Session expiry notifications are consistent
00:36 +525 ~219: /Users/nguyenanhkiet/Playground/grex/test/features/auth/domain/properties/navigation_flow_property_test.dart: Navigation Flow Properties Property: Session persistence across app restarts
00:38 +526 ~219: /Users/nguyenanhkiet/Playground/grex/test/features/auth/domain/properties/verification_status_property_test.dart: Property 14: Email verification updates user status should update user status after successful email verification
00:38 +527 ~219: /Users/nguyenanhkiet/Playground/grex/test/features/auth/domain/properties/session_integrity_property_test.dart: Session Integrity Properties Property 12: Session integrity across device changes
00:38 +528 ~219: /Users/nguyenanhkiet/Playground/grex/test/features/auth/domain/properties/session_integrity_property_test.dart: Session Integrity Properties Property 12: Session integrity across device changes
00:38 +529 ~219: /Users/nguyenanhkiet/Playground/grex/test/features/auth/domain/properties/session_integrity_property_test.dart: Session Integrity Properties Property 12: Session integrity across device changes
00:38 +530 ~219: /Users/nguyenanhkiet/Playground/grex/test/features/auth/domain/properties/session_integrity_property_test.dart: Session Integrity Properties Property 12: Session integrity across device changes
00:38 +531 ~219: /Users/nguyenanhkiet/Playground/grex/test/features/auth/domain/properties/session_integrity_property_test.dart: Session Integrity Properties Property 12: Session integrity across device changes
00:38 +532 ~219: /Users/nguyenanhkiet/Playground/grex/test/features/auth/domain/properties/session_integrity_property_test.dart: Session Integrity Properties Property 12: Session integrity across device changes
00:38 +533 ~219: /Users/nguyenanhkiet/Playground/grex/test/features/auth/domain/properties/session_integrity_property_test.dart: Session Integrity Properties Property 12: Session integrity across device changes
00:38 +534 ~219: /Users/nguyenanhkiet/Playground/grex/test/features/auth/domain/properties/session_integrity_property_test.dart: Session Integrity Properties Property 12: Session integrity across device changes
00:39 +535 ~219: /Users/nguyenanhkiet/Playground/grex/test/features/auth/domain/properties/session_integrity_property_test.dart: Session Integrity Properties Property 12: Session integrity across device changes
00:39 +536 ~219: /Users/nguyenanhkiet/Playground/grex/test/features/auth/domain/properties/session_integrity_property_test.dart: Session Integrity Properties Property 12: Session integrity across device changes
00:39 +537 ~219: /Users/nguyenanhkiet/Playground/grex/test/features/auth/domain/properties/session_integrity_property_test.dart: Session Integrity Properties Property 12: Session integrity across device changes
00:39 +538 ~219: /Users/nguyenanhkiet/Playground/grex/test/features/auth/domain/properties/session_integrity_property_test.dart: Session Integrity Properties Property 12: Session integrity across device changes
00:39 +539 ~219: /Users/nguyenanhkiet/Playground/grex/test/features/auth/domain/properties/session_integrity_property_test.dart: Session Integrity Properties Property 12: Session integrity across device changes
00:39 +540 ~219: /Users/nguyenanhkiet/Playground/grex/test/features/auth/domain/properties/session_integrity_property_test.dart: Session Integrity Properties Property 12: Session integrity across device changes
00:39 +541 ~219: /Users/nguyenanhkiet/Playground/grex/test/features/auth/domain/properties/session_integrity_property_test.dart: Session Integrity Properties Property 12: Session integrity across device changes
00:39 +542 ~219: /Users/nguyenanhkiet/Playground/grex/test/features/auth/domain/properties/session_integrity_property_test.dart: Session Integrity Properties Property 12: Session integrity across device changes
00:39 +543 ~219: /Users/nguyenanhkiet/Playground/grex/test/features/auth/domain/properties/session_integrity_property_test.dart: Session Integrity Properties Property 12: Session integrity across device changes
00:39 +544 ~219: /Users/nguyenanhkiet/Playground/grex/test/features/auth/domain/properties/session_integrity_property_test.dart: Session Integrity Properties Property 12: Session integrity across device changes
00:39 +545 ~219: /Users/nguyenanhkiet/Playground/grex/test/features/auth/domain/properties/session_integrity_property_test.dart: Session Integrity Properties Property 12: Session integrity across device changes
00:39 +546 ~219: /Users/nguyenanhkiet/Playground/grex/test/features/auth/domain/properties/session_integrity_property_test.dart: Session Integrity Properties Property 12: Session integrity across device changes
00:39 +547 ~219: /Users/nguyenanhkiet/Playground/grex/test/features/auth/domain/properties/session_integrity_property_test.dart: Session Integrity Properties Property 12: Session integrity across device changes
00:39 +548 ~219: /Users/nguyenanhkiet/Playground/grex/test/features/auth/domain/properties/session_integrity_property_test.dart: Session Integrity Properties Property 12: Session integrity across device changes
00:39 +549 ~219: /Users/nguyenanhkiet/Playground/grex/test/features/auth/domain/properties/session_integrity_property_test.dart: Session Integrity Properties Property 12: Session integrity across device changes
00:39 +550 ~219: /Users/nguyenanhkiet/Playground/grex/test/features/auth/domain/properties/session_integrity_property_test.dart: Session Integrity Properties Property 12: Session integrity across device changes
00:39 +551 ~219: /Users/nguyenanhkiet/Playground/grex/test/features/auth/domain/properties/session_integrity_property_test.dart: Session Integrity Properties Property 12: Session integrity across device changes
00:39 +552 ~219: /Users/nguyenanhkiet/Playground/grex/test/features/auth/domain/properties/session_integrity_property_test.dart: Session Integrity Properties Property 12: Session integrity across device changes
00:39 +553 ~219: /Users/nguyenanhkiet/Playground/grex/test/features/auth/domain/properties/session_integrity_property_test.dart: Session Integrity Properties Property 12: Session integrity across device changes
00:39 +554 ~219: /Users/nguyenanhkiet/Playground/grex/test/features/auth/domain/properties/session_integrity_property_test.dart: Session Integrity Properties Property 12: Session integrity across device changes
00:39 +555 ~219: /Users/nguyenanhkiet/Playground/grex/test/features/auth/domain/properties/session_integrity_property_test.dart: Session Integrity Properties Property 12: Session integrity across device changes
00:39 +556 ~219: /Users/nguyenanhkiet/Playground/grex/test/features/auth/domain/properties/session_integrity_property_test.dart: Session Integrity Properties Property 12: Session integrity across device changes
00:39 +557 ~219: /Users/nguyenanhkiet/Playground/grex/test/features/auth/domain/properties/session_integrity_property_test.dart: Session Integrity Properties Property 12: Session integrity across device changes
00:39 +558 ~219: /Users/nguyenanhkiet/Playground/grex/test/features/auth/domain/properties/session_integrity_property_test.dart: Session Integrity Properties Property 12: Session integrity across device changes
00:39 +559 ~219: /Users/nguyenanhkiet/Playground/grex/test/features/auth/domain/properties/session_integrity_property_test.dart: Session Integrity Properties Property 12: Session integrity across device changes
00:39 +560 ~219: /Users/nguyenanhkiet/Playground/grex/test/features/auth/domain/properties/session_integrity_property_test.dart: Session Integrity Properties Property 12: Session integrity across device changes
00:39 +561 ~219: /Users/nguyenanhkiet/Playground/grex/test/features/auth/domain/properties/session_integrity_property_test.dart: Session Integrity Properties Property 12: Session integrity across device changes
00:39 +562 ~219: /Users/nguyenanhkiet/Playground/grex/test/features/auth/domain/properties/session_integrity_property_test.dart: Session Integrity Properties Property 12: Session integrity across device changes
00:39 +563 ~219: /Users/nguyenanhkiet/Playground/grex/test/features/auth/domain/properties/session_integrity_property_test.dart: Session Integrity Properties Property 12: Session integrity across device changes
00:39 +564 ~219: /Users/nguyenanhkiet/Playground/grex/test/features/auth/domain/properties/session_integrity_property_test.dart: Session Integrity Properties Property 12: Session integrity across device changes
00:39 +565 ~219: /Users/nguyenanhkiet/Playground/grex/test/features/auth/domain/properties/session_integrity_property_test.dart: Session Integrity Properties Property 12: Session integrity across device changes
00:39 +566 ~219: /Users/nguyenanhkiet/Playground/grex/test/features/auth/domain/properties/session_integrity_property_test.dart: Session Integrity Properties Property 12: Session integrity across device changes
00:39 +567 ~219: /Users/nguyenanhkiet/Playground/grex/test/features/auth/domain/properties/session_integrity_property_test.dart: Session Integrity Properties Property 12: Session integrity across device changes
00:39 +568 ~219: /Users/nguyenanhkiet/Playground/grex/test/features/auth/domain/properties/session_integrity_property_test.dart: Session Integrity Properties Property 12: Session integrity across device changes
00:39 +569 ~219: /Users/nguyenanhkiet/Playground/grex/test/features/auth/domain/properties/session_integrity_property_test.dart: Session Integrity Properties Property 12: Session integrity across device changes
00:39 +570 ~219: /Users/nguyenanhkiet/Playground/grex/test/features/auth/domain/properties/session_integrity_property_test.dart: Session Integrity Properties Property 12: Session integrity across device changes
00:39 +571 ~219: /Users/nguyenanhkiet/Playground/grex/test/features/auth/domain/properties/session_integrity_property_test.dart: Session Integrity Properties Property 12: Session integrity across device changes
00:39 +572 ~219: /Users/nguyenanhkiet/Playground/grex/test/features/auth/domain/properties/session_integrity_property_test.dart: Session Integrity Properties Property 12: Session integrity across device changes
00:39 +573 ~219: /Users/nguyenanhkiet/Playground/grex/test/features/auth/domain/properties/session_integrity_property_test.dart: Session Integrity Properties Property 12: Session integrity across device changes
00:39 +574 ~219: /Users/nguyenanhkiet/Playground/grex/test/features/auth/domain/properties/session_integrity_property_test.dart: Session Integrity Properties Property 12: Session integrity across device changes
00:39 +575 ~219: /Users/nguyenanhkiet/Playground/grex/test/features/auth/domain/properties/session_integrity_property_test.dart: Session Integrity Properties Property 12: Session integrity across device changes
00:40 +576 ~219: /Users/nguyenanhkiet/Playground/grex/test/features/auth/domain/properties/session_integrity_property_test.dart: Session Integrity Properties Property 12: Session integrity across device changes
00:40 +577 ~219: /Users/nguyenanhkiet/Playground/grex/test/features/auth/domain/properties/session_integrity_property_test.dart: Session Integrity Properties Property 12: Session integrity across device changes
00:40 +578 ~219: /Users/nguyenanhkiet/Playground/grex/test/features/auth/domain/properties/session_integrity_property_test.dart: Session Integrity Properties Property 12: Session integrity across device changes
00:40 +579 ~219: /Users/nguyenanhkiet/Playground/grex/test/features/auth/domain/properties/session_integrity_property_test.dart: Session Integrity Properties Property 12: Session integrity across device changes
00:40 +580 ~219: /Users/nguyenanhkiet/Playground/grex/test/features/auth/domain/properties/session_integrity_property_test.dart: Session Integrity Properties Property 12: Session integrity across device changes
00:40 +581 ~219: /Users/nguyenanhkiet/Playground/grex/test/features/auth/domain/properties/session_integrity_property_test.dart: Session Integrity Properties Property 12: Session integrity across device changes
00:40 +582 ~219: /Users/nguyenanhkiet/Playground/grex/test/features/auth/domain/properties/session_integrity_property_test.dart: Session Integrity Properties Property 12: Session integrity across device changes
00:40 +583 ~219: /Users/nguyenanhkiet/Playground/grex/test/features/auth/domain/properties/session_integrity_property_test.dart: Session Integrity Properties Property 12: Session integrity across device changes
00:40 +584 ~219: /Users/nguyenanhkiet/Playground/grex/test/features/auth/domain/properties/session_integrity_property_test.dart: Session Integrity Properties Property 12: Session integrity across device changes
00:40 +585 ~219: /Users/nguyenanhkiet/Playground/grex/test/features/auth/domain/properties/session_integrity_property_test.dart: Session Integrity Properties Property 12: Session integrity across device changes
00:40 +586 ~219: /Users/nguyenanhkiet/Playground/grex/test/features/auth/domain/properties/session_integrity_property_test.dart: Session Integrity Properties Property 12: Session integrity across device changes
00:40 +587 ~219: /Users/nguyenanhkiet/Playground/grex/test/features/auth/domain/properties/session_integrity_property_test.dart: Session Integrity Properties Property 12: Session integrity across device changes
00:40 +588 ~219: /Users/nguyenanhkiet/Playground/grex/test/features/auth/domain/properties/session_integrity_property_test.dart: Session Integrity Properties Property 12: Session integrity across device changes
00:40 +589 ~219: /Users/nguyenanhkiet/Playground/grex/test/features/auth/domain/properties/session_integrity_property_test.dart: Session Integrity Properties Property 12: Session integrity across device changes
00:40 +590 ~219: /Users/nguyenanhkiet/Playground/grex/test/features/auth/domain/properties/session_integrity_property_test.dart: Session Integrity Properties Property 12: Session integrity across device changes
00:40 +591 ~219: /Users/nguyenanhkiet/Playground/grex/test/features/auth/domain/properties/session_integrity_property_test.dart: Session Integrity Properties Property 12: Session integrity across device changes
00:40 +592 ~219: /Users/nguyenanhkiet/Playground/grex/test/features/auth/domain/properties/session_integrity_property_test.dart: Session Integrity Properties Property 12: Session integrity across device changes
00:40 +593 ~219: /Users/nguyenanhkiet/Playground/grex/test/features/auth/domain/properties/session_integrity_property_test.dart: Session Integrity Properties Property 12: Session integrity across device changes
00:42 +594 ~219: /Users/nguyenanhkiet/Playground/grex/test/features/auth/domain/properties/session_integrity_property_test.dart: Session Integrity Properties Property 12: Session integrity across device changes
00:42 +595 ~219: /Users/nguyenanhkiet/Playground/grex/test/features/auth/domain/properties/session_integrity_property_test.dart: Session Integrity Properties Property 12: Session integrity across device changes
00:42 +596 ~219: /Users/nguyenanhkiet/Playground/grex/test/features/auth/domain/properties/session_integrity_property_test.dart: Session Integrity Properties Property 12: Session integrity across device changes
00:42 +597 ~219: /Users/nguyenanhkiet/Playground/grex/test/features/auth/domain/properties/session_integrity_property_test.dart: Session Integrity Properties Property 12: Session integrity across device changes
00:42 +598 ~219: /Users/nguyenanhkiet/Playground/grex/test/features/auth/domain/properties/session_integrity_property_test.dart: Session Integrity Properties Property 12: Session integrity across device changes
00:42 +599 ~219: /Users/nguyenanhkiet/Playground/grex/test/features/auth/domain/properties/session_integrity_property_test.dart: Session Integrity Properties Property 12: Session integrity across device changes
00:42 +600 ~219: /Users/nguyenanhkiet/Playground/grex/test/features/auth/domain/properties/session_integrity_property_test.dart: Session Integrity Properties Property 12: Session integrity across device changes
00:42 +601 ~219: /Users/nguyenanhkiet/Playground/grex/test/features/auth/domain/properties/session_integrity_property_test.dart: Session Integrity Properties Property 12: Session integrity across device changes
00:42 +602 ~219: /Users/nguyenanhkiet/Playground/grex/test/features/auth/domain/properties/session_integrity_property_test.dart: Session Integrity Properties Property 12: Session integrity across device changes
00:42 +603 ~219: /Users/nguyenanhkiet/Playground/grex/test/features/auth/domain/properties/session_integrity_property_test.dart: Session Integrity Properties Property 12: Session integrity across device changes
00:42 +604 ~219: /Users/nguyenanhkiet/Playground/grex/test/features/auth/domain/properties/session_integrity_property_test.dart: Session Integrity Properties Property 12: Session integrity across device changes
00:42 +605 ~219: /Users/nguyenanhkiet/Playground/grex/test/features/auth/domain/properties/session_integrity_property_test.dart: Session Integrity Properties Property 12: Session integrity across device changes
00:42 +606 ~219: /Users/nguyenanhkiet/Playground/grex/test/features/auth/domain/properties/session_integrity_property_test.dart: Session Integrity Properties Property 12: Session integrity across device changes
00:42 +607 ~219: /Users/nguyenanhkiet/Playground/grex/test/features/auth/domain/properties/session_integrity_property_test.dart: Session Integrity Properties Property 12: Session integrity across device changes
00:42 +608 ~219: /Users/nguyenanhkiet/Playground/grex/test/features/auth/domain/properties/session_integrity_property_test.dart: Session Integrity Properties Property 12: Session integrity across device changes
00:42 +609 ~219: /Users/nguyenanhkiet/Playground/grex/test/features/auth/domain/properties/session_integrity_property_test.dart: Session Integrity Properties Property 12: Session integrity across device changes
00:42 +610 ~219: /Users/nguyenanhkiet/Playground/grex/test/features/auth/domain/properties/session_integrity_property_test.dart: Session Integrity Properties Property 12: Session integrity across device changes
00:42 +611 ~219: /Users/nguyenanhkiet/Playground/grex/test/features/auth/domain/properties/session_integrity_property_test.dart: Session Integrity Properties Property 12: Session integrity across device changes
00:42 +612 ~219: /Users/nguyenanhkiet/Playground/grex/test/features/auth/domain/properties/session_integrity_property_test.dart: Session Integrity Properties Property 12: Session integrity across device changes
00:43 +613 ~219: /Users/nguyenanhkiet/Playground/grex/test/features/auth/domain/properties/session_integrity_property_test.dart: Session Integrity Properties Property: Session data is tamper-resistant
00:43 +614 ~219: /Users/nguyenanhkiet/Playground/grex/test/features/auth/domain/properties/session_integrity_property_test.dart: Session Integrity Properties Property: Session consistency across concurrent access
00:43 +615 ~219: /Users/nguyenanhkiet/Playground/grex/test/features/auth/domain/properties/session_integrity_property_test.dart: Session Integrity Properties Property: Session recovery from storage errors
00:43 +616 ~219: /Users/nguyenanhkiet/Playground/grex/test/features/auth/domain/properties/session_integrity_property_test.dart: Session Integrity Properties Property: Session data serialization integrity
00:43 +617 ~219: /Users/nguyenanhkiet/Playground/grex/test/features/auth/domain/services/session_refresh_property_test.dart: Property 25: Automatic Session Refresh Before Expiration should refresh session successfully for Google OAuth users
00:43 +618 ~219: /Users/nguyenanhkiet/Playground/grex/test/features/auth/domain/services/sign_out_property_test.dart: Property 24: Sign Out Revokes Session and Clears Data should revoke session and clear data for Google OAuth users
00:44 +619 ~219: /Users/nguyenanhkiet/Playground/grex/test/features/auth/domain/services/sign_out_property_test.dart: Property 24: Sign Out Revokes Session and Clears Data should revoke session and clear data for Google OAuth users
00:44 +620 ~219: /Users/nguyenanhkiet/Playground/grex/test/features/auth/domain/services/sign_out_property_test.dart: Property 24: Sign Out Revokes Session and Clears Data should revoke session and clear data for Google OAuth users
00:44 +621 ~219: /Users/nguyenanhkiet/Playground/grex/test/features/auth/domain/services/session_refresh_property_test.dart: Property 25: Automatic Session Refresh Before Expiration should handle refresh failures gracefully
00:44 +622 ~219: /Users/nguyenanhkiet/Playground/grex/test/features/auth/domain/services/sign_out_property_test.dart: Property 24: Sign Out Revokes Session and Clears Data should revoke session and clear data for Apple OAuth users
00:44 +623 ~219: /Users/nguyenanhkiet/Playground/grex/test/features/auth/domain/services/sign_out_property_test.dart: Property 24: Sign Out Revokes Session and Clears Data should revoke session and clear data for Apple OAuth users
00:44 +624 ~219: /Users/nguyenanhkiet/Playground/grex/test/features/auth/domain/services/sign_out_property_test.dart: Property 24: Sign Out Revokes Session and Clears Data should revoke session and clear data for email users
00:44 +625 ~219: /Users/nguyenanhkiet/Playground/grex/test/features/auth/domain/services/sign_out_property_test.dart: Property 24: Sign Out Revokes Session and Clears Data should handle sign out failures gracefully
00:44 +626 ~219: /Users/nguyenanhkiet/Playground/grex/test/features/auth/domain/services/sign_out_property_test.dart: Property 24: Sign Out Revokes Session and Clears Data should handle multiple sign out calls
00:44 +627 ~219: /Users/nguyenanhkiet/Playground/grex/test/features/auth/domain/services/expired_sessions_property_test.dart: Property 22: Expired Sessions Redirect to Login should detect expired sessions for Google OAuth users
00:44 +628 ~219: /Users/nguyenanhkiet/Playground/grex/test/features/auth/domain/services/expired_sessions_property_test.dart: Property 22: Expired Sessions Redirect to Login should detect expired sessions for Apple OAuth users
00:44 +629 ~219: /Users/nguyenanhkiet/Playground/grex/test/features/auth/domain/services/expired_sessions_property_test.dart: Property 22: Expired Sessions Redirect to Login should detect expired sessions for email users
00:45 +630 ~219: /Users/nguyenanhkiet/Playground/grex/test/features/auth/domain/services/expired_sessions_property_test.dart: Property 22: Expired Sessions Redirect to Login should handle null sessions
00:45 +631 ~219: /Users/nguyenanhkiet/Playground/grex/test/features/auth/domain/services/expired_sessions_property_test.dart: Property 22: Expired Sessions Redirect to Login should handle sessions with null expiry
00:45 +632 ~219: /Users/nguyenanhkiet/Playground/grex/test/features/auth/domain/services/invalid_sessions_property_test.dart: Property 23: Invalid Sessions Are Cleared should detect invalid sessions for Google OAuth users
00:45 +633 ~219: /Users/nguyenanhkiet/Playground/grex/test/features/auth/domain/services/invalid_sessions_property_test.dart: Property 23: Invalid Sessions Are Cleared should detect invalid sessions for Apple OAuth users
00:45 +634 ~219: /Users/nguyenanhkiet/Playground/grex/test/features/auth/domain/services/social_login_analytics_events_property_test.dart: Property 35: Analytics Events Logged for OAuth Actions should log analytics events for all social login actions with 100 iterations
00:45 +635 ~219: /Users/nguyenanhkiet/Playground/grex/test/features/auth/domain/services/social_login_analytics_events_property_test.dart: Property 35: Analytics Events Logged for OAuth Actions should log analytics events for all social login actions with 100 iterations
00:45 +636 ~219: /Users/nguyenanhkiet/Playground/grex/test/features/auth/domain/services/invalid_sessions_property_test.dart: Property 23: Invalid Sessions Are Cleared should handle refresh token failures
00:45 +637 ~219: /Users/nguyenanhkiet/Playground/grex/test/features/auth/domain/services/social_login_analytics_events_property_test.dart: Property 35: Analytics Events Logged for OAuth Actions should include outcome information in all events
00:45 +638 ~219: /Users/nguyenanhkiet/Playground/grex/test/features/auth/domain/services/invalid_sessions_property_test.dart: Property 23: Invalid Sessions Are Cleared should handle sign out for invalid sessions
00:45 +639 ~219: /Users/nguyenanhkiet/Playground/grex/test/features/auth/domain/services/invalid_sessions_property_test.dart: Property 23: Invalid Sessions Are Cleared should handle sign out for invalid sessions
00:46 +640 ~219: /Users/nguyenanhkiet/Playground/grex/test/features/auth/domain/services/simple_session_service_test.dart: SimpleSessionService hasValidSession should return true for valid session with future expiry
00:46 +641 ~219: /Users/nguyenanhkiet/Playground/grex/test/features/auth/domain/services/simple_session_service_test.dart: SimpleSessionService hasValidSession should return false for expired session
00:46 +642 ~219: /Users/nguyenanhkiet/Playground/grex/test/features/auth/domain/services/simple_session_service_test.dart: SimpleSessionService hasValidSession should return false for null session
00:46 +643 ~219: /Users/nguyenanhkiet/Playground/grex/test/features/auth/domain/services/simple_session_service_test.dart: SimpleSessionService hasValidSession should return false for session with null expiry
00:46 +644 ~219: /Users/nguyenanhkiet/Playground/grex/test/features/auth/domain/services/simple_session_service_test.dart: SimpleSessionService getCurrentUser should return User for authenticated Google OAuth user
00:46 +645 ~219: /Users/nguyenanhkiet/Playground/grex/test/features/auth/domain/services/simple_session_service_test.dart: SimpleSessionService getCurrentUser should return null for unauthenticated user
00:46 +646 ~219: /Users/nguyenanhkiet/Playground/grex/test/features/auth/domain/services/simple_session_service_test.dart: SimpleSessionService signOut should call Supabase auth signOut
00:46 +647 ~219: /Users/nguyenanhkiet/Playground/grex/test/features/auth/domain/services/simple_session_service_test.dart: SimpleSessionService signOut should propagate signOut exceptions
00:46 +648 ~219: /Users/nguyenanhkiet/Playground/grex/test/features/auth/domain/services/simple_session_service_test.dart: SimpleSessionService getAuthenticationMethod should return "google" for Google OAuth user
00:46 +649 ~219: /Users/nguyenanhkiet/Playground/grex/test/features/auth/domain/services/simple_session_service_test.dart: SimpleSessionService getAuthenticationMethod should return "email" for email authentication user
00:46 +650 ~219: /Users/nguyenanhkiet/Playground/grex/test/features/auth/domain/services/simple_session_service_test.dart: SimpleSessionService getAuthenticationMethod should return null for unauthenticated user
00:46 +651 ~219: /Users/nguyenanhkiet/Playground/grex/test/features/auth/domain/services/simple_session_service_test.dart: SimpleSessionService refreshSession should return true when refresh succeeds
00:46 +652 ~219: /Users/nguyenanhkiet/Playground/grex/test/features/auth/domain/services/simple_session_service_test.dart: SimpleSessionService refreshSession should return false when refresh throws exception
00:47 +653 ~219: /Users/nguyenanhkiet/Playground/grex/test/features/auth/domain/services/social_login_analytics_test.dart: SocialLoginAnalyticsImpl logSocialLoginInitiated should log social login initiated event for Google
00:47 +654 ~219: /Users/nguyenanhkiet/Playground/grex/test/features/auth/domain/services/social_login_analytics_test.dart: SocialLoginAnalyticsImpl logSocialLoginInitiated should log social login initiated event for Apple
00:47 +655 ~219: /Users/nguyenanhkiet/Playground/grex/test/features/auth/domain/services/social_login_analytics_test.dart: SocialLoginAnalyticsImpl logSocialLoginSuccess should log social login success event with new user type
00:47 +656 ~219: /Users/nguyenanhkiet/Playground/grex/test/features/auth/domain/services/social_login_analytics_test.dart: SocialLoginAnalyticsImpl logSocialLoginSuccess should log social login success event with existing user type
00:47 +657 ~219: /Users/nguyenanhkiet/Playground/grex/test/features/auth/domain/services/social_login_analytics_test.dart: SocialLoginAnalyticsImpl logSocialLoginSuccess should log social login success event with linking required user type
00:47 +658 ~219: /Users/nguyenanhkiet/Playground/grex/test/features/auth/domain/services/social_login_analytics_test.dart: SocialLoginAnalyticsImpl logSocialLoginFailure should log social login failure event with network error
00:47 +659 ~219: /Users/nguyenanhkiet/Playground/grex/test/features/auth/domain/services/social_login_analytics_test.dart: SocialLoginAnalyticsImpl logSocialLoginFailure should log social login failure event with timeout error
00:47 +660 ~219: /Users/nguyenanhkiet/Playground/grex/test/features/auth/domain/services/social_login_analytics_test.dart: SocialLoginAnalyticsImpl logSocialLoginFailure should log social login failure event with unknown error
00:47 +661 ~219: /Users/nguyenanhkiet/Playground/grex/test/features/auth/domain/services/social_login_analytics_test.dart: SocialLoginAnalyticsImpl logSocialLoginCancelled should log social login cancelled event for Google
00:47 +662 ~219: /Users/nguyenanhkiet/Playground/grex/test/features/auth/domain/services/social_login_analytics_test.dart: SocialLoginAnalyticsImpl logSocialLoginCancelled should log social login cancelled event for Apple
00:47 +663 ~219: /Users/nguyenanhkiet/Playground/grex/test/features/auth/domain/services/social_login_analytics_test.dart: SocialLoginAnalyticsImpl logProfileSetupCompleted should log profile setup completed event with all parameters
00:47 +664 ~219: /Users/nguyenanhkiet/Playground/grex/test/features/auth/domain/services/social_login_analytics_test.dart: SocialLoginAnalyticsImpl logProfileSetupCompleted should log profile setup completed event for Apple with different parameters
00:47 +665 ~219: /Users/nguyenanhkiet/Playground/grex/test/features/auth/domain/services/social_login_analytics_test.dart: SocialLoginAnalyticsImpl logProfileSetupCompleted should handle empty display name
00:47 +666 ~219: /Users/nguyenanhkiet/Playground/grex/test/features/auth/domain/services/social_login_analytics_test.dart: SocialLoginAnalyticsImpl logAccountLinking should log account linking confirmed event
00:47 +667 ~219: /Users/nguyenanhkiet/Playground/grex/test/features/auth/domain/services/social_login_analytics_test.dart: SocialLoginAnalyticsImpl logAccountLinking should log account linking declined event
00:47 +668 ~219: /Users/nguyenanhkiet/Playground/grex/test/features/auth/domain/services/social_login_analytics_test.dart: SocialLoginAnalyticsImpl logAccountLinking should handle email without domain
00:47 +669 ~219: /Users/nguyenanhkiet/Playground/grex/test/features/auth/domain/services/social_login_analytics_test.dart: SocialLoginAnalyticsImpl logAccountLinking should handle email with multiple @ symbols
00:47 +670 ~219: /Users/nguyenanhkiet/Playground/grex/test/features/auth/domain/services/social_login_analytics_test.dart: SocialLoginAnalyticsImpl event parameters validation should include timestamp in all events
00:47 +671 ~219: /Users/nguyenanhkiet/Playground/grex/test/features/auth/domain/services/social_login_analytics_test.dart: SocialLoginAnalyticsImpl event parameters validation should include provider in all events
00:47 +672 ~219: /Users/nguyenanhkiet/Playground/grex/test/features/auth/domain/services/social_login_analytics_test.dart: SocialLoginAnalyticsImpl multiple events logging should log multiple events in sequence
00:47 +673 ~219: /Users/nguyenanhkiet/Playground/grex/test/features/auth/domain/entities/user_test.dart: User Entity should create User from JSON
00:47 +674 ~219: /Users/nguyenanhkiet/Playground/grex/test/features/auth/domain/entities/user_test.dart: User Entity should handle null email_confirmed_at
00:47 +675 ~219: /Users/nguyenanhkiet/Playground/grex/test/features/auth/domain/entities/user_test.dart: User Entity should convert User to JSON
00:47 +676 ~219: /Users/nguyenanhkiet/Playground/grex/test/features/auth/domain/entities/user_test.dart: User Entity OAuth Metadata socialProvider should return Google when providers contains google
00:47 +677 ~219: /Users/nguyenanhkiet/Playground/grex/test/features/auth/domain/entities/user_test.dart: User Entity OAuth Metadata socialProvider should return Apple when providers contains apple
00:47 +678 ~219: /Users/nguyenanhkiet/Playground/grex/test/features/auth/domain/entities/user_test.dart: User Entity OAuth Metadata socialProvider should return null when providers is empty
00:47 +679 ~219: /Users/nguyenanhkiet/Playground/grex/test/features/auth/domain/entities/user_test.dart: User Entity OAuth Metadata socialProvider should return null when appMetadata is null
00:47 +680 ~219: /Users/nguyenanhkiet/Playground/grex/test/features/auth/domain/entities/user_test.dart: User Entity OAuth Metadata socialProvider should return null for email provider
00:47 +681 ~219: /Users/nguyenanhkiet/Playground/grex/test/features/auth/domain/entities/user_test.dart: User Entity OAuth Metadata oauthDisplayName should extract full_name from userMetadata
00:47 +682 ~219: /Users/nguyenanhkiet/Playground/grex/test/features/auth/domain/entities/user_test.dart: User Entity OAuth Metadata oauthDisplayName should extract name from userMetadata
00:47 +683 ~219: /Users/nguyenanhkiet/Playground/grex/test/features/auth/domain/entities/user_test.dart: User Entity OAuth Metadata oauthDisplayName should extract display_name from userMetadata
00:47 +684 ~219: /Users/nguyenanhkiet/Playground/grex/test/features/auth/domain/entities/user_test.dart: User Entity OAuth Metadata oauthDisplayName should prioritize full_name over name
00:47 +685 ~219: /Users/nguyenanhkiet/Playground/grex/test/features/auth/domain/entities/user_test.dart: User Entity OAuth Metadata oauthDisplayName should return null when userMetadata is null
00:47 +686 ~219: /Users/nguyenanhkiet/Playground/grex/test/features/auth/domain/entities/user_test.dart: User Entity OAuth Metadata oauthDisplayName should return null when no name fields present
00:47 +687 ~219: /Users/nguyenanhkiet/Playground/grex/test/features/auth/domain/entities/user_test.dart: User Entity OAuth Metadata fromSupabaseUser should extract OAuth metadata correctly
00:47 +688 ~219: /Users/nguyenanhkiet/Playground/grex/test/features/auth/domain/services/email_verification_test.dart: SupabaseEmailVerificationService processVerificationLink should process valid verification link successfully
00:47 +689 ~219: /Users/nguyenanhkiet/Playground/grex/test/features/auth/domain/services/email_verification_test.dart: SupabaseEmailVerificationService processVerificationLink should reject link without token parameter
00:47 +690 ~219: /Users/nguyenanhkiet/Playground/grex/test/features/auth/domain/services/email_verification_test.dart: SupabaseEmailVerificationService processVerificationLink should reject link without email parameter
00:47 +691 ~219: /Users/nguyenanhkiet/Playground/grex/test/features/auth/domain/services/email_verification_test.dart: SupabaseEmailVerificationService processVerificationLink should reject link with invalid email format
00:47 +692 ~219: /Users/nguyenanhkiet/Playground/grex/test/features/auth/domain/services/email_verification_test.dart: SupabaseEmailVerificationService processVerificationLink should reject link with wrong type parameter
00:47 +693 ~219: /Users/nguyenanhkiet/Playground/grex/test/features/auth/domain/services/email_verification_test.dart: SupabaseEmailVerificationService processVerificationLink should handle malformed URLs gracefully
00:47 +694 ~219: /Users/nguyenanhkiet/Playground/grex/test/features/auth/domain/services/email_verification_test.dart: SupabaseEmailVerificationService isVerificationLink should identify valid verification links
00:47 +695 ~219: /Users/nguyenanhkiet/Playground/grex/test/features/auth/domain/services/email_verification_test.dart: SupabaseEmailVerificationService isVerificationLink should reject invalid verification links
00:47 +696 ~219: /Users/nguyenanhkiet/Playground/grex/test/features/auth/domain/services/email_verification_test.dart: SupabaseEmailVerificationService extractToken should extract token from valid links
00:47 +697 ~219: /Users/nguyenanhkiet/Playground/grex/test/features/auth/domain/services/email_verification_test.dart: SupabaseEmailVerificationService extractToken should return null for links without token
00:47 +698 ~219: /Users/nguyenanhkiet/Playground/grex/test/features/auth/domain/services/email_verification_test.dart: SupabaseEmailVerificationService extractToken should handle malformed URLs gracefully
00:47 +699 ~219: /Users/nguyenanhkiet/Playground/grex/test/features/auth/domain/services/email_verification_test.dart: SupabaseEmailVerificationService extractEmail should extract email from valid links
00:47 +700 ~219: /Users/nguyenanhkiet/Playground/grex/test/features/auth/domain/services/email_verification_test.dart: SupabaseEmailVerificationService extractEmail should return null for links without email
00:47 +701 ~219: /Users/nguyenanhkiet/Playground/grex/test/features/auth/domain/services/email_verification_test.dart: SupabaseEmailVerificationService extractEmail should handle malformed URLs gracefully
00:47 +702 ~219: /Users/nguyenanhkiet/Playground/grex/test/features/auth/domain/services/email_verification_test.dart: SupabaseEmailVerificationService EmailVerificationData should create verification data correctly
00:47 +703 ~219: /Users/nguyenanhkiet/Playground/grex/test/features/auth/domain/services/email_verification_test.dart: SupabaseEmailVerificationService EmailVerificationData should implement equality correctly
00:47 +704 ~219: /Users/nguyenanhkiet/Playground/grex/test/features/auth/domain/services/email_verification_test.dart: SupabaseEmailVerificationService EmailVerificationData should have meaningful toString
00:47 +705 ~219: /Users/nguyenanhkiet/Playground/grex/test/features/auth/domain/services/email_verification_test.dart: SupabaseEmailVerificationService Edge Cases should handle empty token parameter
00:47 +706 ~219: /Users/nguyenanhkiet/Playground/grex/test/features/auth/domain/services/email_verification_test.dart: SupabaseEmailVerificationService Edge Cases should handle empty email parameter
00:47 +707 ~219: /Users/nguyenanhkiet/Playground/grex/test/features/auth/domain/services/email_verification_test.dart: SupabaseEmailVerificationService Edge Cases should handle URL with fragment
00:47 +708 ~219: /Users/nguyenanhkiet/Playground/grex/test/features/auth/domain/services/email_verification_test.dart: SupabaseEmailVerificationService Edge Cases should handle URL with additional parameters
00:47 +709 ~219: /Users/nguyenanhkiet/Playground/grex/test/features/auth/domain/services/email_verification_test.dart: SupabaseEmailVerificationService Edge Cases should handle case-sensitive email validation
00:48 +710 ~219: /Users/nguyenanhkiet/Playground/grex/test/features/auth/domain/entities/profile_setup_data_test.dart: ProfileSetupData constructor creates instance with required fields
00:48 +711 ~219: /Users/nguyenanhkiet/Playground/grex/test/features/auth/domain/entities/profile_setup_data_test.dart: ProfileSetupData constructor creates instance with optional socialProvider
00:48 +712 ~219: /Users/nguyenanhkiet/Playground/grex/test/features/auth/domain/entities/profile_setup_data_test.dart: ProfileSetupData toJson converts to JSON without socialProvider
00:48 +713 ~219: /Users/nguyenanhkiet/Playground/grex/test/features/auth/domain/entities/profile_setup_data_test.dart: ProfileSetupData toJson converts to JSON with socialProvider
00:48 +714 ~219: /Users/nguyenanhkiet/Playground/grex/test/features/auth/domain/entities/profile_setup_data_test.dart: ProfileSetupData fromJson creates instance from JSON without socialProvider
00:48 +715 ~219: /Users/nguyenanhkiet/Playground/grex/test/features/auth/domain/entities/profile_setup_data_test.dart: ProfileSetupData fromJson creates instance from JSON with socialProvider
00:48 +716 ~219: /Users/nguyenanhkiet/Playground/grex/test/features/auth/domain/entities/profile_setup_data_test.dart: ProfileSetupData copyWith creates copy with updated displayName
00:48 +717 ~219: /Users/nguyenanhkiet/Playground/grex/test/features/auth/domain/entities/profile_setup_data_test.dart: ProfileSetupData copyWith creates copy with updated preferredCurrency
00:48 +718 ~219: /Users/nguyenanhkiet/Playground/grex/test/features/auth/domain/entities/profile_setup_data_test.dart: ProfileSetupData copyWith creates copy with updated languageCode
00:48 +719 ~219: /Users/nguyenanhkiet/Playground/grex/test/features/auth/domain/entities/profile_setup_data_test.dart: ProfileSetupData copyWith creates copy with updated socialProvider
00:48 +720 ~219: /Users/nguyenanhkiet/Playground/grex/test/features/auth/domain/entities/profile_setup_data_test.dart: ProfileSetupData validateDisplayName returns null for valid display name
00:48 +721 ~219: /Users/nguyenanhkiet/Playground/grex/test/features/auth/domain/entities/profile_setup_data_test.dart: ProfileSetupData validateDisplayName returns error for null display name
00:48 +722 ~219: /Users/nguyenanhkiet/Playground/grex/test/features/auth/domain/entities/profile_setup_data_test.dart: ProfileSetupData validateDisplayName returns error for empty display name
00:48 +723 ~219: /Users/nguyenanhkiet/Playground/grex/test/features/auth/domain/entities/profile_setup_data_test.dart: ProfileSetupData validateDisplayName returns error for whitespace-only display name
00:48 +724 ~219: /Users/nguyenanhkiet/Playground/grex/test/features/auth/domain/entities/profile_setup_data_test.dart: ProfileSetupData validateDisplayName returns error for display name less than 2 characters
00:48 +725 ~219: /Users/nguyenanhkiet/Playground/grex/test/features/auth/domain/entities/profile_setup_data_test.dart: ProfileSetupData validateDisplayName returns error for display name more than 50 characters
00:48 +726 ~219: /Users/nguyenanhkiet/Playground/grex/test/features/auth/domain/entities/profile_setup_data_test.dart: ProfileSetupData validateDisplayName trims whitespace before validation
00:48 +727 ~219: /Users/nguyenanhkiet/Playground/grex/test/features/auth/domain/entities/profile_setup_data_test.dart: ProfileSetupData validateCurrency returns null for valid currency
00:48 +728 ~219: /Users/nguyenanhkiet/Playground/grex/test/features/auth/domain/entities/profile_setup_data_test.dart: ProfileSetupData validateCurrency returns error for null currency
00:48 +729 ~219: /Users/nguyenanhkiet/Playground/grex/test/features/auth/domain/entities/profile_setup_data_test.dart: ProfileSetupData validateCurrency returns error for empty currency
00:48 +730 ~219: /Users/nguyenanhkiet/Playground/grex/test/features/auth/domain/entities/profile_setup_data_test.dart: ProfileSetupData validateLanguage returns null for valid language
00:48 +731 ~219: /Users/nguyenanhkiet/Playground/grex/test/features/auth/domain/entities/profile_setup_data_test.dart: ProfileSetupData validateLanguage returns error for null language
00:48 +732 ~219: /Users/nguyenanhkiet/Playground/grex/test/features/auth/domain/entities/profile_setup_data_test.dart: ProfileSetupData validateLanguage returns error for empty language
00:48 +733 ~219: /Users/nguyenanhkiet/Playground/grex/test/features/auth/domain/entities/profile_setup_data_test.dart: ProfileSetupData validate returns empty map for valid data
00:48 +734 ~219: /Users/nguyenanhkiet/Playground/grex/test/features/auth/domain/entities/profile_setup_data_test.dart: ProfileSetupData validate returns error for invalid display name
00:48 +735 ~219: /Users/nguyenanhkiet/Playground/grex/test/features/auth/domain/entities/profile_setup_data_test.dart: ProfileSetupData validate returns error for invalid currency
00:48 +736 ~219: /Users/nguyenanhkiet/Playground/grex/test/features/auth/domain/entities/profile_setup_data_test.dart: ProfileSetupData validate returns error for invalid language
00:48 +737 ~219: /Users/nguyenanhkiet/Playground/grex/test/features/auth/domain/entities/profile_setup_data_test.dart: ProfileSetupData validate returns multiple errors for multiple invalid fields
00:48 +738 ~219: /Users/nguyenanhkiet/Playground/grex/test/features/auth/domain/entities/profile_setup_data_test.dart: ProfileSetupData isValid returns true for valid data
00:48 +739 ~219: /Users/nguyenanhkiet/Playground/grex/test/features/auth/domain/entities/profile_setup_data_test.dart: ProfileSetupData isValid returns false for invalid display name
00:48 +740 ~219: /Users/nguyenanhkiet/Playground/grex/test/features/auth/domain/entities/profile_setup_data_test.dart: ProfileSetupData isValid returns false for invalid currency
00:48 +741 ~219: /Users/nguyenanhkiet/Playground/grex/test/features/auth/domain/entities/profile_setup_data_test.dart: ProfileSetupData isValid returns false for invalid language
00:48 +742 ~219: /Users/nguyenanhkiet/Playground/grex/test/features/auth/domain/entities/profile_setup_data_test.dart: ProfileSetupData equality two instances with same values are equal
00:48 +743 ~219: /Users/nguyenanhkiet/Playground/grex/test/features/auth/domain/entities/profile_setup_data_test.dart: ProfileSetupData equality two instances with different values are not equal
00:48 +744 ~219: /Users/nguyenanhkiet/Playground/grex/test/features/auth/domain/entities/profile_setup_data_test.dart: ProfileSetupData toString returns string representation
00:48 +745 ~219: /Users/nguyenanhkiet/Playground/grex/test/features/auth/presentation/l10n/social_login_localization_test.dart: Social Login Localization (setUpAll)
00:48 +745 ~219: /Users/nguyenanhkiet/Playground/grex/test/features/auth/presentation/l10n/social_login_localization_test.dart: Social Login Localization English Localization should have all social login strings
00:48 +746 ~219: /Users/nguyenanhkiet/Playground/grex/test/features/auth/presentation/l10n/social_login_localization_test.dart: Social Login Localization English Localization should handle parameterized strings
00:48 +747 ~219: /Users/nguyenanhkiet/Playground/grex/test/features/auth/presentation/l10n/social_login_localization_test.dart: Social Login Localization Vietnamese Localization should have all social login strings
00:48 +748 ~219: /Users/nguyenanhkiet/Playground/grex/test/features/auth/presentation/l10n/social_login_localization_test.dart: Social Login Localization Vietnamese Localization should handle parameterized strings
00:48 +749 ~219: /Users/nguyenanhkiet/Playground/grex/test/features/auth/presentation/l10n/social_login_localization_test.dart: Social Login Localization Spanish Localization should have all social login strings
00:48 +750 ~219: /Users/nguyenanhkiet/Playground/grex/test/features/auth/presentation/l10n/social_login_localization_test.dart: Social Login Localization Spanish Localization should handle parameterized strings
00:48 +751 ~219: /Users/nguyenanhkiet/Playground/grex/test/features/auth/presentation/l10n/social_login_localization_test.dart: Social Login Localization Arabic Localization should have all social login strings
00:48 +752 ~219: /Users/nguyenanhkiet/Playground/grex/test/features/auth/presentation/l10n/social_login_localization_test.dart: Social Login Localization Arabic Localization should handle parameterized strings
00:48 +753 ~219: /Users/nguyenanhkiet/Playground/grex/test/features/auth/presentation/l10n/social_login_localization_test.dart: Social Login Localization Cross-Language Validation should have consistent parameter handling across languages
00:48 +754 ~219: /Users/nguyenanhkiet/Playground/grex/test/features/auth/presentation/l10n/social_login_localization_test.dart: Social Login Localization Cross-Language Validation should have non-empty strings in all languages
00:48 +755 ~219: /Users/nguyenanhkiet/Playground/grex/test/features/auth/presentation/l10n/social_login_localization_test.dart: Social Login Localization Cross-Language Validation should have different translations for non-English languages
00:48 +756 ~219: /Users/nguyenanhkiet/Playground/grex/test/features/auth/presentation/l10n/social_login_localization_test.dart: Social Login Localization (tearDownAll)
00:48 +756 ~219: /Users/nguyenanhkiet/Playground/grex/test/features/auth/presentation/l10n/social_login_localization_property_test.dart: Property 34: Social Login UI Localized Correctly should have all social login strings in all supported locales
00:48 +757 ~219: /Users/nguyenanhkiet/Playground/grex/test/features/auth/presentation/l10n/social_login_localization_property_test.dart: Property 34: Social Login UI Localized Correctly should have culturally appropriate translations
00:48 +758 ~219: /Users/nguyenanhkiet/Playground/grex/test/features/auth/presentation/l10n/social_login_localization_property_test.dart: Property 34: Social Login UI Localized Correctly should handle placeholder replacement correctly
00:49 +759 ~219: /Users/nguyenanhkiet/Playground/grex/test/features/auth/presentation/l10n/social_login_localization_property_test.dart: Property 34: Social Login UI Localized Correctly should maintain consistent string lengths across locales
00:50 +760 ~219: /Users/nguyenanhkiet/Playground/grex/test/features/auth/presentation/navigation/navigation_widget_test.dart: Authentication Navigation Widget Tests should navigate from login to register
  Skip: TODO(navigation): tests assert behaviors the product doesn't yet expose — Key("register_button"), Key("confirm_password_field"), Key("edit_profile_button"), Key("back_to_login_button"); inline-tap targets like "Đăng ký ngay"/"Đăng nhập ngay" that current pages render as a single "Chưa có tài khoản? Đăng ký" Text; and titles "Tạo tài khoản"/"Đặt lại mật khẩu"/"Hồ sơ cá nhân"/"Xác thực email" that the pages currently render as the matching l10n strings ("Đăng ký tài khoản", "Quên mật khẩu", "Hồ sơ", "Xác thực email của bạn"). Re-enable after either adding the missing Keys + splitting link copy in the product, or rewriting these assertions against the current renderings.
00:50 +760 ~220: /Users/nguyenanhkiet/Playground/grex/test/features/auth/presentation/navigation/navigation_widget_test.dart: Authentication Navigation Widget Tests should navigate from register to login
  Skip: TODO(navigation): tests assert behaviors the product doesn't yet expose — Key("register_button"), Key("confirm_password_field"), Key("edit_profile_button"), Key("back_to_login_button"); inline-tap targets like "Đăng ký ngay"/"Đăng nhập ngay" that current pages render as a single "Chưa có tài khoản? Đăng ký" Text; and titles "Tạo tài khoản"/"Đặt lại mật khẩu"/"Hồ sơ cá nhân"/"Xác thực email" that the pages currently render as the matching l10n strings ("Đăng ký tài khoản", "Quên mật khẩu", "Hồ sơ", "Xác thực email của bạn"). Re-enable after either adding the missing Keys + splitting link copy in the product, or rewriting these assertions against the current renderings.
00:50 +760 ~221: /Users/nguyenanhkiet/Playground/grex/test/features/auth/presentation/navigation/navigation_widget_test.dart: Authentication Navigation Widget Tests should navigate from login to forgot password
  Skip: TODO(navigation): tests assert behaviors the product doesn't yet expose — Key("register_button"), Key("confirm_password_field"), Key("edit_profile_button"), Key("back_to_login_button"); inline-tap targets like "Đăng ký ngay"/"Đăng nhập ngay" that current pages render as a single "Chưa có tài khoản? Đăng ký" Text; and titles "Tạo tài khoản"/"Đặt lại mật khẩu"/"Hồ sơ cá nhân"/"Xác thực email" that the pages currently render as the matching l10n strings ("Đăng ký tài khoản", "Quên mật khẩu", "Hồ sơ", "Xác thực email của bạn"). Re-enable after either adding the missing Keys + splitting link copy in the product, or rewriting these assertions against the current renderings.
00:50 +760 ~222: /Users/nguyenanhkiet/Playground/grex/test/features/auth/presentation/navigation/navigation_widget_test.dart: Authentication Navigation Widget Tests should redirect unauthenticated user to login
  Skip: TODO(navigation): tests assert behaviors the product doesn't yet expose — Key("register_button"), Key("confirm_password_field"), Key("edit_profile_button"), Key("back_to_login_button"); inline-tap targets like "Đăng ký ngay"/"Đăng nhập ngay" that current pages render as a single "Chưa có tài khoản? Đăng ký" Text; and titles "Tạo tài khoản"/"Đặt lại mật khẩu"/"Hồ sơ cá nhân"/"Xác thực email" that the pages currently render as the matching l10n strings ("Đăng ký tài khoản", "Quên mật khẩu", "Hồ sơ", "Xác thực email của bạn"). Re-enable after either adding the missing Keys + splitting link copy in the product, or rewriting these assertions against the current renderings.
00:50 +760 ~223: /Users/nguyenanhkiet/Playground/grex/test/features/auth/presentation/navigation/navigation_widget_test.dart: Authentication Navigation Widget Tests should redirect authenticated user from auth pages to home
  Skip: TODO(navigation): tests assert behaviors the product doesn't yet expose — Key("register_button"), Key("confirm_password_field"), Key("edit_profile_button"), Key("back_to_login_button"); inline-tap targets like "Đăng ký ngay"/"Đăng nhập ngay" that current pages render as a single "Chưa có tài khoản? Đăng ký" Text; and titles "Tạo tài khoản"/"Đặt lại mật khẩu"/"Hồ sơ cá nhân"/"Xác thực email" that the pages currently render as the matching l10n strings ("Đăng ký tài khoản", "Quên mật khẩu", "Hồ sơ", "Xác thực email của bạn"). Re-enable after either adding the missing Keys + splitting link copy in the product, or rewriting these assertions against the current renderings.
00:50 +760 ~224: /Users/nguyenanhkiet/Playground/grex/test/features/auth/presentation/navigation/navigation_widget_test.dart: Authentication Navigation Widget Tests should navigate to email verification after registration
  Skip: TODO(navigation): tests assert behaviors the product doesn't yet expose — Key("register_button"), Key("confirm_password_field"), Key("edit_profile_button"), Key("back_to_login_button"); inline-tap targets like "Đăng ký ngay"/"Đăng nhập ngay" that current pages render as a single "Chưa có tài khoản? Đăng ký" Text; and titles "Tạo tài khoản"/"Đặt lại mật khẩu"/"Hồ sơ cá nhân"/"Xác thực email" that the pages currently render as the matching l10n strings ("Đăng ký tài khoản", "Quên mật khẩu", "Hồ sơ", "Xác thực email của bạn"). Re-enable after either adding the missing Keys + splitting link copy in the product, or rewriting these assertions against the current renderings.
00:50 +760 ~225: /Users/nguyenanhkiet/Playground/grex/test/features/auth/presentation/navigation/navigation_widget_test.dart: Authentication Navigation Widget Tests should navigate to profile edit page
  Skip: TODO(navigation): tests assert behaviors the product doesn't yet expose — Key("register_button"), Key("confirm_password_field"), Key("edit_profile_button"), Key("back_to_login_button"); inline-tap targets like "Đăng ký ngay"/"Đăng nhập ngay" that current pages render as a single "Chưa có tài khoản? Đăng ký" Text; and titles "Tạo tài khoản"/"Đặt lại mật khẩu"/"Hồ sơ cá nhân"/"Xác thực email" that the pages currently render as the matching l10n strings ("Đăng ký tài khoản", "Quên mật khẩu", "Hồ sơ", "Xác thực email của bạn"). Re-enable after either adding the missing Keys + splitting link copy in the product, or rewriting these assertions against the current renderings.
00:50 +760 ~226: /Users/nguyenanhkiet/Playground/grex/test/features/auth/presentation/navigation/navigation_widget_test.dart: Authentication Navigation Widget Tests should handle deep link to password reset
  Skip: TODO(navigation): tests assert behaviors the product doesn't yet expose — Key("register_button"), Key("confirm_password_field"), Key("edit_profile_button"), Key("back_to_login_button"); inline-tap targets like "Đăng ký ngay"/"Đăng nhập ngay" that current pages render as a single "Chưa có tài khoản? Đăng ký" Text; and titles "Tạo tài khoản"/"Đặt lại mật khẩu"/"Hồ sơ cá nhân"/"Xác thực email" that the pages currently render as the matching l10n strings ("Đăng ký tài khoản", "Quên mật khẩu", "Hồ sơ", "Xác thực email của bạn"). Re-enable after either adding the missing Keys + splitting link copy in the product, or rewriting these assertions against the current renderings.
00:50 +760 ~227: /Users/nguyenanhkiet/Playground/grex/test/features/auth/presentation/navigation/navigation_widget_test.dart: Authentication Navigation Widget Tests should handle deep link to email verification
  Skip: TODO(navigation): tests assert behaviors the product doesn't yet expose — Key("register_button"), Key("confirm_password_field"), Key("edit_profile_button"), Key("back_to_login_button"); inline-tap targets like "Đăng ký ngay"/"Đăng nhập ngay" that current pages render as a single "Chưa có tài khoản? Đăng ký" Text; and titles "Tạo tài khoản"/"Đặt lại mật khẩu"/"Hồ sơ cá nhân"/"Xác thực email" that the pages currently render as the matching l10n strings ("Đăng ký tài khoản", "Quên mật khẩu", "Hồ sơ", "Xác thực email của bạn"). Re-enable after either adding the missing Keys + splitting link copy in the product, or rewriting these assertions against the current renderings.
00:50 +760 ~228: /Users/nguyenanhkiet/Playground/grex/test/features/auth/presentation/navigation/navigation_widget_test.dart: Authentication Navigation Widget Tests should navigate back from forgot password to login
  Skip: TODO(navigation): tests assert behaviors the product doesn't yet expose — Key("register_button"), Key("confirm_password_field"), Key("edit_profile_button"), Key("back_to_login_button"); inline-tap targets like "Đăng ký ngay"/"Đăng nhập ngay" that current pages render as a single "Chưa có tài khoản? Đăng ký" Text; and titles "Tạo tài khoản"/"Đặt lại mật khẩu"/"Hồ sơ cá nhân"/"Xác thực email" that the pages currently render as the matching l10n strings ("Đăng ký tài khoản", "Quên mật khẩu", "Hồ sơ", "Xác thực email của bạn"). Re-enable after either adding the missing Keys + splitting link copy in the product, or rewriting these assertions against the current renderings.
00:50 +760 ~229: /Users/nguyenanhkiet/Playground/grex/test/features/auth/presentation/utils/social_auth_error_handler_repeated_failures_property_test.dart: Property 28: Repeated Failures Suggest Alternatives should suggest alternatives after repeated network failures with 100+ iterations
00:51 +761 ~229: /Users/nguyenanhkiet/Playground/grex/test/features/auth/presentation/utils/social_auth_error_handler_test.dart: SocialAuthErrorHandler getErrorMessage should return empty string for SocialAuthCancelledFailure
00:51 +762 ~229: /Users/nguyenanhkiet/Playground/grex/test/features/auth/presentation/utils/social_auth_error_handler_repeated_failures_property_test.dart: Property 28: Repeated Failures Suggest Alternatives should suggest alternatives after repeated timeout failures with 100+ iterations
00:51 +763 ~229: /Users/nguyenanhkiet/Playground/grex/test/features/auth/presentation/utils/social_auth_error_handler_test.dart: SocialAuthErrorHandler getErrorMessage should return network error message for SocialAuthNetworkFailure
00:51 +764 ~229: /Users/nguyenanhkiet/Playground/grex/test/features/auth/presentation/utils/social_auth_error_handler_repeated_failures_property_test.dart: Property 28: Repeated Failures Suggest Alternatives should suggest alternatives after repeated auth failures with 100+ iterations
00:51 +765 ~229: /Users/nguyenanhkiet/Playground/grex/test/features/auth/presentation/utils/social_auth_error_handler_repeated_failures_property_test.dart: Property 28: Repeated Failures Suggest Alternatives should suggest alternatives after repeated auth failures with 100+ iterations
00:51 +766 ~229: /Users/nguyenanhkiet/Playground/grex/test/features/auth/presentation/utils/social_auth_error_handler_test.dart: SocialAuthErrorHandler getErrorMessage should return linking error message for AccountLinkingFailure
00:51 +767 ~229: /Users/nguyenanhkiet/Playground/grex/test/features/auth/presentation/utils/social_auth_error_handler_repeated_failures_property_test.dart: Property 28: Repeated Failures Suggest Alternatives should not suggest alternatives for low attempt counts with 100+ iterations
00:51 +768 ~229: /Users/nguyenanhkiet/Playground/grex/test/features/auth/presentation/utils/social_auth_error_handler_test.dart: SocialAuthErrorHandler getErrorMessage should return generic error message for SocialAuthFailure
00:51 +769 ~229: /Users/nguyenanhkiet/Playground/grex/test/features/auth/presentation/utils/social_auth_error_handler_repeated_failures_property_test.dart: Property 28: Repeated Failures Suggest Alternatives should provide escalating help with increasing attempts with 100+ iterations
00:51 +770 ~229: /Users/nguyenanhkiet/Playground/grex/test/features/auth/presentation/utils/social_auth_error_handler_repeated_failures_property_test.dart: Property 28: Repeated Failures Suggest Alternatives should provide escalating help with increasing attempts with 100+ iterations
00:51 +771 ~229: /Users/nguyenanhkiet/Playground/grex/test/features/auth/presentation/utils/social_auth_error_handler_test.dart: SocialAuthErrorHandler getErrorMessage should return generic error message for unknown failure types
00:51 +772 ~229: /Users/nguyenanhkiet/Playground/grex/test/features/auth/presentation/utils/social_auth_error_handler_repeated_failures_property_test.dart: Property 28: Repeated Failures Suggest Alternatives should handle cancellation failures appropriately with 100+ iterations
00:51 +773 ~229: /Users/nguyenanhkiet/Playground/grex/test/features/auth/presentation/utils/social_auth_error_handler_repeated_failures_property_test.dart: Property 28: Repeated Failures Suggest Alternatives should handle cancellation failures appropriately with 100+ iterations
00:51 +774 ~229: /Users/nguyenanhkiet/Playground/grex/test/features/auth/presentation/utils/social_auth_error_handler_repeated_failures_property_test.dart: Property 28: Repeated Failures Suggest Alternatives should handle cancellation failures appropriately with 100+ iterations
00:51 +775 ~229: /Users/nguyenanhkiet/Playground/grex/test/features/auth/presentation/utils/social_auth_error_handler_repeated_failures_property_test.dart: Property 28: Repeated Failures Suggest Alternatives should handle cancellation failures appropriately with 100+ iterations
00:51 +776 ~229: /Users/nguyenanhkiet/Playground/grex/test/features/auth/presentation/utils/social_auth_error_handler_test.dart: SocialAuthErrorHandler shouldShowRetry should return false for cancellation failures
00:51 +777 ~229: /Users/nguyenanhkiet/Playground/grex/test/features/auth/presentation/utils/social_auth_error_handler_repeated_failures_property_test.dart: Property 28: Repeated Failures Suggest Alternatives should provide contextual recovery actions with 100+ iterations
00:51 +778 ~229: /Users/nguyenanhkiet/Playground/grex/test/features/auth/presentation/utils/social_auth_error_handler_repeated_failures_property_test.dart: Property 28: Repeated Failures Suggest Alternatives should provide contextual recovery actions with 100+ iterations
00:51 +779 ~229: /Users/nguyenanhkiet/Playground/grex/test/features/auth/presentation/utils/social_auth_error_handler_repeated_failures_property_test.dart: Property 28: Repeated Failures Suggest Alternatives should provide contextual recovery actions with 100+ iterations
00:51 +780 ~229: /Users/nguyenanhkiet/Playground/grex/test/features/auth/presentation/utils/social_auth_error_handler_repeated_failures_property_test.dart: Property 28: Repeated Failures Suggest Alternatives should provide contextual recovery actions with 100+ iterations
00:51 +781 ~229: /Users/nguyenanhkiet/Playground/grex/test/features/auth/presentation/utils/social_auth_error_handler_repeated_failures_property_test.dart: Property 28: Repeated Failures Suggest Alternatives should provide contextual recovery actions with 100+ iterations
00:51 +782 ~229: /Users/nguyenanhkiet/Playground/grex/test/features/auth/presentation/utils/social_auth_error_handler_repeated_failures_property_test.dart: Property 28: Repeated Failures Suggest Alternatives should provide contextual recovery actions with 100+ iterations
00:51 +783 ~229: /Users/nguyenanhkiet/Playground/grex/test/features/auth/presentation/utils/social_auth_error_handler_repeated_failures_property_test.dart: Property 28: Repeated Failures Suggest Alternatives should provide contextual recovery actions with 100+ iterations
00:51 +784 ~229: /Users/nguyenanhkiet/Playground/grex/test/features/auth/presentation/utils/social_auth_error_handler_repeated_failures_property_test.dart: Property 28: Repeated Failures Suggest Alternatives should provide contextual recovery actions with 100+ iterations
00:51 +785 ~229: /Users/nguyenanhkiet/Playground/grex/test/features/auth/presentation/utils/social_auth_error_handler_repeated_failures_property_test.dart: Property 28: Repeated Failures Suggest Alternatives should provide contextual recovery actions with 100+ iterations
00:51 +786 ~229: /Users/nguyenanhkiet/Playground/grex/test/features/auth/presentation/utils/social_auth_error_handler_repeated_failures_property_test.dart: Property 28: Repeated Failures Suggest Alternatives should provide contextual recovery actions with 100+ iterations
00:51 +787 ~229: /Users/nguyenanhkiet/Playground/grex/test/features/auth/presentation/utils/social_auth_error_handler_repeated_failures_property_test.dart: Property 28: Repeated Failures Suggest Alternatives should provide contextual recovery actions with 100+ iterations
00:51 +788 ~229: /Users/nguyenanhkiet/Playground/grex/test/features/auth/presentation/utils/social_auth_error_handler_test.dart: SocialAuthErrorHandler shouldDisplayError should return true for generic social auth failures
00:51 +789 ~229: /Users/nguyenanhkiet/Playground/grex/test/features/auth/presentation/utils/social_auth_error_handler_test.dart: SocialAuthErrorHandler shouldDisplayError should return true for account linking failures
00:51 +790 ~229: /Users/nguyenanhkiet/Playground/grex/test/features/auth/presentation/utils/social_auth_error_handler_test.dart: SocialAuthErrorHandler getErrorIcon should return wifi_off icon for network failures
00:51 +791 ~229: /Users/nguyenanhkiet/Playground/grex/test/features/auth/presentation/utils/social_auth_error_handler_test.dart: SocialAuthErrorHandler getErrorIcon should return wifi_off icon for generic network failures
00:51 +792 ~229: /Users/nguyenanhkiet/Playground/grex/test/features/auth/presentation/utils/social_auth_error_handler_test.dart: SocialAuthErrorHandler getErrorIcon should return access_time icon for timeout failures
00:51 +793 ~229: /Users/nguyenanhkiet/Playground/grex/test/features/auth/presentation/utils/social_auth_error_handler_test.dart: SocialAuthErrorHandler getErrorIcon should return link_off icon for account linking failures
00:51 +794 ~229: /Users/nguyenanhkiet/Playground/grex/test/features/auth/presentation/utils/social_auth_error_handler_test.dart: SocialAuthErrorHandler getErrorIcon should return error_outline icon for generic failures
00:51 +795 ~229: /Users/nguyenanhkiet/Playground/grex/test/features/auth/presentation/utils/social_auth_error_handler_test.dart: SocialAuthErrorHandler getErrorColor should return error color from theme
00:51 +796 ~229: /Users/nguyenanhkiet/Playground/grex/test/features/auth/presentation/pages/profile_setup_page_test.dart: (setUpAll)
00:51 +796 ~229: /Users/nguyenanhkiet/Playground/grex/test/features/auth/presentation/utils/social_auth_error_handler_test.dart: SocialAuthErrorHandler getRepeatedFailureMessage should return regular message for low attempt count
00:52 +797 ~229: /Users/nguyenanhkiet/Playground/grex/test/features/auth/presentation/pages/profile_setup_page_test.dart: ProfileSetupPage should display form with pre-filled OAuth data
00:52 +798 ~229: /Users/nguyenanhkiet/Playground/grex/test/features/auth/presentation/pages/profile_setup_page_test.dart: ProfileSetupPage should display form with pre-filled OAuth data
00:52 +799 ~229: /Users/nguyenanhkiet/Playground/grex/test/features/auth/presentation/pages/profile_setup_page_test.dart: ProfileSetupPage should display form with pre-filled OAuth data
00:52 +800 ~229: /Users/nguyenanhkiet/Playground/grex/test/features/auth/presentation/pages/profile_setup_page_test.dart: ProfileSetupPage should display form with pre-filled OAuth data
00:52 +801 ~229: /Users/nguyenanhkiet/Playground/grex/test/features/auth/presentation/pages/profile_setup_page_test.dart: ProfileSetupPage should display form with pre-filled OAuth data
00:52 +802 ~229: /Users/nguyenanhkiet/Playground/grex/test/features/auth/presentation/pages/profile_setup_page_test.dart: ProfileSetupPage should display form with pre-filled OAuth data
00:52 +803 ~229: /Users/nguyenanhkiet/Playground/grex/test/features/auth/presentation/pages/profile_setup_page_test.dart: ProfileSetupPage should display form with pre-filled OAuth data
00:52 +804 ~229: /Users/nguyenanhkiet/Playground/grex/test/features/auth/presentation/pages/profile_setup_page_test.dart: ProfileSetupPage should display form with pre-filled OAuth data
00:52 +805 ~229: /Users/nguyenanhkiet/Playground/grex/test/features/auth/presentation/pages/profile_setup_page_test.dart: ProfileSetupPage should display form with pre-filled OAuth data
00:52 +806 ~229: /Users/nguyenanhkiet/Playground/grex/test/features/auth/presentation/pages/profile_setup_page_test.dart: ProfileSetupPage should display form with pre-filled OAuth data
00:52 +807 ~229: /Users/nguyenanhkiet/Playground/grex/test/features/auth/presentation/pages/profile_setup_page_test.dart: ProfileSetupPage should display form with pre-filled OAuth data
00:52 +808 ~229: /Users/nguyenanhkiet/Playground/grex/test/features/auth/presentation/pages/profile_setup_page_test.dart: ProfileSetupPage should display form with pre-filled OAuth data
00:52 +809 ~229: /Users/nguyenanhkiet/Playground/grex/test/features/auth/presentation/pages/profile_setup_page_test.dart: ProfileSetupPage should display form with pre-filled OAuth data
00:54 +810 ~229: /Users/nguyenanhkiet/Playground/grex/test/features/auth/presentation/pages/register_page_widget_test.dart: RegisterPage Widget Tests should display registration form with all required fields
00:54 +811 ~229: /Users/nguyenanhkiet/Playground/grex/test/features/auth/presentation/pages/register_page_widget_test.dart: RegisterPage Widget Tests should display registration form with all required fields
00:55 +812 ~229: /Users/nguyenanhkiet/Playground/grex/test/features/auth/presentation/pages/register_page_widget_test.dart: RegisterPage Widget Tests should display registration form with all required fields
00:55 +813 ~229: /Users/nguyenanhkiet/Playground/grex/test/features/auth/presentation/pages/register_page_widget_test.dart: RegisterPage Widget Tests should display registration form with all required fields
00:55 +814 ~229: /Users/nguyenanhkiet/Playground/grex/test/features/auth/presentation/pages/register_page_widget_test.dart: RegisterPage Widget Tests should display registration form with all required fields
00:56 +815 ~229: /Users/nguyenanhkiet/Playground/grex/test/features/auth/presentation/pages/register_page_widget_test.dart: RegisterPage Widget Tests should display registration form with all required fields
00:56 +816 ~229: /Users/nguyenanhkiet/Playground/grex/test/features/auth/presentation/pages/register_page_widget_test.dart: RegisterPage Widget Tests should display registration form with all required fields
00:56 +817 ~229: /Users/nguyenanhkiet/Playground/grex/test/features/auth/presentation/pages/auth_forms_widget_test.dart: Authentication Forms Widget Tests LoginPage should display login form with required fields
00:56 +818 ~229: /Users/nguyenanhkiet/Playground/grex/test/features/auth/presentation/pages/auth_forms_widget_test.dart: Authentication Forms Widget Tests LoginPage should display login form with required fields
00:56 +819 ~229: /Users/nguyenanhkiet/Playground/grex/test/features/auth/presentation/pages/register_page_widget_test.dart: RegisterPage Widget Tests should show validation errors for empty fields
00:56 +820 ~229: /Users/nguyenanhkiet/Playground/grex/test/features/auth/presentation/pages/register_page_widget_test.dart: RegisterPage Widget Tests should show validation errors for empty fields
00:57 +821 ~229: /Users/nguyenanhkiet/Playground/grex/test/features/auth/presentation/pages/register_page_widget_test.dart: RegisterPage Widget Tests should show validation errors for empty fields
00:57 +822 ~229: /Users/nguyenanhkiet/Playground/grex/test/features/auth/presentation/pages/auth_forms_widget_test.dart: Authentication Forms Widget Tests LoginPage should show validation errors for empty fields
00:57 +823 ~229: /Users/nguyenanhkiet/Playground/grex/test/features/auth/presentation/pages/profile_setup_page_test.dart: ProfileSetupPage should disable form fields when loading
00:57 +824 ~229: /Users/nguyenanhkiet/Playground/grex/test/features/auth/presentation/pages/register_page_widget_test.dart: RegisterPage Widget Tests should show validation error for invalid email format
00:57 +825 ~229: /Users/nguyenanhkiet/Playground/grex/test/features/auth/presentation/pages/register_page_widget_test.dart: RegisterPage Widget Tests should show validation error for invalid email format
00:57 +826 ~229: /Users/nguyenanhkiet/Playground/grex/test/features/auth/presentation/pages/auth_forms_widget_test.dart: Authentication Forms Widget Tests LoginPage should handle loading state
00:57 +827 ~229: /Users/nguyenanhkiet/Playground/grex/test/features/auth/presentation/pages/register_page_widget_test.dart: RegisterPage Widget Tests should show validation error for weak password
00:58 +828 ~229: /Users/nguyenanhkiet/Playground/grex/test/features/auth/presentation/pages/register_page_widget_test.dart: RegisterPage Widget Tests should show validation error for weak password
00:58 +829 ~229: /Users/nguyenanhkiet/Playground/grex/test/features/auth/presentation/pages/auth_forms_widget_test.dart: Authentication Forms Widget Tests RegisterPage should display registration form with required fields
00:58 +830 ~229: /Users/nguyenanhkiet/Playground/grex/test/features/auth/presentation/pages/register_page_widget_test.dart: RegisterPage Widget Tests should show validation error for empty display name
00:58 +831 ~229: /Users/nguyenanhkiet/Playground/grex/test/features/auth/presentation/pages/auth_forms_widget_test.dart: Authentication Forms Widget Tests RegisterPage should show validation errors for empty fields
00:58 +832 ~229: /Users/nguyenanhkiet/Playground/grex/test/features/auth/presentation/pages/register_page_widget_test.dart: RegisterPage Widget Tests should toggle password visibility
00:58 +833 ~229: /Users/nguyenanhkiet/Playground/grex/test/features/auth/presentation/pages/auth_forms_widget_test.dart: Authentication Forms Widget Tests RegisterPage should show validation error for weak password
00:58 +834 ~229: /Users/nguyenanhkiet/Playground/grex/test/features/auth/presentation/pages/register_page_widget_test.dart: RegisterPage Widget Tests should show loading state during registration
00:59 +835 ~229: /Users/nguyenanhkiet/Playground/grex/test/features/auth/presentation/pages/register_page_widget_test.dart: RegisterPage Widget Tests should show loading state during registration
00:59 +836 ~229: /Users/nguyenanhkiet/Playground/grex/test/features/auth/presentation/pages/auth_forms_widget_test.dart: Authentication Forms Widget Tests RegisterPage should show error message for email already in use
00:59 +836 ~229: /Users/nguyenanhkiet/Playground/grex/test/features/auth/presentation/pages/register_page_widget_test.dart: RegisterPage Widget Tests should navigate to login page when login link is tapped

Warning: A call to tap() with finder "Found 1 widget with widget matching predicate: [
  RichText(softWrap: wrapping at box width, maxLines: unlimited, text: "Đã có tài khoản? Đăng nhập", dependencies: [Directionality, _LocalizationsScope-[GlobalKey#c57b7]], renderObject: RenderParagraph#bd12b relayoutBoundary=up18),
]" derived an Offset (Offset(400.0, 640.0)) that would not hit test on the specified widget.
Maybe the widget is actually off-screen, or another widget is obscuring it, or the widget cannot receive pointer events.
Indeed, Offset(400.0, 640.0) is outside the bounds of the root of the render tree, Size(800.0, 600.0).
The finder corresponds to this RenderBox: RenderParagraph#bd12b relayoutBoundary=up18
The hit test result at that offset is: HitTestResult(HitTestEntry<HitTestTarget>#f79f0(_ReusableRenderView#0e1cc), HitTestEntry<HitTestTarget>#86a5d(<AutomatedTestWidgetsFlutterBinding>))
#0      WidgetController._getElementPoint (package:flutter_test/src/controller.dart:2158:25)
#1      WidgetController.getCenter (package:flutter_test/src/controller.dart:1942:12)
#2      WidgetController.tap (package:flutter_test/src/controller.dart:1075:7)
#3      main.<anonymous closure>.<anonymous closure> (file:///Users/nguyenanhkiet/Playground/grex/test/features/auth/presentation/pages/register_page_widget_test.dart:254:20)
<asynchronous suspension>
#4      testWidgets.<anonymous closure>.<anonymous closure> (package:flutter_test/src/widget_tester.dart:192:15)
<asynchronous suspension>
#5      TestWidgetsFlutterBinding._runTestBody (package:flutter_test/src/binding.dart:1682:5)
<asynchronous suspension>
#6      StackZoneSpecification._registerCallback.<anonymous closure> (package:stack_trace/src/stack_zone_specification.dart:114:42)
<asynchronous suspension>
To silence this warning, pass "warnIfMissed: false" to "tap()".
To make this warning fatal, set WidgetController.hitTestWarningShouldBeFatal to true.

00:59 +837 ~229: /Users/nguyenanhkiet/Playground/grex/test/features/auth/presentation/pages/register_page_widget_test.dart: RegisterPage Widget Tests should navigate to login page when login link is tapped
00:59 +838 ~229: /Users/nguyenanhkiet/Playground/grex/test/features/auth/presentation/pages/auth_forms_widget_test.dart: Authentication Forms Widget Tests ForgotPasswordPage should display forgot password form
00:59 +839 ~229: /Users/nguyenanhkiet/Playground/grex/test/features/auth/presentation/pages/register_page_widget_test.dart: RegisterPage Widget Tests should show error message for email already in use
00:59 +839 ~229: /Users/nguyenanhkiet/Playground/grex/test/features/auth/presentation/pages/profile_forms_widget_test.dart: Profile Forms Widget Tests ProfilePage should display profile information correctly
  Skip: TODO(i18n): see file-level comment — group disabled until Profile/EditProfile pages + InputValidators are i18n-wired.
00:59 +839 ~230: /Users/nguyenanhkiet/Playground/grex/test/features/auth/presentation/pages/register_page_widget_test.dart: RegisterPage Widget Tests should show error message for email already in use
00:59 +839 ~230: /Users/nguyenanhkiet/Playground/grex/test/features/auth/presentation/pages/profile_forms_widget_test.dart: Profile Forms Widget Tests ProfilePage should show loading state
  Skip: TODO(i18n): see file-level comment — group disabled until Profile/EditProfile pages + InputValidators are i18n-wired.
00:59 +839 ~231: /Users/nguyenanhkiet/Playground/grex/test/features/auth/presentation/pages/register_page_widget_test.dart: RegisterPage Widget Tests should show error message for email already in use
00:59 +839 ~231: /Users/nguyenanhkiet/Playground/grex/test/features/auth/presentation/pages/profile_forms_widget_test.dart: Profile Forms Widget Tests ProfilePage should show error state
  Skip: TODO(i18n): see file-level comment — group disabled until Profile/EditProfile pages + InputValidators are i18n-wired.
00:59 +839 ~232: /Users/nguyenanhkiet/Playground/grex/test/features/auth/presentation/pages/register_page_widget_test.dart: RegisterPage Widget Tests should show error message for email already in use
00:59 +839 ~232: /Users/nguyenanhkiet/Playground/grex/test/features/auth/presentation/pages/profile_forms_widget_test.dart: Profile Forms Widget Tests ProfilePage should navigate to edit profile when edit button is tapped
  Skip: TODO(i18n): see file-level comment — group disabled until Profile/EditProfile pages + InputValidators are i18n-wired.
00:59 +839 ~233: /Users/nguyenanhkiet/Playground/grex/test/features/auth/presentation/pages/register_page_widget_test.dart: RegisterPage Widget Tests should show error message for email already in use
00:59 +839 ~233: /Users/nguyenanhkiet/Playground/grex/test/features/auth/presentation/pages/profile_forms_widget_test.dart: Profile Forms Widget Tests ProfilePage should display user avatar or initials
  Skip: TODO(i18n): see file-level comment — group disabled until Profile/EditProfile pages + InputValidators are i18n-wired.
00:59 +839 ~234: /Users/nguyenanhkiet/Playground/grex/test/features/auth/presentation/pages/register_page_widget_test.dart: RegisterPage Widget Tests should show error message for email already in use
00:59 +839 ~234: /Users/nguyenanhkiet/Playground/grex/test/features/auth/presentation/pages/profile_forms_widget_test.dart: Profile Forms Widget Tests ProfilePage should show profile creation date
  Skip: TODO(i18n): see file-level comment — group disabled until Profile/EditProfile pages + InputValidators are i18n-wired.
00:59 +839 ~235: /Users/nguyenanhkiet/Playground/grex/test/features/auth/presentation/pages/register_page_widget_test.dart: RegisterPage Widget Tests should show error message for email already in use
00:59 +839 ~235: /Users/nguyenanhkiet/Playground/grex/test/features/auth/presentation/pages/profile_forms_widget_test.dart: Profile Forms Widget Tests EditProfilePage should display edit profile form with current data
  Skip: TODO(i18n): see file-level comment — group disabled until Profile/EditProfile pages + InputValidators are i18n-wired.
00:59 +839 ~236: /Users/nguyenanhkiet/Playground/grex/test/features/auth/presentation/pages/register_page_widget_test.dart: RegisterPage Widget Tests should show error message for email already in use
00:59 +839 ~236: /Users/nguyenanhkiet/Playground/grex/test/features/auth/presentation/pages/profile_forms_widget_test.dart: Profile Forms Widget Tests EditProfilePage should show validation error for empty display name
  Skip: TODO(i18n): see file-level comment — group disabled until Profile/EditProfile pages + InputValidators are i18n-wired.
00:59 +839 ~237: /Users/nguyenanhkiet/Playground/grex/test/features/auth/presentation/pages/register_page_widget_test.dart: RegisterPage Widget Tests should show error message for email already in use
00:59 +839 ~237: /Users/nguyenanhkiet/Playground/grex/test/features/auth/presentation/pages/profile_forms_widget_test.dart: Profile Forms Widget Tests EditProfilePage should show validation error for invalid email
  Skip: TODO(i18n): see file-level comment — group disabled until Profile/EditProfile pages + InputValidators are i18n-wired.
00:59 +839 ~238: /Users/nguyenanhkiet/Playground/grex/test/features/auth/presentation/pages/register_page_widget_test.dart: RegisterPage Widget Tests should show error message for email already in use
00:59 +839 ~238: /Users/nguyenanhkiet/Playground/grex/test/features/auth/presentation/pages/profile_forms_widget_test.dart: Profile Forms Widget Tests EditProfilePage should show validation error for display name too long
  Skip: TODO(i18n): see file-level comment — group disabled until Profile/EditProfile pages + InputValidators are i18n-wired.
00:59 +839 ~239: /Users/nguyenanhkiet/Playground/grex/test/features/auth/presentation/pages/register_page_widget_test.dart: RegisterPage Widget Tests should show error message for email already in use
00:59 +839 ~239: /Users/nguyenanhkiet/Playground/grex/test/features/auth/presentation/pages/profile_forms_widget_test.dart: Profile Forms Widget Tests EditProfilePage should handle loading state during update
  Skip: TODO(i18n): see file-level comment — group disabled until Profile/EditProfile pages + InputValidators are i18n-wired.
00:59 +839 ~240: /Users/nguyenanhkiet/Playground/grex/test/features/auth/presentation/pages/register_page_widget_test.dart: RegisterPage Widget Tests should show error message for email already in use
00:59 +839 ~240: /Users/nguyenanhkiet/Playground/grex/test/features/auth/presentation/pages/profile_forms_widget_test.dart: Profile Forms Widget Tests EditProfilePage should show success message after successful update
  Skip: TODO(i18n): see file-level comment — group disabled until Profile/EditProfile pages + InputValidators are i18n-wired.
00:59 +839 ~241: /Users/nguyenanhkiet/Playground/grex/test/features/auth/presentation/pages/register_page_widget_test.dart: RegisterPage Widget Tests should show error message for email already in use
00:59 +839 ~241: /Users/nguyenanhkiet/Playground/grex/test/features/auth/presentation/pages/profile_forms_widget_test.dart: Profile Forms Widget Tests EditProfilePage should show error message for update failure
  Skip: TODO(i18n): see file-level comment — group disabled until Profile/EditProfile pages + InputValidators are i18n-wired.
00:59 +839 ~242: /Users/nguyenanhkiet/Playground/grex/test/features/auth/presentation/pages/register_page_widget_test.dart: RegisterPage Widget Tests should show error message for email already in use
00:59 +839 ~242: /Users/nguyenanhkiet/Playground/grex/test/features/auth/presentation/pages/profile_forms_widget_test.dart: Profile Forms Widget Tests EditProfilePage should cancel changes when cancel button is tapped
  Skip: TODO(i18n): see file-level comment — group disabled until Profile/EditProfile pages + InputValidators are i18n-wired.
00:59 +839 ~243: /Users/nguyenanhkiet/Playground/grex/test/features/auth/presentation/pages/register_page_widget_test.dart: RegisterPage Widget Tests should show error message for email already in use
00:59 +839 ~243: /Users/nguyenanhkiet/Playground/grex/test/features/auth/presentation/pages/profile_forms_widget_test.dart: Profile Forms Widget Tests EditProfilePage should show currency selection dropdown
  Skip: TODO(i18n): see file-level comment — group disabled until Profile/EditProfile pages + InputValidators are i18n-wired.
00:59 +839 ~244: /Users/nguyenanhkiet/Playground/grex/test/features/auth/presentation/pages/register_page_widget_test.dart: RegisterPage Widget Tests should show error message for email already in use
00:59 +839 ~244: /Users/nguyenanhkiet/Playground/grex/test/features/auth/presentation/pages/profile_forms_widget_test.dart: Profile Forms Widget Tests EditProfilePage should show language selection dropdown
  Skip: TODO(i18n): see file-level comment — group disabled until Profile/EditProfile pages + InputValidators are i18n-wired.
00:59 +839 ~245: /Users/nguyenanhkiet/Playground/grex/test/features/auth/presentation/pages/register_page_widget_test.dart: RegisterPage Widget Tests should show error message for email already in use
00:59 +839 ~245: /Users/nguyenanhkiet/Playground/grex/test/features/auth/presentation/pages/profile_forms_widget_test.dart: Profile Forms Widget Tests EditProfilePage should handle form submission with valid data
  Skip: TODO(i18n): see file-level comment — group disabled until Profile/EditProfile pages + InputValidators are i18n-wired.
00:59 +839 ~246: /Users/nguyenanhkiet/Playground/grex/test/features/auth/presentation/pages/register_page_widget_test.dart: RegisterPage Widget Tests should show error message for email already in use
00:59 +839 ~246: /Users/nguyenanhkiet/Playground/grex/test/features/auth/presentation/pages/profile_forms_widget_test.dart: Profile Forms Widget Tests EditProfilePage should preserve form data during loading
  Skip: TODO(i18n): see file-level comment — group disabled until Profile/EditProfile pages + InputValidators are i18n-wired.
00:59 +839 ~247: /Users/nguyenanhkiet/Playground/grex/test/features/auth/presentation/pages/register_page_widget_test.dart: RegisterPage Widget Tests should show error message for email already in use
00:59 +839 ~247: /Users/nguyenanhkiet/Playground/grex/test/features/auth/presentation/pages/profile_forms_widget_test.dart: Profile Forms Widget Tests Profile Form Interactions should handle keyboard input correctly
  Skip: TODO(i18n): see file-level comment — group disabled until Profile/EditProfile pages + InputValidators are i18n-wired.
00:59 +839 ~248: /Users/nguyenanhkiet/Playground/grex/test/features/auth/presentation/pages/register_page_widget_test.dart: RegisterPage Widget Tests should show error message for email already in use
00:59 +839 ~248: /Users/nguyenanhkiet/Playground/grex/test/features/auth/presentation/pages/profile_forms_widget_test.dart: Profile Forms Widget Tests Profile Form Interactions should clear validation errors when typing
  Skip: TODO(i18n): see file-level comment — group disabled until Profile/EditProfile pages + InputValidators are i18n-wired.
00:59 +839 ~249: /Users/nguyenanhkiet/Playground/grex/test/features/auth/presentation/pages/register_page_widget_test.dart: RegisterPage Widget Tests should show error message for email already in use
00:59 +839 ~249: /Users/nguyenanhkiet/Playground/grex/test/features/auth/presentation/pages/profile_forms_widget_test.dart: Profile Forms Widget Tests Profile Form Interactions should handle dropdown selections
  Skip: TODO(i18n): see file-level comment — group disabled until Profile/EditProfile pages + InputValidators are i18n-wired.
00:59 +839 ~250: /Users/nguyenanhkiet/Playground/grex/test/features/auth/presentation/pages/register_page_widget_test.dart: RegisterPage Widget Tests should show error message for email already in use
00:59 +839 ~250: /Users/nguyenanhkiet/Playground/grex/test/features/auth/presentation/pages/profile_forms_widget_test.dart: Profile Forms Widget Tests Profile Error Handling should display network error messages
  Skip: TODO(i18n): see file-level comment — group disabled until Profile/EditProfile pages + InputValidators are i18n-wired.
00:59 +839 ~251: /Users/nguyenanhkiet/Playground/grex/test/features/auth/presentation/pages/register_page_widget_test.dart: RegisterPage Widget Tests should show error message for email already in use
00:59 +839 ~251: /Users/nguyenanhkiet/Playground/grex/test/features/auth/presentation/pages/profile_forms_widget_test.dart: Profile Forms Widget Tests Profile Error Handling should display validation error messages
  Skip: TODO(i18n): see file-level comment — group disabled until Profile/EditProfile pages + InputValidators are i18n-wired.
00:59 +839 ~252: /Users/nguyenanhkiet/Playground/grex/test/features/auth/presentation/pages/register_page_widget_test.dart: RegisterPage Widget Tests should show error message for email already in use
00:59 +839 ~252: /Users/nguyenanhkiet/Playground/grex/test/features/auth/presentation/pages/profile_forms_widget_test.dart: Profile Forms Widget Tests Profile Error Handling should handle permission error messages
  Skip: TODO(i18n): see file-level comment — group disabled until Profile/EditProfile pages + InputValidators are i18n-wired.
00:59 +839 ~253: /Users/nguyenanhkiet/Playground/grex/test/features/auth/presentation/pages/register_page_widget_test.dart: RegisterPage Widget Tests should show error message for email already in use
00:59 +839 ~253: /Users/nguyenanhkiet/Playground/grex/test/features/auth/presentation/pages/profile_forms_widget_test.dart: Profile Forms Widget Tests Profile Accessibility should have proper semantic labels
  Skip: TODO(i18n): see file-level comment — group disabled until Profile/EditProfile pages + InputValidators are i18n-wired.
00:59 +839 ~254: /Users/nguyenanhkiet/Playground/grex/test/features/auth/presentation/pages/register_page_widget_test.dart: RegisterPage Widget Tests should show error message for email already in use
00:59 +839 ~254: /Users/nguyenanhkiet/Playground/grex/test/features/auth/presentation/pages/profile_forms_widget_test.dart: Profile Forms Widget Tests Profile Accessibility should support screen readers for edit form
  Skip: TODO(i18n): see file-level comment — group disabled until Profile/EditProfile pages + InputValidators are i18n-wired.
00:59 +839 ~255: /Users/nguyenanhkiet/Playground/grex/test/features/auth/presentation/pages/register_page_widget_test.dart: RegisterPage Widget Tests should show error message for email already in use
00:59 +840 ~255: /Users/nguyenanhkiet/Playground/grex/test/features/auth/presentation/pages/auth_forms_widget_test.dart: Authentication Forms Widget Tests ForgotPasswordPage should show validation error for empty email
00:59 +841 ~255: /Users/nguyenanhkiet/Playground/grex/test/features/auth/presentation/pages/register_page_widget_test.dart: RegisterPage Widget Tests should show error message for network error
00:59 +842 ~255: /Users/nguyenanhkiet/Playground/grex/test/features/auth/presentation/pages/auth_forms_widget_test.dart: Authentication Forms Widget Tests ForgotPasswordPage should show validation error for invalid email
00:59 +843 ~255: /Users/nguyenanhkiet/Playground/grex/test/features/auth/presentation/pages/register_page_widget_test.dart: RegisterPage Widget Tests should show success message and navigate to verification
00:59 +844 ~255: /Users/nguyenanhkiet/Playground/grex/test/features/auth/presentation/pages/register_page_widget_test.dart: RegisterPage Widget Tests should show success message and navigate to verification
00:59 +845 ~255: /Users/nguyenanhkiet/Playground/grex/test/features/auth/presentation/pages/auth_forms_widget_test.dart: Authentication Forms Widget Tests ForgotPasswordPage should show success message
00:59 +846 ~255: /Users/nguyenanhkiet/Playground/grex/test/features/auth/presentation/pages/register_page_widget_test.dart: RegisterPage Widget Tests should handle keyboard navigation between fields
00:59 +847 ~255: /Users/nguyenanhkiet/Playground/grex/test/features/auth/presentation/pages/auth_forms_widget_test.dart: Authentication Forms Widget Tests Form Interactions should handle keyboard input correctly
00:59 +848 ~255: /Users/nguyenanhkiet/Playground/grex/test/features/auth/presentation/pages/register_page_widget_test.dart: RegisterPage Widget Tests should show appropriate keyboard types for fields
00:59 +849 ~255: /Users/nguyenanhkiet/Playground/grex/test/features/auth/presentation/pages/auth_forms_widget_test.dart: Authentication Forms Widget Tests Form Interactions should handle form submission
01:00 +850 ~255: /Users/nguyenanhkiet/Playground/grex/test/features/auth/presentation/pages/register_page_widget_test.dart: RegisterPage Widget Tests should validate display name length
01:00 +851 ~255: /Users/nguyenanhkiet/Playground/grex/test/features/auth/presentation/pages/auth_forms_widget_test.dart: Authentication Forms Widget Tests Form Interactions should clear validation errors when typing
01:00 +852 ~255: /Users/nguyenanhkiet/Playground/grex/test/features/auth/presentation/pages/register_page_widget_test.dart: RegisterPage Widget Tests should show password strength indicator
01:00 +853 ~255: /Users/nguyenanhkiet/Playground/grex/test/features/auth/presentation/pages/register_page_widget_test.dart: RegisterPage Widget Tests should show password strength indicator
01:00 +854 ~255: /Users/nguyenanhkiet/Playground/grex/test/features/auth/presentation/pages/register_page_widget_test.dart: RegisterPage Widget Tests should show password strength indicator
01:00 +855 ~255: /Users/nguyenanhkiet/Playground/grex/test/features/auth/presentation/pages/auth_forms_widget_test.dart: Authentication Forms Widget Tests Error Handling should display network error messages
01:00 +856 ~255: /Users/nguyenanhkiet/Playground/grex/test/features/auth/presentation/pages/register_page_widget_test.dart: RegisterPage Widget Tests should handle form submission with Enter key
01:00 +857 ~255: /Users/nguyenanhkiet/Playground/grex/test/features/auth/presentation/pages/register_page_widget_test.dart: RegisterPage Widget Tests should handle form submission with Enter key
01:00 +858 ~255: /Users/nguyenanhkiet/Playground/grex/test/features/auth/presentation/pages/auth_forms_widget_test.dart: Authentication Forms Widget Tests Error Handling should handle validation errors gracefully
01:00 +859 ~255: /Users/nguyenanhkiet/Playground/grex/test/features/auth/presentation/pages/auth_forms_widget_test.dart: Authentication Forms Widget Tests Error Handling should handle validation errors gracefully
01:00 +860 ~255: /Users/nguyenanhkiet/Playground/grex/test/features/auth/presentation/pages/register_page_widget_test.dart: RegisterPage Widget Tests Social Login Integration should display OrDivider between sections
01:00 +861 ~255: /Users/nguyenanhkiet/Playground/grex/test/features/auth/presentation/pages/register_page_widget_test.dart: RegisterPage Widget Tests Social Login Integration should trigger Google social login event when Google button tapped
01:01 +862 ~255: /Users/nguyenanhkiet/Playground/grex/test/features/auth/presentation/pages/register_page_widget_test.dart: RegisterPage Widget Tests Social Login Integration should trigger Apple social login event when Apple button tapped
01:01 +863 ~255: /Users/nguyenanhkiet/Playground/grex/test/features/auth/presentation/pages/login_page_widget_test.dart: LoginPage Widget Tests should display login form with all required fields
01:01 +864 ~255: /Users/nguyenanhkiet/Playground/grex/test/features/auth/presentation/pages/login_page_widget_test.dart: LoginPage Widget Tests should display login form with all required fields
01:01 +865 ~255: /Users/nguyenanhkiet/Playground/grex/test/features/auth/presentation/pages/login_page_widget_test.dart: LoginPage Widget Tests should display login form with all required fields
01:02 +866 ~255: /Users/nguyenanhkiet/Playground/grex/test/features/auth/presentation/pages/login_page_widget_test.dart: LoginPage Widget Tests should display login form with all required fields
01:02 +867 ~255: /Users/nguyenanhkiet/Playground/grex/test/features/auth/presentation/pages/login_page_widget_test.dart: LoginPage Widget Tests should display login form with all required fields
01:02 +868 ~255: /Users/nguyenanhkiet/Playground/grex/test/features/auth/presentation/pages/login_page_widget_test.dart: LoginPage Widget Tests should display login form with all required fields
01:03 +869 ~255: /Users/nguyenanhkiet/Playground/grex/test/features/auth/presentation/pages/forgot_password_page_widget_test.dart: ForgotPasswordPage Widget Tests should display forgot password form with all required elements
01:04 +870 ~255: /Users/nguyenanhkiet/Playground/grex/test/features/auth/presentation/pages/forgot_password_page_widget_test.dart: ForgotPasswordPage Widget Tests should display forgot password form with all required elements
01:04 +871 ~255: /Users/nguyenanhkiet/Playground/grex/test/features/auth/presentation/pages/forgot_password_page_widget_test.dart: ForgotPasswordPage Widget Tests should display forgot password form with all required elements
01:04 +872 ~255: /Users/nguyenanhkiet/Playground/grex/test/features/auth/presentation/widgets/social_login_button_test.dart: SocialLoginButton should display Google button with correct styling
01:05 +873 ~255: /Users/nguyenanhkiet/Playground/grex/test/features/auth/presentation/widgets/social_login_button_test.dart: SocialLoginButton should display Google button with correct styling
01:05 +874 ~255: /Users/nguyenanhkiet/Playground/grex/test/features/auth/presentation/widgets/social_login_button_test.dart: SocialLoginButton should display Google button with correct styling
01:05 +875 ~255: /Users/nguyenanhkiet/Playground/grex/test/features/auth/presentation/widgets/social_login_button_test.dart: SocialLoginButton should display Google button with correct styling
01:05 +876 ~255: /Users/nguyenanhkiet/Playground/grex/test/features/auth/presentation/widgets/social_login_button_test.dart: SocialLoginButton should display Google button with correct styling
01:05 +877 ~255: /Users/nguyenanhkiet/Playground/grex/test/features/auth/presentation/widgets/social_login_button_test.dart: SocialLoginButton should display Google button with correct styling
01:05 +878 ~255: /Users/nguyenanhkiet/Playground/grex/test/features/auth/presentation/pages/forgot_password_page_widget_test.dart: ForgotPasswordPage Widget Tests should show loading state during password reset
01:05 +879 ~255: /Users/nguyenanhkiet/Playground/grex/test/features/auth/presentation/pages/forgot_password_page_widget_test.dart: ForgotPasswordPage Widget Tests should show loading state during password reset
01:05 +880 ~255: /Users/nguyenanhkiet/Playground/grex/test/features/auth/presentation/pages/login_page_widget_test.dart: LoginPage Widget Tests should navigate to register page when register link is tapped
01:05 +881 ~255: /Users/nguyenanhkiet/Playground/grex/test/features/auth/presentation/pages/login_page_widget_test.dart: LoginPage Widget Tests should navigate to register page when register link is tapped
01:06 +882 ~255: /Users/nguyenanhkiet/Playground/grex/test/features/auth/presentation/pages/login_page_widget_test.dart: LoginPage Widget Tests should navigate to register page when register link is tapped
01:06 +883 ~255: /Users/nguyenanhkiet/Playground/grex/test/features/auth/presentation/pages/login_page_widget_test.dart: LoginPage Widget Tests should navigate to register page when register link is tapped
01:06 +884 ~255: /Users/nguyenanhkiet/Playground/grex/test/features/auth/presentation/pages/forgot_password_page_widget_test.dart: ForgotPasswordPage Widget Tests should navigate back to login when back button is tapped
01:06 +885 ~255: /Users/nguyenanhkiet/Playground/grex/test/features/auth/presentation/pages/forgot_password_page_widget_test.dart: ForgotPasswordPage Widget Tests should navigate back to login when back button is tapped
01:06 +886 ~255: /Users/nguyenanhkiet/Playground/grex/test/features/auth/presentation/pages/forgot_password_page_widget_test.dart: ForgotPasswordPage Widget Tests should navigate back to login when back button is tapped
01:06 +887 ~255: /Users/nguyenanhkiet/Playground/grex/test/features/auth/presentation/pages/login_page_widget_test.dart: LoginPage Widget Tests should navigate to forgot password page when forgot password link is tapped
01:06 +888 ~255: /Users/nguyenanhkiet/Playground/grex/test/features/auth/presentation/widgets/social_login_button_test.dart: SocialLoginButton should call onPressed callback when tapped
01:06 +889 ~255: /Users/nguyenanhkiet/Playground/grex/test/features/auth/presentation/pages/forgot_password_page_widget_test.dart: ForgotPasswordPage Widget Tests should show error message for network error
01:06 +890 ~255: /Users/nguyenanhkiet/Playground/grex/test/features/auth/presentation/pages/forgot_password_page_widget_test.dart: ForgotPasswordPage Widget Tests should show error message for network error
01:06 +891 ~255: /Users/nguyenanhkiet/Playground/grex/test/features/auth/presentation/pages/login_page_widget_test.dart: LoginPage Widget Tests should show error message for invalid credentials
01:06 +892 ~255: /Users/nguyenanhkiet/Playground/grex/test/features/auth/presentation/pages/login_page_widget_test.dart: LoginPage Widget Tests should show error message for invalid credentials
01:06 +893 ~255: /Users/nguyenanhkiet/Playground/grex/test/features/auth/presentation/pages/forgot_password_page_widget_test.dart: ForgotPasswordPage Widget Tests should show error message for invalid email
01:06 +894 ~255: /Users/nguyenanhkiet/Playground/grex/test/features/auth/presentation/pages/forgot_password_page_widget_test.dart: ForgotPasswordPage Widget Tests should show error message for invalid email
01:06 +895 ~255: /Users/nguyenanhkiet/Playground/grex/test/features/auth/presentation/pages/login_page_widget_test.dart: LoginPage Widget Tests should show error message for network error
01:06 +896 ~255: /Users/nguyenanhkiet/Playground/grex/test/features/auth/presentation/pages/login_page_widget_test.dart: LoginPage Widget Tests should show error message for network error
01:06 +897 ~255: /Users/nguyenanhkiet/Playground/grex/test/features/auth/presentation/pages/forgot_password_page_widget_test.dart: ForgotPasswordPage Widget Tests should use email keyboard type for email field
01:06 +898 ~255: /Users/nguyenanhkiet/Playground/grex/test/features/auth/presentation/widgets/social_login_button_test.dart: SocialLoginButton should maintain consistent styling across providers
01:06 +899 ~255: /Users/nguyenanhkiet/Playground/grex/test/features/auth/presentation/pages/login_page_widget_test.dart: LoginPage Widget Tests should clear error message when user starts typing
01:06 +900 ~255: /Users/nguyenanhkiet/Playground/grex/test/features/auth/presentation/pages/forgot_password_page_widget_test.dart: ForgotPasswordPage Widget Tests should handle form submission with Enter key
01:06 +901 ~255: /Users/nguyenanhkiet/Playground/grex/test/features/auth/presentation/widgets/social_login_button_test.dart: SocialLoginButton should handle rapid state changes without errors
01:06 +902 ~255: /Users/nguyenanhkiet/Playground/grex/test/features/auth/presentation/widgets/social_login_button_test.dart: SocialLoginButton should handle rapid state changes without errors
01:06 +903 ~255: /Users/nguyenanhkiet/Playground/grex/test/features/auth/presentation/pages/forgot_password_page_widget_test.dart: ForgotPasswordPage Widget Tests should clear error message when user starts typing
01:06 +904 ~255: /Users/nguyenanhkiet/Playground/grex/test/features/auth/presentation/pages/login_page_widget_test.dart: LoginPage Widget Tests should handle keyboard navigation
01:06 +905 ~255: /Users/nguyenanhkiet/Playground/grex/test/features/auth/presentation/pages/login_page_widget_test.dart: LoginPage Widget Tests should handle keyboard navigation
01:06 +906 ~255: /Users/nguyenanhkiet/Playground/grex/test/features/auth/presentation/pages/forgot_password_page_widget_test.dart: ForgotPasswordPage Widget Tests should show helpful instructions
01:06 +907 ~255: /Users/nguyenanhkiet/Playground/grex/test/features/auth/presentation/pages/login_page_widget_test.dart: LoginPage Widget Tests should show appropriate keyboard types for fields
01:06 +908 ~255: /Users/nguyenanhkiet/Playground/grex/test/features/auth/presentation/pages/login_page_widget_test.dart: LoginPage Widget Tests should show appropriate keyboard types for fields
01:06 +909 ~255: /Users/nguyenanhkiet/Playground/grex/test/features/auth/presentation/pages/forgot_password_page_widget_test.dart: ForgotPasswordPage Widget Tests should show email format hint
01:06 +910 ~255: /Users/nguyenanhkiet/Playground/grex/test/features/auth/presentation/pages/login_page_widget_test.dart: LoginPage Widget Tests should handle form submission with Enter key
01:06 +911 ~255: /Users/nguyenanhkiet/Playground/grex/test/features/auth/presentation/pages/login_page_widget_test.dart: LoginPage Widget Tests should handle form submission with Enter key
01:07 +912 ~255: /Users/nguyenanhkiet/Playground/grex/test/features/auth/presentation/pages/login_page_widget_test.dart: LoginPage Widget Tests Social Login Integration should display social login buttons after email/password section
01:07 +913 ~255: /Users/nguyenanhkiet/Playground/grex/test/features/auth/presentation/pages/login_page_widget_test.dart: LoginPage Widget Tests Social Login Integration should display OrDivider between sections
01:07 +914 ~255: /Users/nguyenanhkiet/Playground/grex/test/features/auth/presentation/pages/login_page_widget_test.dart: LoginPage Widget Tests Social Login Integration should trigger Google social login event when Google button tapped
01:07 +915 ~255: /Users/nguyenanhkiet/Playground/grex/test/features/auth/presentation/pages/login_page_widget_test.dart: LoginPage Widget Tests Social Login Integration should trigger Apple social login event when Apple button tapped
01:07 +916 ~255: /Users/nguyenanhkiet/Playground/grex/test/features/auth/presentation/pages/login_page_widget_test.dart: LoginPage Widget Tests Social Login Integration should disable all buttons during social login loading
01:07 +917 ~255: /Users/nguyenanhkiet/Playground/grex/test/features/auth/presentation/pages/login_page_widget_test.dart: LoginPage Widget Tests Social Login Integration should show loading indicator on Google button during Google login
01:07 +918 ~255: /Users/nguyenanhkiet/Playground/grex/test/features/auth/presentation/pages/login_page_widget_test.dart: LoginPage Widget Tests Social Login Integration should show loading indicator on Apple button during Apple login
01:07 +919 ~255: /Users/nguyenanhkiet/Playground/grex/test/features/auth/presentation/pages/login_page_widget_test.dart: LoginPage Widget Tests Social Login Integration should display social auth error widget for social login failures
01:07 +920 ~255: /Users/nguyenanhkiet/Playground/grex/test/features/auth/presentation/pages/login_page_widget_test.dart: LoginPage Widget Tests Social Login Integration should display regular error banner for non-social auth failures
01:08 +921 ~255: /Users/nguyenanhkiet/Playground/grex/test/features/auth/presentation/widgets/social_login_loading_state_property_test.dart: Property 20: Loading State Disables Authentication Buttons should disable all auth buttons during loading and show loading indicator
01:09 +922 ~255: /Users/nguyenanhkiet/Playground/grex/test/features/auth/presentation/widgets/social_login_loading_state_property_test.dart: Property 20: Loading State Disables Authentication Buttons should disable all auth buttons during loading and show loading indicator
01:09 +923 ~255: /Users/nguyenanhkiet/Playground/grex/test/features/auth/presentation/widgets/social_login_loading_state_property_test.dart: Property 20: Loading State Disables Authentication Buttons should disable all auth buttons during loading and show loading indicator
01:09 +924 ~255: /Users/nguyenanhkiet/Playground/grex/test/features/auth/presentation/widgets/social_login_loading_state_property_test.dart: Property 20: Loading State Disables Authentication Buttons should disable all auth buttons during loading and show loading indicator
01:09 +925 ~255: /Users/nguyenanhkiet/Playground/grex/test/features/auth/presentation/widgets/social_login_loading_state_property_test.dart: Property 20: Loading State Disables Authentication Buttons should disable all auth buttons during loading and show loading indicator
01:09 +926 ~255: /Users/nguyenanhkiet/Playground/grex/test/features/auth/presentation/widgets/social_login_loading_state_property_test.dart: Property 20: Loading State Disables Authentication Buttons should disable all auth buttons during loading and show loading indicator
01:09 +927 ~255: /Users/nguyenanhkiet/Playground/grex/test/features/auth/presentation/widgets/social_login_loading_state_property_test.dart: Property 20: Loading State Disables Authentication Buttons should disable all auth buttons during loading and show loading indicator
01:09 +928 ~255: /Users/nguyenanhkiet/Playground/grex/test/features/auth/presentation/widgets/social_login_loading_state_property_test.dart: Property 20: Loading State Disables Authentication Buttons should disable all auth buttons during loading and show loading indicator
01:10 +929 ~255: /Users/nguyenanhkiet/Playground/grex/test/features/auth/presentation/widgets/social_login_loading_state_property_test.dart: Property 20: Loading State Disables Authentication Buttons should disable all auth buttons during loading and show loading indicator
01:10 +930 ~255: /Users/nguyenanhkiet/Playground/grex/test/features/auth/presentation/widgets/social_login_loading_state_property_test.dart: Property 20: Loading State Disables Authentication Buttons should disable all auth buttons during loading and show loading indicator
01:10 +931 ~255: /Users/nguyenanhkiet/Playground/grex/test/features/auth/presentation/widgets/social_login_loading_state_property_test.dart: Property 20: Loading State Disables Authentication Buttons should disable all auth buttons during loading and show loading indicator
01:10 +932 ~255: /Users/nguyenanhkiet/Playground/grex/test/features/auth/presentation/widgets/social_login_loading_state_property_test.dart: Property 20: Loading State Disables Authentication Buttons should disable all auth buttons during loading and show loading indicator
01:10 +933 ~255: /Users/nguyenanhkiet/Playground/grex/test/features/auth/presentation/widgets/social_login_loading_state_property_test.dart: Property 20: Loading State Disables Authentication Buttons should disable all auth buttons during loading and show loading indicator
01:10 +934 ~255: /Users/nguyenanhkiet/Playground/grex/test/features/auth/presentation/widgets/social_login_loading_state_property_test.dart: Property 20: Loading State Disables Authentication Buttons should disable all auth buttons during loading and show loading indicator
01:10 +935 ~255: /Users/nguyenanhkiet/Playground/grex/test/features/auth/presentation/widgets/social_login_loading_state_property_test.dart: Property 20: Loading State Disables Authentication Buttons should disable all auth buttons during loading and show loading indicator
01:10 +936 ~255: /Users/nguyenanhkiet/Playground/grex/test/features/auth/presentation/widgets/social_login_loading_state_property_test.dart: Property 20: Loading State Disables Authentication Buttons should disable all auth buttons during loading and show loading indicator
01:10 +937 ~255: /Users/nguyenanhkiet/Playground/grex/test/features/auth/presentation/widgets/social_login_loading_state_property_test.dart: Property 20: Loading State Disables Authentication Buttons should disable all auth buttons during loading and show loading indicator
01:10 +938 ~255: /Users/nguyenanhkiet/Playground/grex/test/features/auth/presentation/widgets/social_login_loading_state_property_test.dart: Property 20: Loading State Disables Authentication Buttons should disable all auth buttons during loading and show loading indicator
01:10 +939 ~255: /Users/nguyenanhkiet/Playground/grex/test/features/auth/presentation/widgets/social_login_loading_state_property_test.dart: Property 20: Loading State Disables Authentication Buttons should disable all auth buttons during loading and show loading indicator
01:10 +940 ~255: /Users/nguyenanhkiet/Playground/grex/test/features/auth/presentation/widgets/social_login_loading_state_property_test.dart: Property 20: Loading State Disables Authentication Buttons should disable all auth buttons during loading and show loading indicator
01:10 +941 ~255: /Users/nguyenanhkiet/Playground/grex/test/features/auth/presentation/widgets/social_login_loading_state_property_test.dart: Property 20: Loading State Disables Authentication Buttons should disable all auth buttons during loading and show loading indicator
01:10 +942 ~255: /Users/nguyenanhkiet/Playground/grex/test/features/auth/presentation/widgets/social_login_loading_state_property_test.dart: Property 20: Loading State Disables Authentication Buttons should disable all auth buttons during loading and show loading indicator
01:10 +943 ~255: /Users/nguyenanhkiet/Playground/grex/test/features/auth/presentation/widgets/social_login_loading_state_property_test.dart: Property 20: Loading State Disables Authentication Buttons should disable all auth buttons during loading and show loading indicator
01:10 +944 ~255: /Users/nguyenanhkiet/Playground/grex/test/features/auth/presentation/widgets/social_login_loading_state_property_test.dart: Property 20: Loading State Disables Authentication Buttons should disable all auth buttons during loading and show loading indicator
01:10 +945 ~255: /Users/nguyenanhkiet/Playground/grex/test/features/auth/presentation/widgets/social_login_loading_state_property_test.dart: Property 20: Loading State Disables Authentication Buttons should disable all auth buttons during loading and show loading indicator
01:10 +946 ~255: /Users/nguyenanhkiet/Playground/grex/test/features/auth/presentation/widgets/social_login_loading_state_property_test.dart: Property 20: Loading State Disables Authentication Buttons should show correct loading indicator colors for different providers
01:11 +947 ~255: /Users/nguyenanhkiet/Playground/grex/test/features/auth/presentation/widgets/social_login_loading_state_property_test.dart: Property 20: Loading State Disables Authentication Buttons should maintain button dimensions during loading state
01:11 +948 ~255: /Users/nguyenanhkiet/Playground/grex/test/features/auth/presentation/widgets/social_login_loading_state_property_test.dart: Property 20: Loading State Disables Authentication Buttons should maintain button dimensions during loading state
01:11 +949 ~255: /Users/nguyenanhkiet/Playground/grex/test/features/auth/presentation/widgets/social_login_loading_state_property_test.dart: Property 20: Loading State Disables Authentication Buttons should maintain button dimensions during loading state
01:11 +950 ~255: /Users/nguyenanhkiet/Playground/grex/test/features/auth/presentation/widgets/social_login_loading_state_property_test.dart: Property 20: Loading State Disables Authentication Buttons should maintain button dimensions during loading state
01:11 +951 ~255: /Users/nguyenanhkiet/Playground/grex/test/features/auth/presentation/widgets/social_login_loading_state_property_test.dart: Property 20: Loading State Disables Authentication Buttons should maintain button dimensions during loading state
01:11 +952 ~255: /Users/nguyenanhkiet/Playground/grex/test/features/auth/presentation/widgets/social_login_loading_state_property_test.dart: Property 20: Loading State Disables Authentication Buttons should maintain button dimensions during loading state
01:11 +953 ~255: /Users/nguyenanhkiet/Playground/grex/test/features/auth/presentation/widgets/social_login_loading_state_property_test.dart: Property 20: Loading State Disables Authentication Buttons should maintain button dimensions during loading state
01:11 +954 ~255: /Users/nguyenanhkiet/Playground/grex/test/features/auth/presentation/widgets/social_login_loading_state_property_test.dart: Property 20: Loading State Disables Authentication Buttons should maintain button dimensions during loading state
01:11 +955 ~255: /Users/nguyenanhkiet/Playground/grex/test/features/auth/presentation/widgets/social_login_loading_state_property_test.dart: Property 20: Loading State Disables Authentication Buttons should maintain button dimensions during loading state
01:11 +956 ~255: /Users/nguyenanhkiet/Playground/grex/test/features/auth/presentation/widgets/social_login_loading_state_property_test.dart: Property 20: Loading State Disables Authentication Buttons should maintain button dimensions during loading state
01:11 +957 ~255: /Users/nguyenanhkiet/Playground/grex/test/features/auth/presentation/widgets/social_login_loading_state_property_test.dart: Property 20: Loading State Disables Authentication Buttons should maintain button dimensions during loading state
01:12 +958 ~255: /Users/nguyenanhkiet/Playground/grex/test/features/auth/presentation/widgets/social_login_loading_state_property_test.dart: Property 20: Loading State Disables Authentication Buttons should maintain button dimensions during loading state
01:12 +959 ~255: /Users/nguyenanhkiet/Playground/grex/test/features/auth/presentation/widgets/social_login_loading_state_property_test.dart: Property 20: Loading State Disables Authentication Buttons should maintain button dimensions during loading state
01:12 +960 ~255: /Users/nguyenanhkiet/Playground/grex/test/features/auth/presentation/widgets/social_login_loading_state_property_test.dart: Property 20: Loading State Disables Authentication Buttons should maintain button dimensions during loading state
01:12 +961 ~255: /Users/nguyenanhkiet/Playground/grex/test/features/auth/presentation/widgets/social_login_loading_state_property_test.dart: Property 20: Loading State Disables Authentication Buttons should maintain button dimensions during loading state
01:12 +962 ~255: /Users/nguyenanhkiet/Playground/grex/test/features/auth/presentation/widgets/social_auth_error_widget_test.dart: SocialAuthErrorWidget error display should not display anything for cancellation failures
01:13 +963 ~255: /Users/nguyenanhkiet/Playground/grex/test/features/auth/presentation/widgets/social_login_loading_state_property_test.dart: Property 20: Loading State Disables Authentication Buttons should handle rapid loading state changes
01:13 +964 ~255: /Users/nguyenanhkiet/Playground/grex/test/features/auth/presentation/widgets/social_login_loading_state_property_test.dart: Property 20: Loading State Disables Authentication Buttons should handle rapid loading state changes
01:13 +965 ~255: /Users/nguyenanhkiet/Playground/grex/test/features/auth/presentation/widgets/social_login_loading_state_property_test.dart: Property 20: Loading State Disables Authentication Buttons should handle rapid loading state changes
01:13 +966 ~255: /Users/nguyenanhkiet/Playground/grex/test/features/auth/presentation/widgets/social_login_loading_state_property_test.dart: Property 20: Loading State Disables Authentication Buttons should handle rapid loading state changes
01:13 +967 ~255: /Users/nguyenanhkiet/Playground/grex/test/features/auth/presentation/widgets/social_login_loading_state_property_test.dart: Property 20: Loading State Disables Authentication Buttons should handle rapid loading state changes
01:13 +968 ~255: /Users/nguyenanhkiet/Playground/grex/test/features/auth/presentation/widgets/social_login_loading_state_property_test.dart: Property 20: Loading State Disables Authentication Buttons should handle rapid loading state changes
01:13 +969 ~255: /Users/nguyenanhkiet/Playground/grex/test/features/auth/presentation/widgets/social_login_loading_state_property_test.dart: Property 20: Loading State Disables Authentication Buttons should handle rapid loading state changes
01:13 +970 ~255: /Users/nguyenanhkiet/Playground/grex/test/features/auth/presentation/widgets/social_login_loading_state_property_test.dart: Property 20: Loading State Disables Authentication Buttons should handle rapid loading state changes
01:13 +971 ~255: /Users/nguyenanhkiet/Playground/grex/test/features/auth/presentation/widgets/social_login_loading_state_property_test.dart: Property 20: Loading State Disables Authentication Buttons should handle rapid loading state changes
01:13 +972 ~255: /Users/nguyenanhkiet/Playground/grex/test/features/auth/presentation/widgets/social_login_loading_state_property_test.dart: Property 20: Loading State Disables Authentication Buttons should handle rapid loading state changes
01:13 +973 ~255: /Users/nguyenanhkiet/Playground/grex/test/features/auth/presentation/widgets/social_login_loading_state_property_test.dart: Property 20: Loading State Disables Authentication Buttons should handle rapid loading state changes
01:13 +974 ~255: /Users/nguyenanhkiet/Playground/grex/test/features/auth/presentation/widgets/social_login_loading_state_property_test.dart: Property 20: Loading State Disables Authentication Buttons should handle rapid loading state changes
01:13 +975 ~255: /Users/nguyenanhkiet/Playground/grex/test/features/auth/presentation/widgets/social_login_loading_state_property_test.dart: Property 20: Loading State Disables Authentication Buttons should handle rapid loading state changes
01:13 +976 ~255: /Users/nguyenanhkiet/Playground/grex/test/features/auth/presentation/widgets/social_login_loading_state_property_test.dart: Property 20: Loading State Disables Authentication Buttons should handle rapid loading state changes
01:14 +977 ~255: /Users/nguyenanhkiet/Playground/grex/test/features/auth/presentation/widgets/social_login_loading_state_property_test.dart: Property 20: Loading State Disables Authentication Buttons should handle rapid loading state changes
01:14 +978 ~255: /Users/nguyenanhkiet/Playground/grex/test/features/auth/presentation/widgets/social_login_loading_state_property_test.dart: Property 20: Loading State Disables Authentication Buttons should handle rapid loading state changes
01:14 +979 ~255: /Users/nguyenanhkiet/Playground/grex/test/features/auth/presentation/widgets/social_login_loading_state_property_test.dart: Property 20: Loading State Disables Authentication Buttons should handle rapid loading state changes
01:14 +980 ~255: /Users/nguyenanhkiet/Playground/grex/test/features/auth/presentation/widgets/social_login_loading_state_property_test.dart: Property 20: Loading State Disables Authentication Buttons should handle rapid loading state changes
01:14 +981 ~255: /Users/nguyenanhkiet/Playground/grex/test/features/auth/presentation/widgets/social_login_loading_state_property_test.dart: Property 20: Loading State Disables Authentication Buttons should handle rapid loading state changes
01:14 +982 ~255: /Users/nguyenanhkiet/Playground/grex/test/features/auth/presentation/widgets/social_login_loading_state_property_test.dart: Property 20: Loading State Disables Authentication Buttons should handle rapid loading state changes
01:14 +983 ~255: /Users/nguyenanhkiet/Playground/grex/test/features/auth/presentation/widgets/social_login_loading_state_property_test.dart: Property 20: Loading State Disables Authentication Buttons should handle rapid loading state changes
01:14 +984 ~255: /Users/nguyenanhkiet/Playground/grex/test/features/auth/presentation/widgets/social_login_loading_state_property_test.dart: Property 20: Loading State Disables Authentication Buttons should handle rapid loading state changes
01:14 +985 ~255: /Users/nguyenanhkiet/Playground/grex/test/features/auth/presentation/widgets/social_login_loading_state_property_test.dart: Property 20: Loading State Disables Authentication Buttons should handle rapid loading state changes
01:14 +986 ~255: /Users/nguyenanhkiet/Playground/grex/test/features/auth/presentation/widgets/social_login_loading_state_property_test.dart: Property 20: Loading State Disables Authentication Buttons should handle rapid loading state changes
01:15 +987 ~255: /Users/nguyenanhkiet/Playground/grex/test/features/auth/presentation/bloc/auth_bloc_profile_existence_check_property_test.dart: AuthBloc Profile Existence Check Property Tests Property 9: Profile Existence Check After OAuth
01:15 +988 ~255: /Users/nguyenanhkiet/Playground/grex/test/features/auth/presentation/bloc/auth_bloc_profile_existence_check_property_test.dart: AuthBloc Profile Existence Check Property Tests Property 9: Profile Existence Check After OAuth
01:15 +989 ~255: /Users/nguyenanhkiet/Playground/grex/test/features/auth/presentation/bloc/auth_bloc_profile_existence_check_property_test.dart: AuthBloc Profile Existence Check Property Tests Property 9: Profile Existence Check After OAuth
01:15 +990 ~255: /Users/nguyenanhkiet/Playground/grex/test/features/auth/presentation/bloc/auth_bloc_profile_existence_check_property_test.dart: AuthBloc Profile Existence Check Property Tests Property 9: Profile Existence Check After OAuth
01:15 +991 ~255: /Users/nguyenanhkiet/Playground/grex/test/features/auth/presentation/bloc/auth_bloc_profile_existence_check_property_test.dart: AuthBloc Profile Existence Check Property Tests Property 9: Profile Existence Check After OAuth
01:15 +992 ~255: /Users/nguyenanhkiet/Playground/grex/test/features/auth/presentation/bloc/auth_bloc_profile_existence_check_property_test.dart: AuthBloc Profile Existence Check Property Tests Property 9: Profile Existence Check After OAuth
01:15 +993 ~255: /Users/nguyenanhkiet/Playground/grex/test/features/auth/presentation/bloc/auth_bloc_profile_existence_check_property_test.dart: AuthBloc Profile Existence Check Property Tests Property 9: Profile Existence Check After OAuth
01:15 +994 ~255: /Users/nguyenanhkiet/Playground/grex/test/features/auth/presentation/bloc/auth_bloc_profile_existence_check_property_test.dart: AuthBloc Profile Existence Check Property Tests Property 9: Profile Existence Check After OAuth
01:15 +995 ~255: /Users/nguyenanhkiet/Playground/grex/test/features/auth/presentation/bloc/auth_bloc_profile_existence_check_property_test.dart: AuthBloc Profile Existence Check Property Tests Property 9: Profile Existence Check After OAuth
01:15 +996 ~255: /Users/nguyenanhkiet/Playground/grex/test/features/auth/presentation/bloc/auth_bloc_profile_existence_check_property_test.dart: AuthBloc Profile Existence Check Property Tests Property 9: Profile Existence Check After OAuth
01:15 +997 ~255: /Users/nguyenanhkiet/Playground/grex/test/features/auth/presentation/bloc/auth_bloc_profile_existence_check_property_test.dart: AuthBloc Profile Existence Check Property Tests Property 9: Profile Existence Check After OAuth
01:15 +998 ~255: /Users/nguyenanhkiet/Playground/grex/test/features/auth/presentation/bloc/auth_bloc_profile_existence_check_property_test.dart: AuthBloc Profile Existence Check Property Tests Property 9: Profile Existence Check After OAuth
01:15 +999 ~255: /Users/nguyenanhkiet/Playground/grex/test/features/auth/presentation/bloc/auth_bloc_profile_existence_check_property_test.dart: AuthBloc Profile Existence Check Property Tests Property 9: Profile Existence Check After OAuth
01:16 +1000 ~255: /Users/nguyenanhkiet/Playground/grex/test/features/auth/presentation/bloc/auth_bloc_profile_existence_check_property_test.dart: AuthBloc Profile Existence Check Property Tests Property 9: Profile Existence Check After OAuth
01:16 +1001 ~255: /Users/nguyenanhkiet/Playground/grex/test/features/auth/presentation/bloc/auth_bloc_profile_existence_check_property_test.dart: AuthBloc Profile Existence Check Property Tests Property 9: Profile Existence Check After OAuth
01:16 +1002 ~255: /Users/nguyenanhkiet/Playground/grex/test/features/auth/presentation/bloc/auth_bloc_profile_existence_check_property_test.dart: AuthBloc Profile Existence Check Property Tests Property 9: Profile Existence Check After OAuth
01:16 +1003 ~255: /Users/nguyenanhkiet/Playground/grex/test/features/auth/presentation/bloc/auth_bloc_profile_existence_check_property_test.dart: AuthBloc Profile Existence Check Property Tests Property 9: Profile Existence Check After OAuth
01:16 +1004 ~255: /Users/nguyenanhkiet/Playground/grex/test/features/auth/presentation/bloc/auth_bloc_profile_existence_check_property_test.dart: AuthBloc Profile Existence Check Property Tests Property 9: Profile Existence Check After OAuth
01:16 +1005 ~255: /Users/nguyenanhkiet/Playground/grex/test/features/auth/presentation/bloc/auth_bloc_profile_existence_check_property_test.dart: AuthBloc Profile Existence Check Property Tests Property 9: Profile Existence Check After OAuth
01:16 +1006 ~255: /Users/nguyenanhkiet/Playground/grex/test/features/auth/presentation/bloc/auth_bloc_profile_existence_check_property_test.dart: AuthBloc Profile Existence Check Property Tests Property 9: Profile Existence Check After OAuth
01:16 +1007 ~255: /Users/nguyenanhkiet/Playground/grex/test/features/auth/presentation/bloc/auth_bloc_profile_existence_check_property_test.dart: AuthBloc Profile Existence Check Property Tests Property 9: Profile Existence Check After OAuth
01:16 +1008 ~255: /Users/nguyenanhkiet/Playground/grex/test/features/auth/presentation/bloc/auth_bloc_profile_existence_check_property_test.dart: AuthBloc Profile Existence Check Property Tests Property 9: Profile Existence Check After OAuth
01:16 +1009 ~255: /Users/nguyenanhkiet/Playground/grex/test/features/auth/presentation/bloc/auth_bloc_profile_existence_check_property_test.dart: AuthBloc Profile Existence Check Property Tests Property 9: Profile Existence Check After OAuth
01:16 +1010 ~255: /Users/nguyenanhkiet/Playground/grex/test/features/auth/presentation/bloc/auth_bloc_profile_existence_check_property_test.dart: AuthBloc Profile Existence Check Property Tests Property 9: Profile Existence Check After OAuth
01:18 +1011 ~255: /Users/nguyenanhkiet/Playground/grex/test/features/auth/presentation/bloc/auth_bloc_profile_existence_check_property_test.dart: AuthBloc Profile Existence Check Property Tests Property 9: Profile Existence Check After OAuth
01:18 +1012 ~255: /Users/nguyenanhkiet/Playground/grex/test/features/auth/presentation/bloc/auth_bloc_profile_existence_check_property_test.dart: AuthBloc Profile Existence Check Property Tests Property 9: Profile Existence Check After OAuth
01:19 +1013 ~255: /Users/nguyenanhkiet/Playground/grex/test/features/auth/presentation/bloc/auth_bloc_profile_existence_check_property_test.dart: AuthBloc Profile Existence Check Property Tests Property 9: Profile Existence Check After OAuth
01:29 +1014 ~255: /Users/nguyenanhkiet/Playground/grex/test/features/auth/presentation/bloc/auth_bloc_profile_existence_check_property_test.dart: AuthBloc Profile Existence Check Property Tests Property 9: Profile Existence Check After OAuth
01:34 +1015 ~255: /Users/nguyenanhkiet/Playground/grex/test/features/auth/presentation/bloc/auth_bloc_new_user_navigation_property_test.dart: AuthBloc New User Navigation Property Tests Property 6: New Users Navigate to Profile Setup
01:37 +1016 ~255: /Users/nguyenanhkiet/Playground/grex/test/features/auth/presentation/bloc/auth_bloc_network_failures_property_test.dart: AuthBloc Network Failures Property Tests Property 4 Retry Behavior: Network Failures Allow Immediate Retry
01:39 +1017 ~255: /Users/nguyenanhkiet/Playground/grex/test/features/auth/presentation/bloc/auth_bloc_network_failures_property_test.dart: AuthBloc Network Failures Property Tests Property 4 Retry Behavior: Network Failures Allow Immediate Retry
01:43 +1018 ~255: /Users/nguyenanhkiet/Playground/grex/test/features/auth/presentation/bloc/auth_bloc_network_failures_property_test.dart: AuthBloc Network Failures Property Tests Property 4 Retry Behavior: Network Failures Allow Immediate Retry
01:44 +1019 ~255: /Users/nguyenanhkiet/Playground/grex/test/features/auth/presentation/bloc/auth_bloc_network_failures_property_test.dart: AuthBloc Network Failures Property Tests Property 4 Retry Behavior: Network Failures Allow Immediate Retry
01:50 +1020 ~255: /Users/nguyenanhkiet/Playground/grex/test/features/auth/presentation/bloc/auth_bloc_new_user_navigation_property_test.dart: AuthBloc New User Navigation Property Tests Property 6 Provider Consistency: Both Providers Navigate New Users to Setup
01:53 +1021 ~255: /Users/nguyenanhkiet/Playground/grex/test/features/auth/presentation/bloc/auth_bloc_account_linking_property_test.dart: AuthBloc Account Linking Property Tests Property 14: Email Matching Detects Account Linking
01:54 +1022 ~255: /Users/nguyenanhkiet/Playground/grex/test/features/auth/presentation/bloc/auth_bloc_account_linking_property_test.dart: AuthBloc Account Linking Property Tests Property 14: Email Matching Detects Account Linking
01:54 +1023 ~255: /Users/nguyenanhkiet/Playground/grex/test/features/auth/presentation/bloc/auth_bloc_account_linking_property_test.dart: AuthBloc Account Linking Property Tests Property 14: Email Matching Detects Account Linking
01:54 +1024 ~255: /Users/nguyenanhkiet/Playground/grex/test/features/auth/presentation/bloc/auth_bloc_account_linking_property_test.dart: AuthBloc Account Linking Property Tests Property 14: Email Matching Detects Account Linking
01:54 +1025 ~255: /Users/nguyenanhkiet/Playground/grex/test/features/auth/presentation/bloc/auth_bloc_account_linking_property_test.dart: AuthBloc Account Linking Property Tests Property 14: Email Matching Detects Account Linking
01:54 +1026 ~255: /Users/nguyenanhkiet/Playground/grex/test/features/auth/presentation/bloc/auth_bloc_account_linking_property_test.dart: AuthBloc Account Linking Property Tests Property 14: Email Matching Detects Account Linking
01:54 +1027 ~255: /Users/nguyenanhkiet/Playground/grex/test/features/auth/presentation/bloc/auth_bloc_account_linking_property_test.dart: AuthBloc Account Linking Property Tests Property 14: Email Matching Detects Account Linking
01:54 +1028 ~255: /Users/nguyenanhkiet/Playground/grex/test/features/auth/presentation/bloc/auth_bloc_account_linking_property_test.dart: AuthBloc Account Linking Property Tests Property 14: Email Matching Detects Account Linking
01:54 +1029 ~255: /Users/nguyenanhkiet/Playground/grex/test/features/auth/presentation/bloc/auth_bloc_account_linking_property_test.dart: AuthBloc Account Linking Property Tests Property 14: Email Matching Detects Account Linking
01:54 +1030 ~255: /Users/nguyenanhkiet/Playground/grex/test/features/auth/presentation/bloc/auth_bloc_account_linking_property_test.dart: AuthBloc Account Linking Property Tests Property 14: Email Matching Detects Account Linking
01:54 +1031 ~255: /Users/nguyenanhkiet/Playground/grex/test/features/auth/presentation/bloc/auth_bloc_account_linking_property_test.dart: AuthBloc Account Linking Property Tests Property 14: Email Matching Detects Account Linking
01:54 +1032 ~255: /Users/nguyenanhkiet/Playground/grex/test/features/auth/presentation/bloc/auth_bloc_account_linking_property_test.dart: AuthBloc Account Linking Property Tests Property 14: Email Matching Detects Account Linking
01:54 +1033 ~255: /Users/nguyenanhkiet/Playground/grex/test/features/auth/presentation/bloc/auth_bloc_account_linking_property_test.dart: AuthBloc Account Linking Property Tests Property 14: Email Matching Detects Account Linking
01:54 +1034 ~255: /Users/nguyenanhkiet/Playground/grex/test/features/auth/presentation/bloc/auth_bloc_account_linking_property_test.dart: AuthBloc Account Linking Property Tests Property 14: Email Matching Detects Account Linking
01:54 +1035 ~255: /Users/nguyenanhkiet/Playground/grex/test/features/auth/presentation/bloc/auth_bloc_account_linking_property_test.dart: AuthBloc Account Linking Property Tests Property 14: Email Matching Detects Account Linking
01:54 +1036 ~255: /Users/nguyenanhkiet/Playground/grex/test/features/auth/presentation/bloc/auth_bloc_account_linking_property_test.dart: AuthBloc Account Linking Property Tests Property 14: Email Matching Detects Account Linking
01:54 +1037 ~255: /Users/nguyenanhkiet/Playground/grex/test/features/auth/presentation/bloc/auth_bloc_account_linking_property_test.dart: AuthBloc Account Linking Property Tests Property 14: Email Matching Detects Account Linking
01:54 +1038 ~255: /Users/nguyenanhkiet/Playground/grex/test/features/auth/presentation/bloc/auth_bloc_account_linking_property_test.dart: AuthBloc Account Linking Property Tests Property 14: Email Matching Detects Account Linking
01:55 +1039 ~255: /Users/nguyenanhkiet/Playground/grex/test/features/auth/presentation/bloc/auth_bloc_account_linking_property_test.dart: AuthBloc Account Linking Property Tests Property 14: Email Matching Detects Account Linking
01:55 +1040 ~255: /Users/nguyenanhkiet/Playground/grex/test/features/auth/presentation/bloc/auth_bloc_account_linking_property_test.dart: AuthBloc Account Linking Property Tests Property 14: Email Matching Detects Account Linking
01:56 +1041 ~255: /Users/nguyenanhkiet/Playground/grex/test/features/auth/presentation/bloc/auth_bloc_account_linking_property_test.dart: AuthBloc Account Linking Property Tests Property 14: Email Matching Detects Account Linking
02:06 +1042 ~255: /Users/nguyenanhkiet/Playground/grex/test/features/auth/presentation/bloc/auth_bloc_account_linking_property_test.dart: AuthBloc Account Linking Property Tests Property 14: Email Matching Detects Account Linking
02:06 +1043 ~255: /Users/nguyenanhkiet/Playground/grex/test/features/auth/presentation/bloc/auth_bloc_existing_user_navigation_property_test.dart: AuthBloc Existing User Navigation Property Tests Property 5 Extended: Existing User Profile Data Integrity
02:07 +1044 ~255: /Users/nguyenanhkiet/Playground/grex/test/features/auth/presentation/bloc/auth_bloc_account_linking_property_test.dart: AuthBloc Account Linking Property Tests Property 16: Confirmed Linking Connects OAuth Provider
02:07 +1045 ~255: /Users/nguyenanhkiet/Playground/grex/test/features/auth/presentation/bloc/auth_bloc_account_linking_property_test.dart: AuthBloc Account Linking Property Tests Property 16: Confirmed Linking Connects OAuth Provider
02:07 +1046 ~255: /Users/nguyenanhkiet/Playground/grex/test/features/auth/presentation/bloc/auth_bloc_account_linking_property_test.dart: AuthBloc Account Linking Property Tests Property 16: Confirmed Linking Connects OAuth Provider
02:07 +1047 ~255: /Users/nguyenanhkiet/Playground/grex/test/features/auth/presentation/bloc/auth_bloc_account_linking_property_test.dart: AuthBloc Account Linking Property Tests Property 16: Confirmed Linking Connects OAuth Provider
02:07 +1048 ~255: /Users/nguyenanhkiet/Playground/grex/test/features/auth/presentation/bloc/auth_bloc_account_linking_property_test.dart: AuthBloc Account Linking Property Tests Property 16: Confirmed Linking Connects OAuth Provider
02:07 +1049 ~255: /Users/nguyenanhkiet/Playground/grex/test/features/auth/presentation/bloc/auth_bloc_account_linking_property_test.dart: AuthBloc Account Linking Property Tests Property 16: Confirmed Linking Connects OAuth Provider
02:07 +1050 ~255: /Users/nguyenanhkiet/Playground/grex/test/features/auth/presentation/bloc/auth_bloc_account_linking_property_test.dart: AuthBloc Account Linking Property Tests Property 16: Confirmed Linking Connects OAuth Provider
02:08 +1051 ~255: /Users/nguyenanhkiet/Playground/grex/test/features/auth/presentation/bloc/auth_bloc_account_linking_property_test.dart: AuthBloc Account Linking Property Tests Property 16: Confirmed Linking Connects OAuth Provider
02:08 +1052 ~255: /Users/nguyenanhkiet/Playground/grex/test/features/auth/presentation/bloc/auth_bloc_account_linking_property_test.dart: AuthBloc Account Linking Property Tests Property 16: Confirmed Linking Connects OAuth Provider
02:08 +1053 ~255: /Users/nguyenanhkiet/Playground/grex/test/features/auth/presentation/bloc/auth_bloc_account_linking_property_test.dart: AuthBloc Account Linking Property Tests Property 16: Confirmed Linking Connects OAuth Provider
02:08 +1054 ~255: /Users/nguyenanhkiet/Playground/grex/test/features/auth/presentation/bloc/auth_bloc_account_linking_property_test.dart: AuthBloc Account Linking Property Tests Property 16: Confirmed Linking Connects OAuth Provider
02:08 +1055 ~255: /Users/nguyenanhkiet/Playground/grex/test/features/auth/presentation/bloc/auth_bloc_account_linking_property_test.dart: AuthBloc Account Linking Property Tests Property 16: Confirmed Linking Connects OAuth Provider
02:08 +1056 ~255: /Users/nguyenanhkiet/Playground/grex/test/features/auth/presentation/bloc/auth_bloc_account_linking_property_test.dart: AuthBloc Account Linking Property Tests Property 16: Confirmed Linking Connects OAuth Provider
02:08 +1057 ~255: /Users/nguyenanhkiet/Playground/grex/test/features/auth/presentation/bloc/auth_bloc_account_linking_property_test.dart: AuthBloc Account Linking Property Tests Property 16: Confirmed Linking Connects OAuth Provider
02:08 +1058 ~255: /Users/nguyenanhkiet/Playground/grex/test/features/auth/presentation/bloc/auth_bloc_account_linking_property_test.dart: AuthBloc Account Linking Property Tests Property 16: Confirmed Linking Connects OAuth Provider
02:08 +1059 ~255: /Users/nguyenanhkiet/Playground/grex/test/features/auth/presentation/bloc/auth_bloc_account_linking_property_test.dart: AuthBloc Account Linking Property Tests Property 16: Confirmed Linking Connects OAuth Provider
02:08 +1060 ~255: /Users/nguyenanhkiet/Playground/grex/test/features/auth/presentation/bloc/auth_bloc_account_linking_property_test.dart: AuthBloc Account Linking Property Tests Property 16: Confirmed Linking Connects OAuth Provider
02:08 +1061 ~255: /Users/nguyenanhkiet/Playground/grex/test/features/auth/presentation/bloc/auth_bloc_account_linking_property_test.dart: AuthBloc Account Linking Property Tests Property 16: Confirmed Linking Connects OAuth Provider
02:08 +1062 ~255: /Users/nguyenanhkiet/Playground/grex/test/features/auth/presentation/bloc/auth_bloc_account_linking_property_test.dart: AuthBloc Account Linking Property Tests Property 16: Confirmed Linking Connects OAuth Provider
02:09 +1063 ~255: /Users/nguyenanhkiet/Playground/grex/test/features/auth/presentation/bloc/auth_bloc_account_linking_property_test.dart: AuthBloc Account Linking Property Tests Property 16: Confirmed Linking Connects OAuth Provider
02:09 +1064 ~255: /Users/nguyenanhkiet/Playground/grex/test/features/auth/presentation/bloc/auth_bloc_account_linking_property_test.dart: AuthBloc Account Linking Property Tests Property 16: Confirmed Linking Connects OAuth Provider
02:10 +1065 ~255: /Users/nguyenanhkiet/Playground/grex/test/features/auth/presentation/bloc/auth_bloc_account_linking_property_test.dart: AuthBloc Account Linking Property Tests Property 16: Confirmed Linking Connects OAuth Provider
02:10 +1066 ~255: /Users/nguyenanhkiet/Playground/grex/test/features/auth/presentation/bloc/auth_bloc_account_linking_property_test.dart: AuthBloc Account Linking Property Tests Property 16: Confirmed Linking Connects OAuth Provider
02:10 +1067 ~255: /Users/nguyenanhkiet/Playground/grex/test/features/auth/presentation/bloc/auth_bloc_account_linking_property_test.dart: AuthBloc Account Linking Property Tests Property 16: Confirmed Linking Connects OAuth Provider
02:10 +1068 ~255: /Users/nguyenanhkiet/Playground/grex/test/features/auth/presentation/bloc/auth_bloc_account_linking_property_test.dart: AuthBloc Account Linking Property Tests Property 16: Confirmed Linking Connects OAuth Provider
02:10 +1069 ~255: /Users/nguyenanhkiet/Playground/grex/test/features/auth/presentation/bloc/auth_bloc_account_linking_property_test.dart: AuthBloc Account Linking Property Tests Property 16: Confirmed Linking Connects OAuth Provider
02:10 +1070 ~255: /Users/nguyenanhkiet/Playground/grex/test/features/auth/presentation/bloc/auth_bloc_account_linking_property_test.dart: AuthBloc Account Linking Property Tests Property 16: Confirmed Linking Connects OAuth Provider
02:10 +1071 ~255: /Users/nguyenanhkiet/Playground/grex/test/features/auth/presentation/bloc/auth_bloc_account_linking_property_test.dart: AuthBloc Account Linking Property Tests Property 16: Confirmed Linking Connects OAuth Provider
02:10 +1072 ~255: /Users/nguyenanhkiet/Playground/grex/test/features/auth/presentation/bloc/auth_bloc_account_linking_property_test.dart: AuthBloc Account Linking Property Tests Property 16: Confirmed Linking Connects OAuth Provider
02:10 +1073 ~255: /Users/nguyenanhkiet/Playground/grex/test/features/auth/presentation/bloc/auth_bloc_account_linking_property_test.dart: AuthBloc Account Linking Property Tests Property 16: Confirmed Linking Connects OAuth Provider
02:10 +1074 ~255: /Users/nguyenanhkiet/Playground/grex/test/features/auth/presentation/bloc/auth_bloc_account_linking_property_test.dart: AuthBloc Account Linking Property Tests Property 16: Confirmed Linking Connects OAuth Provider
02:10 +1075 ~255: /Users/nguyenanhkiet/Playground/grex/test/features/auth/presentation/bloc/auth_bloc_account_linking_property_test.dart: AuthBloc Account Linking Property Tests Property 16: Confirmed Linking Connects OAuth Provider
02:10 +1076 ~255: /Users/nguyenanhkiet/Playground/grex/test/features/auth/presentation/bloc/auth_bloc_account_linking_property_test.dart: AuthBloc Account Linking Property Tests Property 16: Confirmed Linking Connects OAuth Provider
02:10 +1077 ~255: /Users/nguyenanhkiet/Playground/grex/test/features/auth/presentation/bloc/auth_bloc_account_linking_property_test.dart: AuthBloc Account Linking Property Tests Property 16: Confirmed Linking Connects OAuth Provider
02:10 +1078 ~255: /Users/nguyenanhkiet/Playground/grex/test/features/auth/presentation/bloc/auth_bloc_account_linking_property_test.dart: AuthBloc Account Linking Property Tests Property 16: Confirmed Linking Connects OAuth Provider
02:10 +1079 ~255: /Users/nguyenanhkiet/Playground/grex/test/features/auth/presentation/bloc/auth_bloc_account_linking_property_test.dart: AuthBloc Account Linking Property Tests Property 16: Confirmed Linking Connects OAuth Provider
02:10 +1080 ~255: /Users/nguyenanhkiet/Playground/grex/test/features/auth/presentation/bloc/auth_bloc_account_linking_property_test.dart: AuthBloc Account Linking Property Tests Property 16: Confirmed Linking Connects OAuth Provider
02:10 +1081 ~255: /Users/nguyenanhkiet/Playground/grex/test/features/auth/presentation/bloc/auth_bloc_account_linking_property_test.dart: AuthBloc Account Linking Property Tests Property 16: Confirmed Linking Connects OAuth Provider
02:10 +1082 ~255: /Users/nguyenanhkiet/Playground/grex/test/features/auth/presentation/bloc/auth_bloc_account_linking_property_test.dart: AuthBloc Account Linking Property Tests Property 16: Confirmed Linking Connects OAuth Provider
02:10 +1083 ~255: /Users/nguyenanhkiet/Playground/grex/test/features/auth/presentation/bloc/auth_bloc_account_linking_property_test.dart: AuthBloc Account Linking Property Tests Property 16: Confirmed Linking Connects OAuth Provider
02:10 +1084 ~255: /Users/nguyenanhkiet/Playground/grex/test/features/auth/presentation/bloc/auth_bloc_account_linking_property_test.dart: AuthBloc Account Linking Property Tests Property 16: Confirmed Linking Connects OAuth Provider
02:10 +1085 ~255: /Users/nguyenanhkiet/Playground/grex/test/features/auth/presentation/bloc/auth_bloc_account_linking_property_test.dart: AuthBloc Account Linking Property Tests Property 16: Confirmed Linking Connects OAuth Provider
02:10 +1086 ~255: /Users/nguyenanhkiet/Playground/grex/test/features/auth/presentation/bloc/auth_bloc_account_linking_property_test.dart: AuthBloc Account Linking Property Tests Property 16: Confirmed Linking Connects OAuth Provider
02:10 +1087 ~255: /Users/nguyenanhkiet/Playground/grex/test/features/auth/presentation/bloc/auth_bloc_account_linking_property_test.dart: AuthBloc Account Linking Property Tests Property 16: Confirmed Linking Connects OAuth Provider
02:11 +1088 ~255: /Users/nguyenanhkiet/Playground/grex/test/features/auth/presentation/bloc/auth_bloc_account_linking_property_test.dart: AuthBloc Account Linking Property Tests Property 16: Confirmed Linking Connects OAuth Provider
02:13 +1089 ~255: /Users/nguyenanhkiet/Playground/grex/test/features/auth/presentation/bloc/auth_bloc_account_linking_property_test.dart: AuthBloc Account Linking Property Tests Property 16: Confirmed Linking Connects OAuth Provider
02:14 +1090 ~255: /Users/nguyenanhkiet/Playground/grex/test/features/auth/presentation/bloc/auth_bloc_account_linking_property_test.dart: AuthBloc Account Linking Property Tests Property 16: Confirmed Linking Connects OAuth Provider
02:17 +1091 ~255: /Users/nguyenanhkiet/Playground/grex/test/features/auth/presentation/bloc/auth_bloc_account_linking_property_test.dart: AuthBloc Account Linking Property Tests Property 16: Confirmed Linking Connects OAuth Provider
02:18 +1091 ~255: /Users/nguyenanhkiet/Playground/grex/test/features/expenses/domain/repositories/expense_repository_property_test.dart: ExpenseRepository Property Tests Property 6: Expense creation sets correct payer should set the specified payer for any valid expense
  Skip: TODO(supabase-mock): MockSupabaseClient.auth getter is null (type 'Null' is not a subtype of 'GoTrueClient'). The shared mock in test/helpers/supabase_mocks.dart needs an explicit auth stub before these property tests can construct the repository.
02:18 +1091 ~256: /Users/nguyenanhkiet/Playground/grex/test/features/auth/presentation/bloc/auth_bloc_account_linking_property_test.dart: AuthBloc Account Linking Property Tests Property 16: Confirmed Linking Connects OAuth Provider
02:18 +1091 ~256: /Users/nguyenanhkiet/Playground/grex/test/features/expenses/domain/repositories/expense_repository_property_test.dart: ExpenseRepository Property Tests Property 6: Expense creation sets correct payer should maintain payer consistency across different configurations
  Skip: TODO(supabase-mock): MockSupabaseClient.auth getter is null (type 'Null' is not a subtype of 'GoTrueClient'). The shared mock in test/helpers/supabase_mocks.dart needs an explicit auth stub before these property tests can construct the repository.
02:18 +1091 ~257: /Users/nguyenanhkiet/Playground/grex/test/features/auth/presentation/bloc/auth_bloc_account_linking_property_test.dart: AuthBloc Account Linking Property Tests Property 16: Confirmed Linking Connects OAuth Provider
02:18 +1091 ~257: /Users/nguyenanhkiet/Playground/grex/test/features/expenses/domain/repositories/expense_repository_property_test.dart: ExpenseRepository Property Tests Property 9: Expense creation updates balances should trigger balance recalculation when expense is created
  Skip: TODO(supabase-mock): MockSupabaseClient.auth getter is null (type 'Null' is not a subtype of 'GoTrueClient'). The shared mock in test/helpers/supabase_mocks.dart needs an explicit auth stub before these property tests can construct the repository.
02:18 +1091 ~258: /Users/nguyenanhkiet/Playground/grex/test/features/auth/presentation/bloc/auth_bloc_account_linking_property_test.dart: AuthBloc Account Linking Property Tests Property 16: Confirmed Linking Connects OAuth Provider
02:18 +1091 ~258: /Users/nguyenanhkiet/Playground/grex/test/features/expenses/domain/repositories/expense_repository_property_test.dart: ExpenseRepository Property Tests Property 9: Expense creation updates balances should handle different participant split configurations correctly
  Skip: TODO(supabase-mock): MockSupabaseClient.auth getter is null (type 'Null' is not a subtype of 'GoTrueClient'). The shared mock in test/helpers/supabase_mocks.dart needs an explicit auth stub before these property tests can construct the repository.
02:18 +1091 ~259: /Users/nguyenanhkiet/Playground/grex/test/features/auth/presentation/bloc/auth_bloc_account_linking_property_test.dart: AuthBloc Account Linking Property Tests Property 16: Confirmed Linking Connects OAuth Provider
02:18 +1091 ~259: /Users/nguyenanhkiet/Playground/grex/test/features/expenses/domain/repositories/expense_repository_property_test.dart: ExpenseRepository Property Tests Property 9: Expense creation updates balances should validate split totals before creation
  Skip: TODO(supabase-mock): MockSupabaseClient.auth getter is null (type 'Null' is not a subtype of 'GoTrueClient'). The shared mock in test/helpers/supabase_mocks.dart needs an explicit auth stub before these property tests can construct the repository.
02:18 +1091 ~260: /Users/nguyenanhkiet/Playground/grex/test/features/auth/presentation/bloc/auth_bloc_account_linking_property_test.dart: AuthBloc Account Linking Property Tests Property 16: Confirmed Linking Connects OAuth Provider
02:18 +1091 ~260: /Users/nguyenanhkiet/Playground/grex/test/features/expenses/domain/repositories/expense_repository_property_test.dart: ExpenseRepository Property Tests Property 7: Equal split divides amount correctly should divide expense amount equally among all participants
  Skip: TODO(supabase-mock): MockSupabaseClient.auth getter is null (type 'Null' is not a subtype of 'GoTrueClient'). The shared mock in test/helpers/supabase_mocks.dart needs an explicit auth stub before these property tests can construct the repository.
02:18 +1091 ~261: /Users/nguyenanhkiet/Playground/grex/test/features/auth/presentation/bloc/auth_bloc_account_linking_property_test.dart: AuthBloc Account Linking Property Tests Property 16: Confirmed Linking Connects OAuth Provider
02:18 +1091 ~261: /Users/nguyenanhkiet/Playground/grex/test/features/expenses/domain/repositories/expense_repository_property_test.dart: ExpenseRepository Property Tests Property 7: Equal split divides amount correctly should handle rounding correctly in equal splits
  Skip: TODO(supabase-mock): MockSupabaseClient.auth getter is null (type 'Null' is not a subtype of 'GoTrueClient'). The shared mock in test/helpers/supabase_mocks.dart needs an explicit auth stub before these property tests can construct the repository.
02:18 +1091 ~262: /Users/nguyenanhkiet/Playground/grex/test/features/auth/presentation/bloc/auth_bloc_account_linking_property_test.dart: AuthBloc Account Linking Property Tests Property 16: Confirmed Linking Connects OAuth Provider
02:18 +1091 ~262: /Users/nguyenanhkiet/Playground/grex/test/features/expenses/domain/repositories/expense_repository_property_test.dart: ExpenseRepository Property Tests Property 8: Custom split validation ensures total accuracy should validate that custom split totals match expense amount
  Skip: TODO(supabase-mock): MockSupabaseClient.auth getter is null (type 'Null' is not a subtype of 'GoTrueClient'). The shared mock in test/helpers/supabase_mocks.dart needs an explicit auth stub before these property tests can construct the repository.
02:18 +1091 ~263: /Users/nguyenanhkiet/Playground/grex/test/features/auth/presentation/bloc/auth_bloc_account_linking_property_test.dart: AuthBloc Account Linking Property Tests Property 16: Confirmed Linking Connects OAuth Provider
02:18 +1091 ~263: /Users/nguyenanhkiet/Playground/grex/test/features/expenses/domain/repositories/expense_repository_property_test.dart: ExpenseRepository Property Tests Property 8: Custom split validation ensures total accuracy should reject custom splits with incorrect totals
  Skip: TODO(supabase-mock): MockSupabaseClient.auth getter is null (type 'Null' is not a subtype of 'GoTrueClient'). The shared mock in test/helpers/supabase_mocks.dart needs an explicit auth stub before these property tests can construct the repository.
02:18 +1091 ~264: /Users/nguyenanhkiet/Playground/grex/test/features/auth/presentation/bloc/auth_bloc_account_linking_property_test.dart: AuthBloc Account Linking Property Tests Property 16: Confirmed Linking Connects OAuth Provider
02:18 +1091 ~264: /Users/nguyenanhkiet/Playground/grex/test/features/expenses/domain/repositories/expense_repository_property_test.dart: ExpenseRepository Property Tests Property 8: Custom split validation ensures total accuracy should validate percentage splits sum to 100%
  Skip: TODO(supabase-mock): MockSupabaseClient.auth getter is null (type 'Null' is not a subtype of 'GoTrueClient'). The shared mock in test/helpers/supabase_mocks.dart needs an explicit auth stub before these property tests can construct the repository.
02:18 +1091 ~265: /Users/nguyenanhkiet/Playground/grex/test/features/auth/presentation/bloc/auth_bloc_account_linking_property_test.dart: AuthBloc Account Linking Property Tests Property 16: Confirmed Linking Connects OAuth Provider
02:18 +1091 ~265: /Users/nguyenanhkiet/Playground/grex/test/features/expenses/domain/repositories/expense_repository_property_test.dart: ExpenseRepository Property Tests Property 12: Expense updates recalculate balances should trigger balance recalculation when expense is updated
  Skip: TODO(supabase-mock): MockSupabaseClient.auth getter is null (type 'Null' is not a subtype of 'GoTrueClient'). The shared mock in test/helpers/supabase_mocks.dart needs an explicit auth stub before these property tests can construct the repository.
02:18 +1091 ~266: /Users/nguyenanhkiet/Playground/grex/test/features/auth/presentation/bloc/auth_bloc_account_linking_property_test.dart: AuthBloc Account Linking Property Tests Property 16: Confirmed Linking Connects OAuth Provider
02:18 +1091 ~266: /Users/nguyenanhkiet/Playground/grex/test/features/expenses/domain/repositories/expense_repository_property_test.dart: ExpenseRepository Property Tests Property 12: Expense updates recalculate balances should handle participant changes in expense updates
  Skip: TODO(supabase-mock): MockSupabaseClient.auth getter is null (type 'Null' is not a subtype of 'GoTrueClient'). The shared mock in test/helpers/supabase_mocks.dart needs an explicit auth stub before these property tests can construct the repository.
02:18 +1091 ~267: /Users/nguyenanhkiet/Playground/grex/test/features/auth/presentation/bloc/auth_bloc_account_linking_property_test.dart: AuthBloc Account Linking Property Tests Property 16: Confirmed Linking Connects OAuth Provider
02:18 +1091 ~267: /Users/nguyenanhkiet/Playground/grex/test/features/expenses/domain/repositories/expense_repository_property_test.dart: ExpenseRepository Property Tests Property 12: Expense updates recalculate balances should validate permissions before allowing updates
  Skip: TODO(supabase-mock): MockSupabaseClient.auth getter is null (type 'Null' is not a subtype of 'GoTrueClient'). The shared mock in test/helpers/supabase_mocks.dart needs an explicit auth stub before these property tests can construct the repository.
02:18 +1091 ~268: /Users/nguyenanhkiet/Playground/grex/test/features/auth/presentation/bloc/auth_bloc_account_linking_property_test.dart: AuthBloc Account Linking Property Tests Property 16: Confirmed Linking Connects OAuth Provider
02:19 +1092 ~268: /Users/nguyenanhkiet/Playground/grex/test/features/auth/presentation/bloc/auth_bloc_account_linking_property_test.dart: AuthBloc Account Linking Property Tests Property 16: Confirmed Linking Connects OAuth Provider
02:20 +1092 ~268: /Users/nguyenanhkiet/Playground/grex/test/features/expenses/presentation/pages/edit_expense_page_test.dart: EditExpensePage Widget Tests should display edit expense form with pre-filled data
  Skip: TODO(provider-setup): EditExpensePage reads GroupBloc internally via BlocBuilder<GroupBloc> but the test only provides ExpenseBloc, throwing ProviderNotFoundException. Re-enable after the test wires every bloc the page reads.
02:20 +1092 ~269: /Users/nguyenanhkiet/Playground/grex/test/features/auth/presentation/bloc/auth_bloc_account_linking_property_test.dart: AuthBloc Account Linking Property Tests Property 16: Confirmed Linking Connects OAuth Provider
02:20 +1092 ~269: /Users/nguyenanhkiet/Playground/grex/test/features/expenses/presentation/pages/edit_expense_page_test.dart: EditExpensePage Widget Tests should load group members on init
  Skip: TODO(provider-setup): EditExpensePage reads GroupBloc internally via BlocBuilder<GroupBloc> but the test only provides ExpenseBloc, throwing ProviderNotFoundException. Re-enable after the test wires every bloc the page reads.
02:20 +1092 ~270: /Users/nguyenanhkiet/Playground/grex/test/features/auth/presentation/bloc/auth_bloc_account_linking_property_test.dart: AuthBloc Account Linking Property Tests Property 16: Confirmed Linking Connects OAuth Provider
02:20 +1092 ~270: /Users/nguyenanhkiet/Playground/grex/test/features/expenses/presentation/pages/edit_expense_page_test.dart: EditExpensePage Widget Tests should show unsaved changes warning when form is modified
  Skip: TODO(provider-setup): EditExpensePage reads GroupBloc internally via BlocBuilder<GroupBloc> but the test only provides ExpenseBloc, throwing ProviderNotFoundException. Re-enable after the test wires every bloc the page reads.
02:20 +1092 ~271: /Users/nguyenanhkiet/Playground/grex/test/features/auth/presentation/bloc/auth_bloc_account_linking_property_test.dart: AuthBloc Account Linking Property Tests Property 16: Confirmed Linking Connects OAuth Provider
02:20 +1092 ~271: /Users/nguyenanhkiet/Playground/grex/test/features/expenses/presentation/pages/edit_expense_page_test.dart: EditExpensePage Widget Tests should validate required fields
  Skip: TODO(provider-setup): EditExpensePage reads GroupBloc internally via BlocBuilder<GroupBloc> but the test only provides ExpenseBloc, throwing ProviderNotFoundException. Re-enable after the test wires every bloc the page reads.
02:20 +1092 ~272: /Users/nguyenanhkiet/Playground/grex/test/features/auth/presentation/bloc/auth_bloc_account_linking_property_test.dart: AuthBloc Account Linking Property Tests Property 16: Confirmed Linking Connects OAuth Provider
02:20 +1092 ~272: /Users/nguyenanhkiet/Playground/grex/test/features/expenses/presentation/pages/edit_expense_page_test.dart: EditExpensePage Widget Tests should validate description minimum length
  Skip: TODO(provider-setup): EditExpensePage reads GroupBloc internally via BlocBuilder<GroupBloc> but the test only provides ExpenseBloc, throwing ProviderNotFoundException. Re-enable after the test wires every bloc the page reads.
02:20 +1092 ~273: /Users/nguyenanhkiet/Playground/grex/test/features/auth/presentation/bloc/auth_bloc_account_linking_property_test.dart: AuthBloc Account Linking Property Tests Property 16: Confirmed Linking Connects OAuth Provider
02:20 +1092 ~273: /Users/nguyenanhkiet/Playground/grex/test/features/expenses/presentation/pages/edit_expense_page_test.dart: EditExpensePage Widget Tests should validate amount field
  Skip: TODO(provider-setup): EditExpensePage reads GroupBloc internally via BlocBuilder<GroupBloc> but the test only provides ExpenseBloc, throwing ProviderNotFoundException. Re-enable after the test wires every bloc the page reads.
02:20 +1092 ~274: /Users/nguyenanhkiet/Playground/grex/test/features/auth/presentation/bloc/auth_bloc_account_linking_property_test.dart: AuthBloc Account Linking Property Tests Property 16: Confirmed Linking Connects OAuth Provider
02:20 +1092 ~274: /Users/nguyenanhkiet/Playground/grex/test/features/expenses/presentation/pages/edit_expense_page_test.dart: EditExpensePage Widget Tests should validate positive amount
  Skip: TODO(provider-setup): EditExpensePage reads GroupBloc internally via BlocBuilder<GroupBloc> but the test only provides ExpenseBloc, throwing ProviderNotFoundException. Re-enable after the test wires every bloc the page reads.
02:20 +1092 ~275: /Users/nguyenanhkiet/Playground/grex/test/features/auth/presentation/bloc/auth_bloc_account_linking_property_test.dart: AuthBloc Account Linking Property Tests Property 16: Confirmed Linking Connects OAuth Provider
02:20 +1092 ~275: /Users/nguyenanhkiet/Playground/grex/test/features/expenses/presentation/pages/edit_expense_page_test.dart: EditExpensePage Widget Tests should display currency dropdown with current selection
  Skip: TODO(provider-setup): EditExpensePage reads GroupBloc internally via BlocBuilder<GroupBloc> but the test only provides ExpenseBloc, throwing ProviderNotFoundException. Re-enable after the test wires every bloc the page reads.
02:20 +1092 ~276: /Users/nguyenanhkiet/Playground/grex/test/features/auth/presentation/bloc/auth_bloc_account_linking_property_test.dart: AuthBloc Account Linking Property Tests Property 16: Confirmed Linking Connects OAuth Provider
02:20 +1092 ~276: /Users/nguyenanhkiet/Playground/grex/test/features/expenses/presentation/pages/edit_expense_page_test.dart: EditExpensePage Widget Tests should allow currency selection
  Skip: TODO(provider-setup): EditExpensePage reads GroupBloc internally via BlocBuilder<GroupBloc> but the test only provides ExpenseBloc, throwing ProviderNotFoundException. Re-enable after the test wires every bloc the page reads.
02:20 +1092 ~277: /Users/nguyenanhkiet/Playground/grex/test/features/auth/presentation/bloc/auth_bloc_account_linking_property_test.dart: AuthBloc Account Linking Property Tests Property 16: Confirmed Linking Connects OAuth Provider
02:20 +1092 ~277: /Users/nguyenanhkiet/Playground/grex/test/features/expenses/presentation/pages/edit_expense_page_test.dart: EditExpensePage Widget Tests should display date picker
  Skip: TODO(provider-setup): EditExpensePage reads GroupBloc internally via BlocBuilder<GroupBloc> but the test only provides ExpenseBloc, throwing ProviderNotFoundException. Re-enable after the test wires every bloc the page reads.
02:20 +1092 ~278: /Users/nguyenanhkiet/Playground/grex/test/features/auth/presentation/bloc/auth_bloc_account_linking_property_test.dart: AuthBloc Account Linking Property Tests Property 16: Confirmed Linking Connects OAuth Provider
02:20 +1092 ~278: /Users/nguyenanhkiet/Playground/grex/test/features/expenses/presentation/pages/edit_expense_page_test.dart: EditExpensePage Widget Tests should open date picker when tapped
  Skip: TODO(provider-setup): EditExpensePage reads GroupBloc internally via BlocBuilder<GroupBloc> but the test only provides ExpenseBloc, throwing ProviderNotFoundException. Re-enable after the test wires every bloc the page reads.
02:20 +1092 ~279: /Users/nguyenanhkiet/Playground/grex/test/features/auth/presentation/bloc/auth_bloc_account_linking_property_test.dart: AuthBloc Account Linking Property Tests Property 16: Confirmed Linking Connects OAuth Provider
02:20 +1092 ~279: /Users/nguyenanhkiet/Playground/grex/test/features/expenses/presentation/pages/edit_expense_page_test.dart: EditExpensePage Widget Tests should display participant selection when members loaded
  Skip: TODO(provider-setup): EditExpensePage reads GroupBloc internally via BlocBuilder<GroupBloc> but the test only provides ExpenseBloc, throwing ProviderNotFoundException. Re-enable after the test wires every bloc the page reads.
02:20 +1092 ~280: /Users/nguyenanhkiet/Playground/grex/test/features/auth/presentation/bloc/auth_bloc_account_linking_property_test.dart: AuthBloc Account Linking Property Tests Property 16: Confirmed Linking Connects OAuth Provider
02:20 +1092 ~280: /Users/nguyenanhkiet/Playground/grex/test/features/expenses/presentation/pages/edit_expense_page_test.dart: EditExpensePage Widget Tests should display error when members loading fails
  Skip: TODO(provider-setup): EditExpensePage reads GroupBloc internally via BlocBuilder<GroupBloc> but the test only provides ExpenseBloc, throwing ProviderNotFoundException. Re-enable after the test wires every bloc the page reads.
02:20 +1092 ~281: /Users/nguyenanhkiet/Playground/grex/test/features/auth/presentation/bloc/auth_bloc_account_linking_property_test.dart: AuthBloc Account Linking Property Tests Property 16: Confirmed Linking Connects OAuth Provider
02:20 +1092 ~281: /Users/nguyenanhkiet/Playground/grex/test/features/expenses/presentation/pages/edit_expense_page_test.dart: EditExpensePage Widget Tests should display split method selector
  Skip: TODO(provider-setup): EditExpensePage reads GroupBloc internally via BlocBuilder<GroupBloc> but the test only provides ExpenseBloc, throwing ProviderNotFoundException. Re-enable after the test wires every bloc the page reads.
02:20 +1092 ~282: /Users/nguyenanhkiet/Playground/grex/test/features/auth/presentation/bloc/auth_bloc_account_linking_property_test.dart: AuthBloc Account Linking Property Tests Property 16: Confirmed Linking Connects OAuth Provider
02:20 +1092 ~282: /Users/nguyenanhkiet/Playground/grex/test/features/expenses/presentation/pages/edit_expense_page_test.dart: EditExpensePage Widget Tests should display split configuration section
  Skip: TODO(provider-setup): EditExpensePage reads GroupBloc internally via BlocBuilder<GroupBloc> but the test only provides ExpenseBloc, throwing ProviderNotFoundException. Re-enable after the test wires every bloc the page reads.
02:20 +1092 ~283: /Users/nguyenanhkiet/Playground/grex/test/features/auth/presentation/bloc/auth_bloc_account_linking_property_test.dart: AuthBloc Account Linking Property Tests Property 16: Confirmed Linking Connects OAuth Provider
02:20 +1092 ~283: /Users/nguyenanhkiet/Playground/grex/test/features/expenses/presentation/pages/edit_expense_page_test.dart: EditExpensePage Widget Tests should show loading state during update
  Skip: TODO(provider-setup): EditExpensePage reads GroupBloc internally via BlocBuilder<GroupBloc> but the test only provides ExpenseBloc, throwing ProviderNotFoundException. Re-enable after the test wires every bloc the page reads.
02:20 +1092 ~284: /Users/nguyenanhkiet/Playground/grex/test/features/auth/presentation/bloc/auth_bloc_account_linking_property_test.dart: AuthBloc Account Linking Property Tests Property 16: Confirmed Linking Connects OAuth Provider
02:20 +1092 ~284: /Users/nguyenanhkiet/Playground/grex/test/features/expenses/presentation/pages/edit_expense_page_test.dart: EditExpensePage Widget Tests should show success message when update succeeds
  Skip: TODO(provider-setup): EditExpensePage reads GroupBloc internally via BlocBuilder<GroupBloc> but the test only provides ExpenseBloc, throwing ProviderNotFoundException. Re-enable after the test wires every bloc the page reads.
02:20 +1092 ~285: /Users/nguyenanhkiet/Playground/grex/test/features/auth/presentation/bloc/auth_bloc_account_linking_property_test.dart: AuthBloc Account Linking Property Tests Property 16: Confirmed Linking Connects OAuth Provider
02:20 +1092 ~285: /Users/nguyenanhkiet/Playground/grex/test/features/expenses/presentation/pages/edit_expense_page_test.dart: EditExpensePage Widget Tests should show error message when update fails
  Skip: TODO(provider-setup): EditExpensePage reads GroupBloc internally via BlocBuilder<GroupBloc> but the test only provides ExpenseBloc, throwing ProviderNotFoundException. Re-enable after the test wires every bloc the page reads.
02:20 +1092 ~286: /Users/nguyenanhkiet/Playground/grex/test/features/auth/presentation/bloc/auth_bloc_account_linking_property_test.dart: AuthBloc Account Linking Property Tests Property 16: Confirmed Linking Connects OAuth Provider
02:20 +1092 ~286: /Users/nguyenanhkiet/Playground/grex/test/features/expenses/presentation/pages/edit_expense_page_test.dart: EditExpensePage Widget Tests should show confirmation dialog when leaving with unsaved changes
  Skip: TODO(provider-setup): EditExpensePage reads GroupBloc internally via BlocBuilder<GroupBloc> but the test only provides ExpenseBloc, throwing ProviderNotFoundException. Re-enable after the test wires every bloc the page reads.
02:20 +1092 ~287: /Users/nguyenanhkiet/Playground/grex/test/features/auth/presentation/bloc/auth_bloc_account_linking_property_test.dart: AuthBloc Account Linking Property Tests Property 16: Confirmed Linking Connects OAuth Provider
02:20 +1092 ~287: /Users/nguyenanhkiet/Playground/grex/test/features/expenses/presentation/pages/edit_expense_page_test.dart: EditExpensePage Widget Tests should validate participant selection
  Skip: TODO(provider-setup): EditExpensePage reads GroupBloc internally via BlocBuilder<GroupBloc> but the test only provides ExpenseBloc, throwing ProviderNotFoundException. Re-enable after the test wires every bloc the page reads.
02:20 +1092 ~288: /Users/nguyenanhkiet/Playground/grex/test/features/auth/presentation/bloc/auth_bloc_account_linking_property_test.dart: AuthBloc Account Linking Property Tests Property 16: Confirmed Linking Connects OAuth Provider
02:20 +1092 ~288: /Users/nguyenanhkiet/Playground/grex/test/features/expenses/presentation/pages/edit_expense_page_test.dart: EditExpensePage Widget Tests should dispatch update event with correct data
  Skip: TODO(provider-setup): EditExpensePage reads GroupBloc internally via BlocBuilder<GroupBloc> but the test only provides ExpenseBloc, throwing ProviderNotFoundException. Re-enable after the test wires every bloc the page reads.
02:20 +1092 ~289: /Users/nguyenanhkiet/Playground/grex/test/features/auth/presentation/bloc/auth_bloc_account_linking_property_test.dart: AuthBloc Account Linking Property Tests Property 16: Confirmed Linking Connects OAuth Provider
02:20 +1092 ~289: /Users/nguyenanhkiet/Playground/grex/test/features/expenses/presentation/pages/edit_expense_page_test.dart: EditExpensePage Widget Tests should display save button in app bar
  Skip: TODO(provider-setup): EditExpensePage reads GroupBloc internally via BlocBuilder<GroupBloc> but the test only provides ExpenseBloc, throwing ProviderNotFoundException. Re-enable after the test wires every bloc the page reads.
02:20 +1092 ~290: /Users/nguyenanhkiet/Playground/grex/test/features/auth/presentation/bloc/auth_bloc_account_linking_property_test.dart: AuthBloc Account Linking Property Tests Property 16: Confirmed Linking Connects OAuth Provider
02:20 +1092 ~290: /Users/nguyenanhkiet/Playground/grex/test/features/expenses/presentation/pages/edit_expense_page_test.dart: EditExpensePage Widget Tests should disable save button when loading
  Skip: TODO(provider-setup): EditExpensePage reads GroupBloc internally via BlocBuilder<GroupBloc> but the test only provides ExpenseBloc, throwing ProviderNotFoundException. Re-enable after the test wires every bloc the page reads.
02:20 +1092 ~291: /Users/nguyenanhkiet/Playground/grex/test/features/auth/presentation/bloc/auth_bloc_account_linking_property_test.dart: AuthBloc Account Linking Property Tests Property 16: Confirmed Linking Connects OAuth Provider
02:20 +1092 ~291: /Users/nguyenanhkiet/Playground/grex/test/features/expenses/presentation/pages/edit_expense_page_test.dart: EditExpensePage Widget Tests should handle category field correctly
  Skip: TODO(provider-setup): EditExpensePage reads GroupBloc internally via BlocBuilder<GroupBloc> but the test only provides ExpenseBloc, throwing ProviderNotFoundException. Re-enable after the test wires every bloc the page reads.
02:20 +1092 ~292: /Users/nguyenanhkiet/Playground/grex/test/features/auth/presentation/bloc/auth_bloc_account_linking_property_test.dart: AuthBloc Account Linking Property Tests Property 16: Confirmed Linking Connects OAuth Provider
02:20 +1092 ~292: /Users/nguyenanhkiet/Playground/grex/test/features/expenses/presentation/pages/edit_expense_page_test.dart: EditExpensePage Widget Tests should update split calculation when amount changes
  Skip: TODO(provider-setup): EditExpensePage reads GroupBloc internally via BlocBuilder<GroupBloc> but the test only provides ExpenseBloc, throwing ProviderNotFoundException. Re-enable after the test wires every bloc the page reads.
02:20 +1092 ~293: /Users/nguyenanhkiet/Playground/grex/test/features/auth/presentation/bloc/auth_bloc_account_linking_property_test.dart: AuthBloc Account Linking Property Tests Property 16: Confirmed Linking Connects OAuth Provider
02:20 +1093 ~293: /Users/nguyenanhkiet/Playground/grex/test/features/auth/presentation/bloc/auth_bloc_account_linking_property_test.dart: AuthBloc Account Linking Property Tests Property 16: Confirmed Linking Connects OAuth Provider
02:21 +1093 ~293: /Users/nguyenanhkiet/Playground/grex/test/features/expenses/presentation/pages/expense_details_page_test.dart: ExpenseDetailsPage Widget Tests should display loading indicator when loading
  Skip: TODO(provider-setup): ExpenseDetailsPage reads providers the test does not wire (ProviderNotFoundException). Fix the test harness before re-enabling.
02:21 +1093 ~294: /Users/nguyenanhkiet/Playground/grex/test/features/auth/presentation/bloc/auth_bloc_account_linking_property_test.dart: AuthBloc Account Linking Property Tests Property 16: Confirmed Linking Connects OAuth Provider
02:21 +1093 ~294: /Users/nguyenanhkiet/Playground/grex/test/features/expenses/presentation/pages/expense_details_page_test.dart: ExpenseDetailsPage Widget Tests should display error state with retry button
  Skip: TODO(provider-setup): ExpenseDetailsPage reads providers the test does not wire (ProviderNotFoundException). Fix the test harness before re-enabling.
02:21 +1093 ~295: /Users/nguyenanhkiet/Playground/grex/test/features/auth/presentation/bloc/auth_bloc_account_linking_property_test.dart: AuthBloc Account Linking Property Tests Property 16: Confirmed Linking Connects OAuth Provider
02:21 +1093 ~295: /Users/nguyenanhkiet/Playground/grex/test/features/expenses/presentation/pages/expense_details_page_test.dart: ExpenseDetailsPage Widget Tests should retry loading when retry button is tapped
  Skip: TODO(provider-setup): ExpenseDetailsPage reads providers the test does not wire (ProviderNotFoundException). Fix the test harness before re-enabling.
02:21 +1093 ~296: /Users/nguyenanhkiet/Playground/grex/test/features/auth/presentation/bloc/auth_bloc_account_linking_property_test.dart: AuthBloc Account Linking Property Tests Property 16: Confirmed Linking Connects OAuth Provider
02:21 +1093 ~296: /Users/nguyenanhkiet/Playground/grex/test/features/expenses/presentation/pages/expense_details_page_test.dart: ExpenseDetailsPage Widget Tests should display expense details when loaded
  Skip: TODO(provider-setup): ExpenseDetailsPage reads providers the test does not wire (ProviderNotFoundException). Fix the test harness before re-enabling.
02:21 +1093 ~297: /Users/nguyenanhkiet/Playground/grex/test/features/auth/presentation/bloc/auth_bloc_account_linking_property_test.dart: AuthBloc Account Linking Property Tests Property 16: Confirmed Linking Connects OAuth Provider
02:21 +1093 ~297: /Users/nguyenanhkiet/Playground/grex/test/features/expenses/presentation/pages/expense_details_page_test.dart: ExpenseDetailsPage Widget Tests should display formatted currency amount
  Skip: TODO(provider-setup): ExpenseDetailsPage reads providers the test does not wire (ProviderNotFoundException). Fix the test harness before re-enabling.
02:21 +1093 ~298: /Users/nguyenanhkiet/Playground/grex/test/features/auth/presentation/bloc/auth_bloc_account_linking_property_test.dart: AuthBloc Account Linking Property Tests Property 16: Confirmed Linking Connects OAuth Provider
02:21 +1093 ~298: /Users/nguyenanhkiet/Playground/grex/test/features/expenses/presentation/pages/expense_details_page_test.dart: ExpenseDetailsPage Widget Tests should display valid split indicator for valid splits
  Skip: TODO(provider-setup): ExpenseDetailsPage reads providers the test does not wire (ProviderNotFoundException). Fix the test harness before re-enabling.
02:21 +1093 ~299: /Users/nguyenanhkiet/Playground/grex/test/features/auth/presentation/bloc/auth_bloc_account_linking_property_test.dart: AuthBloc Account Linking Property Tests Property 16: Confirmed Linking Connects OAuth Provider
02:21 +1093 ~299: /Users/nguyenanhkiet/Playground/grex/test/features/expenses/presentation/pages/expense_details_page_test.dart: ExpenseDetailsPage Widget Tests should display invalid split warning for invalid splits
  Skip: TODO(provider-setup): ExpenseDetailsPage reads providers the test does not wire (ProviderNotFoundException). Fix the test harness before re-enabling.
02:21 +1093 ~300: /Users/nguyenanhkiet/Playground/grex/test/features/auth/presentation/bloc/auth_bloc_account_linking_property_test.dart: AuthBloc Account Linking Property Tests Property 16: Confirmed Linking Connects OAuth Provider
02:21 +1093 ~300: /Users/nguyenanhkiet/Playground/grex/test/features/expenses/presentation/pages/expense_details_page_test.dart: ExpenseDetailsPage Widget Tests should display all participants with their share amounts
  Skip: TODO(provider-setup): ExpenseDetailsPage reads providers the test does not wire (ProviderNotFoundException). Fix the test harness before re-enabling.
02:21 +1093 ~301: /Users/nguyenanhkiet/Playground/grex/test/features/auth/presentation/bloc/auth_bloc_account_linking_property_test.dart: AuthBloc Account Linking Property Tests Property 16: Confirmed Linking Connects OAuth Provider
02:21 +1093 ~301: /Users/nguyenanhkiet/Playground/grex/test/features/expenses/presentation/pages/expense_details_page_test.dart: ExpenseDetailsPage Widget Tests should display category when available
  Skip: TODO(provider-setup): ExpenseDetailsPage reads providers the test does not wire (ProviderNotFoundException). Fix the test harness before re-enabling.
02:21 +1093 ~302: /Users/nguyenanhkiet/Playground/grex/test/features/auth/presentation/bloc/auth_bloc_account_linking_property_test.dart: AuthBloc Account Linking Property Tests Property 16: Confirmed Linking Connects OAuth Provider
02:21 +1093 ~302: /Users/nguyenanhkiet/Playground/grex/test/features/expenses/presentation/pages/expense_details_page_test.dart: ExpenseDetailsPage Widget Tests should not display category section when not available
  Skip: TODO(provider-setup): ExpenseDetailsPage reads providers the test does not wire (ProviderNotFoundException). Fix the test harness before re-enabling.
02:21 +1093 ~303: /Users/nguyenanhkiet/Playground/grex/test/features/auth/presentation/bloc/auth_bloc_account_linking_property_test.dart: AuthBloc Account Linking Property Tests Property 16: Confirmed Linking Connects OAuth Provider
02:21 +1093 ~303: /Users/nguyenanhkiet/Playground/grex/test/features/expenses/presentation/pages/expense_details_page_test.dart: ExpenseDetailsPage Widget Tests should display formatted dates correctly
  Skip: TODO(provider-setup): ExpenseDetailsPage reads providers the test does not wire (ProviderNotFoundException). Fix the test harness before re-enabling.
02:21 +1093 ~304: /Users/nguyenanhkiet/Playground/grex/test/features/auth/presentation/bloc/auth_bloc_account_linking_property_test.dart: AuthBloc Account Linking Property Tests Property 16: Confirmed Linking Connects OAuth Provider
02:21 +1093 ~304: /Users/nguyenanhkiet/Playground/grex/test/features/expenses/presentation/pages/expense_details_page_test.dart: ExpenseDetailsPage Widget Tests should display yesterday for yesterday expenses
  Skip: TODO(provider-setup): ExpenseDetailsPage reads providers the test does not wire (ProviderNotFoundException). Fix the test harness before re-enabling.
02:21 +1093 ~305: /Users/nguyenanhkiet/Playground/grex/test/features/auth/presentation/bloc/auth_bloc_account_linking_property_test.dart: AuthBloc Account Linking Property Tests Property 16: Confirmed Linking Connects OAuth Provider
02:21 +1093 ~305: /Users/nguyenanhkiet/Playground/grex/test/features/expenses/presentation/pages/expense_details_page_test.dart: ExpenseDetailsPage Widget Tests should display menu button with edit and delete options
  Skip: TODO(provider-setup): ExpenseDetailsPage reads providers the test does not wire (ProviderNotFoundException). Fix the test harness before re-enabling.
02:21 +1093 ~306: /Users/nguyenanhkiet/Playground/grex/test/features/auth/presentation/bloc/auth_bloc_account_linking_property_test.dart: AuthBloc Account Linking Property Tests Property 16: Confirmed Linking Connects OAuth Provider
02:21 +1093 ~306: /Users/nguyenanhkiet/Playground/grex/test/features/expenses/presentation/pages/expense_details_page_test.dart: ExpenseDetailsPage Widget Tests should show delete confirmation dialog
  Skip: TODO(provider-setup): ExpenseDetailsPage reads providers the test does not wire (ProviderNotFoundException). Fix the test harness before re-enabling.
02:21 +1093 ~307: /Users/nguyenanhkiet/Playground/grex/test/features/auth/presentation/bloc/auth_bloc_account_linking_property_test.dart: AuthBloc Account Linking Property Tests Property 16: Confirmed Linking Connects OAuth Provider
02:21 +1093 ~307: /Users/nguyenanhkiet/Playground/grex/test/features/expenses/presentation/pages/expense_details_page_test.dart: ExpenseDetailsPage Widget Tests should dispatch delete event when confirmed
  Skip: TODO(provider-setup): ExpenseDetailsPage reads providers the test does not wire (ProviderNotFoundException). Fix the test harness before re-enabling.
02:21 +1093 ~308: /Users/nguyenanhkiet/Playground/grex/test/features/auth/presentation/bloc/auth_bloc_account_linking_property_test.dart: AuthBloc Account Linking Property Tests Property 16: Confirmed Linking Connects OAuth Provider
02:21 +1093 ~308: /Users/nguyenanhkiet/Playground/grex/test/features/expenses/presentation/pages/expense_details_page_test.dart: ExpenseDetailsPage Widget Tests should show success message and navigate back when deleted
  Skip: TODO(provider-setup): ExpenseDetailsPage reads providers the test does not wire (ProviderNotFoundException). Fix the test harness before re-enabling.
02:21 +1093 ~309: /Users/nguyenanhkiet/Playground/grex/test/features/auth/presentation/bloc/auth_bloc_account_linking_property_test.dart: AuthBloc Account Linking Property Tests Property 16: Confirmed Linking Connects OAuth Provider
02:21 +1093 ~309: /Users/nguyenanhkiet/Playground/grex/test/features/expenses/presentation/pages/expense_details_page_test.dart: ExpenseDetailsPage Widget Tests should show error message when deletion fails
  Skip: TODO(provider-setup): ExpenseDetailsPage reads providers the test does not wire (ProviderNotFoundException). Fix the test harness before re-enabling.
02:21 +1093 ~310: /Users/nguyenanhkiet/Playground/grex/test/features/auth/presentation/bloc/auth_bloc_account_linking_property_test.dart: AuthBloc Account Linking Property Tests Property 16: Confirmed Linking Connects OAuth Provider
02:21 +1093 ~310: /Users/nguyenanhkiet/Playground/grex/test/features/expenses/presentation/pages/expense_details_page_test.dart: ExpenseDetailsPage Widget Tests should refresh expense details on pull to refresh
  Skip: TODO(provider-setup): ExpenseDetailsPage reads providers the test does not wire (ProviderNotFoundException). Fix the test harness before re-enabling.
02:21 +1093 ~311: /Users/nguyenanhkiet/Playground/grex/test/features/auth/presentation/bloc/auth_bloc_account_linking_property_test.dart: AuthBloc Account Linking Property Tests Property 16: Confirmed Linking Connects OAuth Provider
02:21 +1093 ~311: /Users/nguyenanhkiet/Playground/grex/test/features/expenses/presentation/pages/expense_details_page_test.dart: ExpenseDetailsPage Widget Tests should display metadata information
  Skip: TODO(provider-setup): ExpenseDetailsPage reads providers the test does not wire (ProviderNotFoundException). Fix the test harness before re-enabling.
02:21 +1093 ~312: /Users/nguyenanhkiet/Playground/grex/test/features/auth/presentation/bloc/auth_bloc_account_linking_property_test.dart: AuthBloc Account Linking Property Tests Property 16: Confirmed Linking Connects OAuth Provider
02:21 +1093 ~312: /Users/nguyenanhkiet/Playground/grex/test/features/expenses/presentation/pages/expense_details_page_test.dart: ExpenseDetailsPage Widget Tests should display split total for invalid splits
  Skip: TODO(provider-setup): ExpenseDetailsPage reads providers the test does not wire (ProviderNotFoundException). Fix the test harness before re-enabling.
02:21 +1093 ~313: /Users/nguyenanhkiet/Playground/grex/test/features/auth/presentation/bloc/auth_bloc_account_linking_property_test.dart: AuthBloc Account Linking Property Tests Property 16: Confirmed Linking Connects OAuth Provider
02:21 +1093 ~313: /Users/nguyenanhkiet/Playground/grex/test/features/expenses/presentation/pages/expense_details_page_test.dart: ExpenseDetailsPage Widget Tests should load expense details on init
  Skip: TODO(provider-setup): ExpenseDetailsPage reads providers the test does not wire (ProviderNotFoundException). Fix the test harness before re-enabling.
02:21 +1093 ~314: /Users/nguyenanhkiet/Playground/grex/test/features/auth/presentation/bloc/auth_bloc_account_linking_property_test.dart: AuthBloc Account Linking Property Tests Property 16: Confirmed Linking Connects OAuth Provider
02:22 +1093 ~314: /Users/nguyenanhkiet/Playground/grex/test/features/expenses/presentation/pages/create_expense_page_test.dart: CreateExpensePage Widget Tests should display form fields correctly
  Skip: TODO(provider-setup): CreateExpensePage reads GroupBloc/other providers internally that the test does not wire up, throwing ProviderNotFoundException. Re-enable after the test provides every bloc the page reads.
02:22 +1093 ~315: /Users/nguyenanhkiet/Playground/grex/test/features/auth/presentation/bloc/auth_bloc_account_linking_property_test.dart: AuthBloc Account Linking Property Tests Property 16: Confirmed Linking Connects OAuth Provider
02:22 +1093 ~315: /Users/nguyenanhkiet/Playground/grex/test/features/expenses/presentation/pages/create_expense_page_test.dart: CreateExpensePage Widget Tests should show validation error for empty description
  Skip: TODO(provider-setup): CreateExpensePage reads GroupBloc/other providers internally that the test does not wire up, throwing ProviderNotFoundException. Re-enable after the test provides every bloc the page reads.
02:22 +1093 ~316: /Users/nguyenanhkiet/Playground/grex/test/features/auth/presentation/bloc/auth_bloc_account_linking_property_test.dart: AuthBloc Account Linking Property Tests Property 16: Confirmed Linking Connects OAuth Provider
02:22 +1093 ~316: /Users/nguyenanhkiet/Playground/grex/test/features/expenses/presentation/pages/create_expense_page_test.dart: CreateExpensePage Widget Tests should show validation error for invalid amount
  Skip: TODO(provider-setup): CreateExpensePage reads GroupBloc/other providers internally that the test does not wire up, throwing ProviderNotFoundException. Re-enable after the test provides every bloc the page reads.
02:22 +1093 ~317: /Users/nguyenanhkiet/Playground/grex/test/features/auth/presentation/bloc/auth_bloc_account_linking_property_test.dart: AuthBloc Account Linking Property Tests Property 16: Confirmed Linking Connects OAuth Provider
02:22 +1093 ~317: /Users/nguyenanhkiet/Playground/grex/test/features/expenses/presentation/pages/create_expense_page_test.dart: CreateExpensePage Widget Tests should display group members when loaded
  Skip: TODO(provider-setup): CreateExpensePage reads GroupBloc/other providers internally that the test does not wire up, throwing ProviderNotFoundException. Re-enable after the test provides every bloc the page reads.
02:22 +1093 ~318: /Users/nguyenanhkiet/Playground/grex/test/features/auth/presentation/bloc/auth_bloc_account_linking_property_test.dart: AuthBloc Account Linking Property Tests Property 16: Confirmed Linking Connects OAuth Provider
02:22 +1093 ~318: /Users/nguyenanhkiet/Playground/grex/test/features/expenses/presentation/pages/create_expense_page_test.dart: CreateExpensePage Widget Tests should display split method selector
  Skip: TODO(provider-setup): CreateExpensePage reads GroupBloc/other providers internally that the test does not wire up, throwing ProviderNotFoundException. Re-enable after the test provides every bloc the page reads.
02:22 +1093 ~319: /Users/nguyenanhkiet/Playground/grex/test/features/auth/presentation/bloc/auth_bloc_account_linking_property_test.dart: AuthBloc Account Linking Property Tests Property 16: Confirmed Linking Connects OAuth Provider
02:22 +1093 ~319: /Users/nguyenanhkiet/Playground/grex/test/features/expenses/presentation/pages/create_expense_page_test.dart: CreateExpensePage Widget Tests should show participant selection when split method is selected
  Skip: TODO(provider-setup): CreateExpensePage reads GroupBloc/other providers internally that the test does not wire up, throwing ProviderNotFoundException. Re-enable after the test provides every bloc the page reads.
02:22 +1093 ~320: /Users/nguyenanhkiet/Playground/grex/test/features/auth/presentation/bloc/auth_bloc_account_linking_property_test.dart: AuthBloc Account Linking Property Tests Property 16: Confirmed Linking Connects OAuth Provider
02:22 +1093 ~320: /Users/nguyenanhkiet/Playground/grex/test/features/expenses/presentation/pages/create_expense_page_test.dart: CreateExpensePage Widget Tests should show custom split inputs for exact split method
  Skip: TODO(provider-setup): CreateExpensePage reads GroupBloc/other providers internally that the test does not wire up, throwing ProviderNotFoundException. Re-enable after the test provides every bloc the page reads.
02:22 +1093 ~321: /Users/nguyenanhkiet/Playground/grex/test/features/auth/presentation/bloc/auth_bloc_account_linking_property_test.dart: AuthBloc Account Linking Property Tests Property 16: Confirmed Linking Connects OAuth Provider
02:22 +1093 ~321: /Users/nguyenanhkiet/Playground/grex/test/features/expenses/presentation/pages/create_expense_page_test.dart: CreateExpensePage Widget Tests should validate split amounts for exact method
  Skip: TODO(provider-setup): CreateExpensePage reads GroupBloc/other providers internally that the test does not wire up, throwing ProviderNotFoundException. Re-enable after the test provides every bloc the page reads.
02:22 +1093 ~322: /Users/nguyenanhkiet/Playground/grex/test/features/auth/presentation/bloc/auth_bloc_account_linking_property_test.dart: AuthBloc Account Linking Property Tests Property 16: Confirmed Linking Connects OAuth Provider
02:22 +1093 ~322: /Users/nguyenanhkiet/Playground/grex/test/features/expenses/presentation/pages/create_expense_page_test.dart: CreateExpensePage Widget Tests should show percentage inputs for percentage split method
  Skip: TODO(provider-setup): CreateExpensePage reads GroupBloc/other providers internally that the test does not wire up, throwing ProviderNotFoundException. Re-enable after the test provides every bloc the page reads.
02:22 +1093 ~323: /Users/nguyenanhkiet/Playground/grex/test/features/auth/presentation/bloc/auth_bloc_account_linking_property_test.dart: AuthBloc Account Linking Property Tests Property 16: Confirmed Linking Connects OAuth Provider
02:22 +1093 ~323: /Users/nguyenanhkiet/Playground/grex/test/features/expenses/presentation/pages/create_expense_page_test.dart: CreateExpensePage Widget Tests should validate percentage totals
  Skip: TODO(provider-setup): CreateExpensePage reads GroupBloc/other providers internally that the test does not wire up, throwing ProviderNotFoundException. Re-enable after the test provides every bloc the page reads.
02:22 +1093 ~324: /Users/nguyenanhkiet/Playground/grex/test/features/auth/presentation/bloc/auth_bloc_account_linking_property_test.dart: AuthBloc Account Linking Property Tests Property 16: Confirmed Linking Connects OAuth Provider
02:22 +1093 ~324: /Users/nguyenanhkiet/Playground/grex/test/features/expenses/presentation/pages/create_expense_page_test.dart: CreateExpensePage Widget Tests should show date picker when date field is tapped
  Skip: TODO(provider-setup): CreateExpensePage reads GroupBloc/other providers internally that the test does not wire up, throwing ProviderNotFoundException. Re-enable after the test provides every bloc the page reads.
02:22 +1093 ~325: /Users/nguyenanhkiet/Playground/grex/test/features/auth/presentation/bloc/auth_bloc_account_linking_property_test.dart: AuthBloc Account Linking Property Tests Property 16: Confirmed Linking Connects OAuth Provider
02:22 +1093 ~325: /Users/nguyenanhkiet/Playground/grex/test/features/expenses/presentation/pages/create_expense_page_test.dart: CreateExpensePage Widget Tests should submit form with valid data
  Skip: TODO(provider-setup): CreateExpensePage reads GroupBloc/other providers internally that the test does not wire up, throwing ProviderNotFoundException. Re-enable after the test provides every bloc the page reads.
02:22 +1093 ~326: /Users/nguyenanhkiet/Playground/grex/test/features/auth/presentation/bloc/auth_bloc_account_linking_property_test.dart: AuthBloc Account Linking Property Tests Property 16: Confirmed Linking Connects OAuth Provider
02:22 +1093 ~326: /Users/nguyenanhkiet/Playground/grex/test/features/expenses/presentation/pages/create_expense_page_test.dart: CreateExpensePage Widget Tests should show loading state when creating expense
  Skip: TODO(provider-setup): CreateExpensePage reads GroupBloc/other providers internally that the test does not wire up, throwing ProviderNotFoundException. Re-enable after the test provides every bloc the page reads.
02:22 +1093 ~327: /Users/nguyenanhkiet/Playground/grex/test/features/auth/presentation/bloc/auth_bloc_account_linking_property_test.dart: AuthBloc Account Linking Property Tests Property 16: Confirmed Linking Connects OAuth Provider
02:22 +1093 ~327: /Users/nguyenanhkiet/Playground/grex/test/features/expenses/presentation/pages/create_expense_page_test.dart: CreateExpensePage Widget Tests should show error message when creation fails
  Skip: TODO(provider-setup): CreateExpensePage reads GroupBloc/other providers internally that the test does not wire up, throwing ProviderNotFoundException. Re-enable after the test provides every bloc the page reads.
02:22 +1093 ~328: /Users/nguyenanhkiet/Playground/grex/test/features/auth/presentation/bloc/auth_bloc_account_linking_property_test.dart: AuthBloc Account Linking Property Tests Property 16: Confirmed Linking Connects OAuth Provider
02:22 +1093 ~328: /Users/nguyenanhkiet/Playground/grex/test/features/expenses/presentation/pages/create_expense_page_test.dart: CreateExpensePage Widget Tests should require at least one participant
  Skip: TODO(provider-setup): CreateExpensePage reads GroupBloc/other providers internally that the test does not wire up, throwing ProviderNotFoundException. Re-enable after the test provides every bloc the page reads.
02:22 +1093 ~329: /Users/nguyenanhkiet/Playground/grex/test/features/auth/presentation/bloc/auth_bloc_account_linking_property_test.dart: AuthBloc Account Linking Property Tests Property 16: Confirmed Linking Connects OAuth Provider
02:22 +1093 ~329: /Users/nguyenanhkiet/Playground/grex/test/features/expenses/presentation/pages/create_expense_page_test.dart: CreateExpensePage Widget Tests should have proper form styling
  Skip: TODO(provider-setup): CreateExpensePage reads GroupBloc/other providers internally that the test does not wire up, throwing ProviderNotFoundException. Re-enable after the test provides every bloc the page reads.
02:22 +1093 ~330: /Users/nguyenanhkiet/Playground/grex/test/features/auth/presentation/bloc/auth_bloc_account_linking_property_test.dart: AuthBloc Account Linking Property Tests Property 16: Confirmed Linking Connects OAuth Provider
02:23 +1093 ~330: /Users/nguyenanhkiet/Playground/grex/test/features/expenses/presentation/pages/expense_list_page_test.dart: ExpenseListPage Widget Tests should display loading indicator when state is loading
  Skip: TODO(expense-page): assertions in this file (duplicate filter icons, FAB navigation, chronological-order assumption, active-filter indicator) do not match the current ExpenseListPage rendering. Fix each assertion or the page before re-enabling.
02:23 +1093 ~331: /Users/nguyenanhkiet/Playground/grex/test/features/auth/presentation/bloc/auth_bloc_account_linking_property_test.dart: AuthBloc Account Linking Property Tests Property 16: Confirmed Linking Connects OAuth Provider
02:23 +1093 ~331: /Users/nguyenanhkiet/Playground/grex/test/features/expenses/presentation/pages/expense_list_page_test.dart: ExpenseListPage Widget Tests should display empty state when no expenses exist
  Skip: TODO(expense-page): assertions in this file (duplicate filter icons, FAB navigation, chronological-order assumption, active-filter indicator) do not match the current ExpenseListPage rendering. Fix each assertion or the page before re-enabling.
02:23 +1093 ~332: /Users/nguyenanhkiet/Playground/grex/test/features/auth/presentation/bloc/auth_bloc_account_linking_property_test.dart: AuthBloc Account Linking Property Tests Property 16: Confirmed Linking Connects OAuth Provider
02:23 +1093 ~332: /Users/nguyenanhkiet/Playground/grex/test/features/expenses/presentation/pages/expense_list_page_test.dart: ExpenseListPage Widget Tests should display expenses when expenses exist
  Skip: TODO(expense-page): assertions in this file (duplicate filter icons, FAB navigation, chronological-order assumption, active-filter indicator) do not match the current ExpenseListPage rendering. Fix each assertion or the page before re-enabling.
02:23 +1093 ~333: /Users/nguyenanhkiet/Playground/grex/test/features/auth/presentation/bloc/auth_bloc_account_linking_property_test.dart: AuthBloc Account Linking Property Tests Property 16: Confirmed Linking Connects OAuth Provider
02:23 +1093 ~333: /Users/nguyenanhkiet/Playground/grex/test/features/expenses/presentation/pages/expense_list_page_test.dart: ExpenseListPage Widget Tests should display search bar
  Skip: TODO(expense-page): assertions in this file (duplicate filter icons, FAB navigation, chronological-order assumption, active-filter indicator) do not match the current ExpenseListPage rendering. Fix each assertion or the page before re-enabling.
02:23 +1093 ~334: /Users/nguyenanhkiet/Playground/grex/test/features/auth/presentation/bloc/auth_bloc_account_linking_property_test.dart: AuthBloc Account Linking Property Tests Property 16: Confirmed Linking Connects OAuth Provider
02:23 +1093 ~334: /Users/nguyenanhkiet/Playground/grex/test/features/expenses/presentation/pages/expense_list_page_test.dart: ExpenseListPage Widget Tests should show floating action button
  Skip: TODO(expense-page): assertions in this file (duplicate filter icons, FAB navigation, chronological-order assumption, active-filter indicator) do not match the current ExpenseListPage rendering. Fix each assertion or the page before re-enabling.
02:23 +1093 ~335: /Users/nguyenanhkiet/Playground/grex/test/features/auth/presentation/bloc/auth_bloc_account_linking_property_test.dart: AuthBloc Account Linking Property Tests Property 16: Confirmed Linking Connects OAuth Provider
02:23 +1093 ~335: /Users/nguyenanhkiet/Playground/grex/test/features/expenses/presentation/pages/expense_list_page_test.dart: ExpenseListPage Widget Tests should trigger search when search text changes
  Skip: TODO(expense-page): assertions in this file (duplicate filter icons, FAB navigation, chronological-order assumption, active-filter indicator) do not match the current ExpenseListPage rendering. Fix each assertion or the page before re-enabling.
02:23 +1093 ~336: /Users/nguyenanhkiet/Playground/grex/test/features/auth/presentation/bloc/auth_bloc_account_linking_property_test.dart: AuthBloc Account Linking Property Tests Property 16: Confirmed Linking Connects OAuth Provider
02:23 +1093 ~336: /Users/nguyenanhkiet/Playground/grex/test/features/expenses/presentation/pages/expense_list_page_test.dart: ExpenseListPage Widget Tests should show filter button and handle filter tap
  Skip: TODO(expense-page): assertions in this file (duplicate filter icons, FAB navigation, chronological-order assumption, active-filter indicator) do not match the current ExpenseListPage rendering. Fix each assertion or the page before re-enabling.
02:23 +1093 ~337: /Users/nguyenanhkiet/Playground/grex/test/features/auth/presentation/bloc/auth_bloc_account_linking_property_test.dart: AuthBloc Account Linking Property Tests Property 16: Confirmed Linking Connects OAuth Provider
02:23 +1093 ~337: /Users/nguyenanhkiet/Playground/grex/test/features/expenses/presentation/pages/expense_list_page_test.dart: ExpenseListPage Widget Tests should trigger refresh when pull to refresh
  Skip: TODO(expense-page): assertions in this file (duplicate filter icons, FAB navigation, chronological-order assumption, active-filter indicator) do not match the current ExpenseListPage rendering. Fix each assertion or the page before re-enabling.
02:23 +1093 ~338: /Users/nguyenanhkiet/Playground/grex/test/features/auth/presentation/bloc/auth_bloc_account_linking_property_test.dart: AuthBloc Account Linking Property Tests Property 16: Confirmed Linking Connects OAuth Provider
02:23 +1093 ~338: /Users/nguyenanhkiet/Playground/grex/test/features/expenses/presentation/pages/expense_list_page_test.dart: ExpenseListPage Widget Tests should display error message when error occurs
  Skip: TODO(expense-page): assertions in this file (duplicate filter icons, FAB navigation, chronological-order assumption, active-filter indicator) do not match the current ExpenseListPage rendering. Fix each assertion or the page before re-enabling.
02:23 +1093 ~339: /Users/nguyenanhkiet/Playground/grex/test/features/auth/presentation/bloc/auth_bloc_account_linking_property_test.dart: AuthBloc Account Linking Property Tests Property 16: Confirmed Linking Connects OAuth Provider
02:23 +1093 ~339: /Users/nguyenanhkiet/Playground/grex/test/features/expenses/presentation/pages/expense_list_page_test.dart: ExpenseListPage Widget Tests should navigate to expense details when expense is tapped
  Skip: TODO(expense-page): assertions in this file (duplicate filter icons, FAB navigation, chronological-order assumption, active-filter indicator) do not match the current ExpenseListPage rendering. Fix each assertion or the page before re-enabling.
02:23 +1093 ~340: /Users/nguyenanhkiet/Playground/grex/test/features/auth/presentation/bloc/auth_bloc_account_linking_property_test.dart: AuthBloc Account Linking Property Tests Property 16: Confirmed Linking Connects OAuth Provider
02:23 +1093 ~340: /Users/nguyenanhkiet/Playground/grex/test/features/expenses/presentation/pages/expense_list_page_test.dart: ExpenseListPage Widget Tests should navigate to create expense when FAB is tapped
  Skip: TODO(expense-page): assertions in this file (duplicate filter icons, FAB navigation, chronological-order assumption, active-filter indicator) do not match the current ExpenseListPage rendering. Fix each assertion or the page before re-enabling.
02:23 +1093 ~341: /Users/nguyenanhkiet/Playground/grex/test/features/auth/presentation/bloc/auth_bloc_account_linking_property_test.dart: AuthBloc Account Linking Property Tests Property 16: Confirmed Linking Connects OAuth Provider
02:23 +1093 ~341: /Users/nguyenanhkiet/Playground/grex/test/features/expenses/presentation/pages/expense_list_page_test.dart: ExpenseListPage Widget Tests should display expenses in chronological order
  Skip: TODO(expense-page): assertions in this file (duplicate filter icons, FAB navigation, chronological-order assumption, active-filter indicator) do not match the current ExpenseListPage rendering. Fix each assertion or the page before re-enabling.
02:23 +1093 ~342: /Users/nguyenanhkiet/Playground/grex/test/features/auth/presentation/bloc/auth_bloc_account_linking_property_test.dart: AuthBloc Account Linking Property Tests Property 16: Confirmed Linking Connects OAuth Provider
02:23 +1093 ~342: /Users/nguyenanhkiet/Playground/grex/test/features/expenses/presentation/pages/expense_list_page_test.dart: ExpenseListPage Widget Tests should display filtered results correctly
  Skip: TODO(expense-page): assertions in this file (duplicate filter icons, FAB navigation, chronological-order assumption, active-filter indicator) do not match the current ExpenseListPage rendering. Fix each assertion or the page before re-enabling.
02:23 +1093 ~343: /Users/nguyenanhkiet/Playground/grex/test/features/auth/presentation/bloc/auth_bloc_account_linking_property_test.dart: AuthBloc Account Linking Property Tests Property 16: Confirmed Linking Connects OAuth Provider
02:23 +1093 ~343: /Users/nguyenanhkiet/Playground/grex/test/features/expenses/presentation/pages/expense_list_page_test.dart: ExpenseListPage Widget Tests should show active filter indicator when filters are applied
  Skip: TODO(expense-page): assertions in this file (duplicate filter icons, FAB navigation, chronological-order assumption, active-filter indicator) do not match the current ExpenseListPage rendering. Fix each assertion or the page before re-enabling.
02:23 +1093 ~344: /Users/nguyenanhkiet/Playground/grex/test/features/auth/presentation/bloc/auth_bloc_account_linking_property_test.dart: AuthBloc Account Linking Property Tests Property 16: Confirmed Linking Connects OAuth Provider
02:23 +1093 ~344: /Users/nguyenanhkiet/Playground/grex/test/features/expenses/presentation/pages/expense_list_page_test.dart: ExpenseListPage Widget Tests should handle empty search results
  Skip: TODO(expense-page): assertions in this file (duplicate filter icons, FAB navigation, chronological-order assumption, active-filter indicator) do not match the current ExpenseListPage rendering. Fix each assertion or the page before re-enabling.
02:23 +1093 ~345: /Users/nguyenanhkiet/Playground/grex/test/features/auth/presentation/bloc/auth_bloc_account_linking_property_test.dart: AuthBloc Account Linking Property Tests Property 16: Confirmed Linking Connects OAuth Provider
02:24 +1094 ~345: /Users/nguyenanhkiet/Playground/grex/test/features/auth/presentation/bloc/auth_bloc_account_linking_property_test.dart: AuthBloc Account Linking Property Tests Property 16: Confirmed Linking Connects OAuth Provider
02:24 +1095 ~345: /Users/nguyenanhkiet/Playground/grex/test/features/auth/presentation/bloc/auth_bloc_account_linking_property_test.dart: AuthBloc Account Linking Property Tests Property 16: Confirmed Linking Connects OAuth Provider
02:24 +1096 ~345: /Users/nguyenanhkiet/Playground/grex/test/features/auth/presentation/bloc/auth_bloc_account_linking_property_test.dart: AuthBloc Account Linking Property Tests Property 16: Confirmed Linking Connects OAuth Provider
02:24 +1097 ~345: /Users/nguyenanhkiet/Playground/grex/test/features/auth/presentation/bloc/auth_bloc_account_linking_property_test.dart: AuthBloc Account Linking Property Tests Property 16: Confirmed Linking Connects OAuth Provider
02:24 +1097 ~345: /Users/nguyenanhkiet/Playground/grex/test/features/expenses/presentation/widgets/split_method_selector_test.dart: SplitMethodSelector Widget Tests should display all split method options
  Skip: TODO(widget-asserts): 3 tests in this file assert split-method arrangements that do not match the current widget. Fix each assertion before re-enabling.
02:24 +1097 ~346: /Users/nguyenanhkiet/Playground/grex/test/features/auth/presentation/bloc/auth_bloc_account_linking_property_test.dart: AuthBloc Account Linking Property Tests Property 16: Confirmed Linking Connects OAuth Provider
02:24 +1097 ~346: /Users/nguyenanhkiet/Playground/grex/test/features/expenses/presentation/widgets/split_method_selector_test.dart: SplitMethodSelector Widget Tests should show equal split as selected by default
  Skip: TODO(widget-asserts): 3 tests in this file assert split-method arrangements that do not match the current widget. Fix each assertion before re-enabling.
02:25 +1097 ~347: /Users/nguyenanhkiet/Playground/grex/test/features/auth/presentation/bloc/auth_bloc_account_linking_property_test.dart: AuthBloc Account Linking Property Tests Property 16: Confirmed Linking Connects OAuth Provider
02:25 +1097 ~347: /Users/nguyenanhkiet/Playground/grex/test/features/expenses/presentation/widgets/split_method_selector_test.dart: SplitMethodSelector Widget Tests should call onMethodChanged when selection changes
  Skip: TODO(widget-asserts): 3 tests in this file assert split-method arrangements that do not match the current widget. Fix each assertion before re-enabling.
02:25 +1097 ~348: /Users/nguyenanhkiet/Playground/grex/test/features/auth/presentation/bloc/auth_bloc_account_linking_property_test.dart: AuthBloc Account Linking Property Tests Property 16: Confirmed Linking Connects OAuth Provider
02:25 +1097 ~348: /Users/nguyenanhkiet/Playground/grex/test/features/expenses/presentation/widgets/split_method_selector_test.dart: SplitMethodSelector Widget Tests should display descriptions for each method
  Skip: TODO(widget-asserts): 3 tests in this file assert split-method arrangements that do not match the current widget. Fix each assertion before re-enabling.
02:25 +1097 ~349: /Users/nguyenanhkiet/Playground/grex/test/features/auth/presentation/bloc/auth_bloc_account_linking_property_test.dart: AuthBloc Account Linking Property Tests Property 16: Confirmed Linking Connects OAuth Provider
02:25 +1097 ~349: /Users/nguyenanhkiet/Playground/grex/test/features/expenses/presentation/widgets/split_method_selector_test.dart: SplitMethodSelector Widget Tests should display icons for each method
  Skip: TODO(widget-asserts): 3 tests in this file assert split-method arrangements that do not match the current widget. Fix each assertion before re-enabling.
02:25 +1097 ~350: /Users/nguyenanhkiet/Playground/grex/test/features/auth/presentation/bloc/auth_bloc_account_linking_property_test.dart: AuthBloc Account Linking Property Tests Property 16: Confirmed Linking Connects OAuth Provider
02:25 +1097 ~350: /Users/nguyenanhkiet/Playground/grex/test/features/expenses/presentation/widgets/split_method_selector_test.dart: SplitMethodSelector Widget Tests should update selection when selectedMethod prop changes
  Skip: TODO(widget-asserts): 3 tests in this file assert split-method arrangements that do not match the current widget. Fix each assertion before re-enabling.
02:25 +1097 ~351: /Users/nguyenanhkiet/Playground/grex/test/features/auth/presentation/bloc/auth_bloc_account_linking_property_test.dart: AuthBloc Account Linking Property Tests Property 16: Confirmed Linking Connects OAuth Provider
02:25 +1097 ~351: /Users/nguyenanhkiet/Playground/grex/test/features/expenses/presentation/widgets/split_method_selector_test.dart: SplitMethodSelector Widget Tests should have proper styling for radio tiles
  Skip: TODO(widget-asserts): 3 tests in this file assert split-method arrangements that do not match the current widget. Fix each assertion before re-enabling.
02:25 +1097 ~352: /Users/nguyenanhkiet/Playground/grex/test/features/auth/presentation/bloc/auth_bloc_account_linking_property_test.dart: AuthBloc Account Linking Property Tests Property 16: Confirmed Linking Connects OAuth Provider
02:25 +1097 ~352: /Users/nguyenanhkiet/Playground/grex/test/features/expenses/presentation/widgets/split_method_selector_test.dart: SplitMethodSelector Widget Tests should handle all split method values
  Skip: TODO(widget-asserts): 3 tests in this file assert split-method arrangements that do not match the current widget. Fix each assertion before re-enabling.
02:25 +1097 ~353: /Users/nguyenanhkiet/Playground/grex/test/features/auth/presentation/bloc/auth_bloc_account_linking_property_test.dart: AuthBloc Account Linking Property Tests Property 16: Confirmed Linking Connects OAuth Provider
02:25 +1097 ~353: /Users/nguyenanhkiet/Playground/grex/test/features/expenses/presentation/widgets/split_method_selector_test.dart: SplitMethodSelector Widget Tests should be scrollable when content overflows
  Skip: TODO(widget-asserts): 3 tests in this file assert split-method arrangements that do not match the current widget. Fix each assertion before re-enabling.
02:25 +1097 ~354: /Users/nguyenanhkiet/Playground/grex/test/features/auth/presentation/bloc/auth_bloc_account_linking_property_test.dart: AuthBloc Account Linking Property Tests Property 16: Confirmed Linking Connects OAuth Provider
02:25 +1097 ~354: /Users/nguyenanhkiet/Playground/grex/test/features/expenses/presentation/widgets/split_method_selector_test.dart: SplitMethodSelector Widget Tests should maintain selection state correctly
  Skip: TODO(widget-asserts): 3 tests in this file assert split-method arrangements that do not match the current widget. Fix each assertion before re-enabling.
02:25 +1097 ~355: /Users/nguyenanhkiet/Playground/grex/test/features/auth/presentation/bloc/auth_bloc_account_linking_property_test.dart: AuthBloc Account Linking Property Tests Property 16: Confirmed Linking Connects OAuth Provider
02:25 +1098 ~355: /Users/nguyenanhkiet/Playground/grex/test/features/auth/presentation/bloc/auth_bloc_account_linking_property_test.dart: AuthBloc Account Linking Property Tests Property 16: Confirmed Linking Connects OAuth Provider
02:25 +1099 ~355: /Users/nguyenanhkiet/Playground/grex/test/features/auth/presentation/bloc/auth_bloc_account_linking_property_test.dart: AuthBloc Account Linking Property Tests Property 16: Confirmed Linking Connects OAuth Provider
02:25 +1100 ~355: /Users/nguyenanhkiet/Playground/grex/test/features/auth/presentation/bloc/auth_bloc_account_linking_property_test.dart: AuthBloc Account Linking Property Tests Property 16: Confirmed Linking Connects OAuth Provider
02:25 +1101 ~355: /Users/nguyenanhkiet/Playground/grex/test/features/auth/presentation/bloc/auth_bloc_account_linking_property_test.dart: AuthBloc Account Linking Property Tests Property 16: Confirmed Linking Connects OAuth Provider
02:25 +1102 ~355: /Users/nguyenanhkiet/Playground/grex/test/features/auth/presentation/bloc/auth_bloc_account_linking_property_test.dart: AuthBloc Account Linking Property Tests Property 16: Confirmed Linking Connects OAuth Provider
02:25 +1103 ~355: /Users/nguyenanhkiet/Playground/grex/test/features/auth/presentation/bloc/auth_bloc_account_linking_property_test.dart: AuthBloc Account Linking Property Tests Property 16: Confirmed Linking Connects OAuth Provider
02:25 +1104 ~355: /Users/nguyenanhkiet/Playground/grex/test/features/auth/presentation/bloc/auth_bloc_account_linking_property_test.dart: AuthBloc Account Linking Property Tests Property 16: Confirmed Linking Connects OAuth Provider
02:25 +1105 ~355: /Users/nguyenanhkiet/Playground/grex/test/features/auth/presentation/bloc/auth_bloc_account_linking_property_test.dart: AuthBloc Account Linking Property Tests Property 16: Confirmed Linking Connects OAuth Provider
02:26 +1105 ~355: /Users/nguyenanhkiet/Playground/grex/test/features/expenses/presentation/widgets/expense_filter_sheet_test.dart: ExpenseFilterSheet Widget Tests should display filter sheet with header and sections
  Skip: TODO(widget-asserts): 2 tests in this file assert specific text/widget arrangements that do not match the current ExpenseFilterSheet. Fix each assertion before re-enabling.
02:26 +1105 ~356: /Users/nguyenanhkiet/Playground/grex/test/features/auth/presentation/bloc/auth_bloc_account_linking_property_test.dart: AuthBloc Account Linking Property Tests Property 16: Confirmed Linking Connects OAuth Provider
02:26 +1105 ~356: /Users/nguyenanhkiet/Playground/grex/test/features/expenses/presentation/widgets/expense_filter_sheet_test.dart: ExpenseFilterSheet Widget Tests should display handle bar for draggable sheet
  Skip: TODO(widget-asserts): 2 tests in this file assert specific text/widget arrangements that do not match the current ExpenseFilterSheet. Fix each assertion before re-enabling.
02:26 +1105 ~357: /Users/nguyenanhkiet/Playground/grex/test/features/auth/presentation/bloc/auth_bloc_account_linking_property_test.dart: AuthBloc Account Linking Property Tests Property 16: Confirmed Linking Connects OAuth Provider
02:26 +1105 ~357: /Users/nguyenanhkiet/Playground/grex/test/features/expenses/presentation/widgets/expense_filter_sheet_test.dart: ExpenseFilterSheet Widget Tests should display date range fields
  Skip: TODO(widget-asserts): 2 tests in this file assert specific text/widget arrangements that do not match the current ExpenseFilterSheet. Fix each assertion before re-enabling.
02:26 +1105 ~358: /Users/nguyenanhkiet/Playground/grex/test/features/auth/presentation/bloc/auth_bloc_account_linking_property_test.dart: AuthBloc Account Linking Property Tests Property 16: Confirmed Linking Connects OAuth Provider
02:26 +1105 ~358: /Users/nguyenanhkiet/Playground/grex/test/features/expenses/presentation/widgets/expense_filter_sheet_test.dart: ExpenseFilterSheet Widget Tests should display pre-filled date values
  Skip: TODO(widget-asserts): 2 tests in this file assert specific text/widget arrangements that do not match the current ExpenseFilterSheet. Fix each assertion before re-enabling.
02:26 +1105 ~359: /Users/nguyenanhkiet/Playground/grex/test/features/auth/presentation/bloc/auth_bloc_account_linking_property_test.dart: AuthBloc Account Linking Property Tests Property 16: Confirmed Linking Connects OAuth Provider
02:26 +1105 ~359: /Users/nguyenanhkiet/Playground/grex/test/features/expenses/presentation/widgets/expense_filter_sheet_test.dart: ExpenseFilterSheet Widget Tests should clear date when clear button is tapped
  Skip: TODO(widget-asserts): 2 tests in this file assert specific text/widget arrangements that do not match the current ExpenseFilterSheet. Fix each assertion before re-enabling.
02:26 +1105 ~360: /Users/nguyenanhkiet/Playground/grex/test/features/auth/presentation/bloc/auth_bloc_account_linking_property_test.dart: AuthBloc Account Linking Property Tests Property 16: Confirmed Linking Connects OAuth Provider
02:26 +1105 ~360: /Users/nguyenanhkiet/Playground/grex/test/features/expenses/presentation/widgets/expense_filter_sheet_test.dart: ExpenseFilterSheet Widget Tests should open date picker when date field is tapped
  Skip: TODO(widget-asserts): 2 tests in this file assert specific text/widget arrangements that do not match the current ExpenseFilterSheet. Fix each assertion before re-enabling.
02:26 +1105 ~361: /Users/nguyenanhkiet/Playground/grex/test/features/auth/presentation/bloc/auth_bloc_account_linking_property_test.dart: AuthBloc Account Linking Property Tests Property 16: Confirmed Linking Connects OAuth Provider
02:26 +1105 ~361: /Users/nguyenanhkiet/Playground/grex/test/features/expenses/presentation/widgets/expense_filter_sheet_test.dart: ExpenseFilterSheet Widget Tests should display amount range fields with currency
  Skip: TODO(widget-asserts): 2 tests in this file assert specific text/widget arrangements that do not match the current ExpenseFilterSheet. Fix each assertion before re-enabling.
02:26 +1105 ~362: /Users/nguyenanhkiet/Playground/grex/test/features/auth/presentation/bloc/auth_bloc_account_linking_property_test.dart: AuthBloc Account Linking Property Tests Property 16: Confirmed Linking Connects OAuth Provider
02:26 +1105 ~362: /Users/nguyenanhkiet/Playground/grex/test/features/expenses/presentation/widgets/expense_filter_sheet_test.dart: ExpenseFilterSheet Widget Tests should display pre-filled amount values
  Skip: TODO(widget-asserts): 2 tests in this file assert specific text/widget arrangements that do not match the current ExpenseFilterSheet. Fix each assertion before re-enabling.
02:26 +1105 ~363: /Users/nguyenanhkiet/Playground/grex/test/features/auth/presentation/bloc/auth_bloc_account_linking_property_test.dart: AuthBloc Account Linking Property Tests Property 16: Confirmed Linking Connects OAuth Provider
02:26 +1105 ~363: /Users/nguyenanhkiet/Playground/grex/test/features/expenses/presentation/widgets/expense_filter_sheet_test.dart: ExpenseFilterSheet Widget Tests should display sort criteria options
  Skip: TODO(widget-asserts): 2 tests in this file assert specific text/widget arrangements that do not match the current ExpenseFilterSheet. Fix each assertion before re-enabling.
02:26 +1105 ~364: /Users/nguyenanhkiet/Playground/grex/test/features/auth/presentation/bloc/auth_bloc_account_linking_property_test.dart: AuthBloc Account Linking Property Tests Property 16: Confirmed Linking Connects OAuth Provider
02:26 +1105 ~364: /Users/nguyenanhkiet/Playground/grex/test/features/expenses/presentation/widgets/expense_filter_sheet_test.dart: ExpenseFilterSheet Widget Tests should display selected sort criteria
  Skip: TODO(widget-asserts): 2 tests in this file assert specific text/widget arrangements that do not match the current ExpenseFilterSheet. Fix each assertion before re-enabling.
02:26 +1105 ~365: /Users/nguyenanhkiet/Playground/grex/test/features/auth/presentation/bloc/auth_bloc_account_linking_property_test.dart: AuthBloc Account Linking Property Tests Property 16: Confirmed Linking Connects OAuth Provider
02:26 +1105 ~365: /Users/nguyenanhkiet/Playground/grex/test/features/expenses/presentation/widgets/expense_filter_sheet_test.dart: ExpenseFilterSheet Widget Tests should display sort order switch
  Skip: TODO(widget-asserts): 2 tests in this file assert specific text/widget arrangements that do not match the current ExpenseFilterSheet. Fix each assertion before re-enabling.
02:26 +1105 ~366: /Users/nguyenanhkiet/Playground/grex/test/features/auth/presentation/bloc/auth_bloc_account_linking_property_test.dart: AuthBloc Account Linking Property Tests Property 16: Confirmed Linking Connects OAuth Provider
02:26 +1105 ~366: /Users/nguyenanhkiet/Playground/grex/test/features/expenses/presentation/widgets/expense_filter_sheet_test.dart: ExpenseFilterSheet Widget Tests should display descending order text when sort is descending
  Skip: TODO(widget-asserts): 2 tests in this file assert specific text/widget arrangements that do not match the current ExpenseFilterSheet. Fix each assertion before re-enabling.
02:26 +1105 ~367: /Users/nguyenanhkiet/Playground/grex/test/features/auth/presentation/bloc/auth_bloc_account_linking_property_test.dart: AuthBloc Account Linking Property Tests Property 16: Confirmed Linking Connects OAuth Provider
02:26 +1105 ~367: /Users/nguyenanhkiet/Playground/grex/test/features/expenses/presentation/widgets/expense_filter_sheet_test.dart: ExpenseFilterSheet Widget Tests should display action buttons
  Skip: TODO(widget-asserts): 2 tests in this file assert specific text/widget arrangements that do not match the current ExpenseFilterSheet. Fix each assertion before re-enabling.
02:26 +1105 ~368: /Users/nguyenanhkiet/Playground/grex/test/features/auth/presentation/bloc/auth_bloc_account_linking_property_test.dart: AuthBloc Account Linking Property Tests Property 16: Confirmed Linking Connects OAuth Provider
02:26 +1105 ~368: /Users/nguyenanhkiet/Playground/grex/test/features/expenses/presentation/widgets/expense_filter_sheet_test.dart: ExpenseFilterSheet Widget Tests should close sheet when cancel is tapped
  Skip: TODO(widget-asserts): 2 tests in this file assert specific text/widget arrangements that do not match the current ExpenseFilterSheet. Fix each assertion before re-enabling.
02:26 +1105 ~369: /Users/nguyenanhkiet/Playground/grex/test/features/auth/presentation/bloc/auth_bloc_account_linking_property_test.dart: AuthBloc Account Linking Property Tests Property 16: Confirmed Linking Connects OAuth Provider
02:26 +1105 ~369: /Users/nguyenanhkiet/Playground/grex/test/features/expenses/presentation/widgets/expense_filter_sheet_test.dart: ExpenseFilterSheet Widget Tests should clear all filters when Clear All is tapped
  Skip: TODO(widget-asserts): 2 tests in this file assert specific text/widget arrangements that do not match the current ExpenseFilterSheet. Fix each assertion before re-enabling.
02:26 +1105 ~370: /Users/nguyenanhkiet/Playground/grex/test/features/auth/presentation/bloc/auth_bloc_account_linking_property_test.dart: AuthBloc Account Linking Property Tests Property 16: Confirmed Linking Connects OAuth Provider
02:26 +1105 ~370: /Users/nguyenanhkiet/Playground/grex/test/features/expenses/presentation/widgets/expense_filter_sheet_test.dart: ExpenseFilterSheet Widget Tests should update amount fields when text is entered
  Skip: TODO(widget-asserts): 2 tests in this file assert specific text/widget arrangements that do not match the current ExpenseFilterSheet. Fix each assertion before re-enabling.
02:26 +1105 ~371: /Users/nguyenanhkiet/Playground/grex/test/features/auth/presentation/bloc/auth_bloc_account_linking_property_test.dart: AuthBloc Account Linking Property Tests Property 16: Confirmed Linking Connects OAuth Provider
02:26 +1105 ~371: /Users/nguyenanhkiet/Playground/grex/test/features/expenses/presentation/widgets/expense_filter_sheet_test.dart: ExpenseFilterSheet Widget Tests should update sort criteria when radio button is selected
  Skip: TODO(widget-asserts): 2 tests in this file assert specific text/widget arrangements that do not match the current ExpenseFilterSheet. Fix each assertion before re-enabling.
02:26 +1105 ~372: /Users/nguyenanhkiet/Playground/grex/test/features/auth/presentation/bloc/auth_bloc_account_linking_property_test.dart: AuthBloc Account Linking Property Tests Property 16: Confirmed Linking Connects OAuth Provider
02:26 +1105 ~372: /Users/nguyenanhkiet/Playground/grex/test/features/expenses/presentation/widgets/expense_filter_sheet_test.dart: ExpenseFilterSheet Widget Tests should toggle sort order when switch is tapped
  Skip: TODO(widget-asserts): 2 tests in this file assert specific text/widget arrangements that do not match the current ExpenseFilterSheet. Fix each assertion before re-enabling.
02:26 +1105 ~373: /Users/nguyenanhkiet/Playground/grex/test/features/auth/presentation/bloc/auth_bloc_account_linking_property_test.dart: AuthBloc Account Linking Property Tests Property 16: Confirmed Linking Connects OAuth Provider
02:26 +1105 ~373: /Users/nguyenanhkiet/Playground/grex/test/features/expenses/presentation/widgets/expense_filter_sheet_test.dart: ExpenseFilterSheet Widget Tests should validate date range when applying filters
  Skip: TODO(widget-asserts): 2 tests in this file assert specific text/widget arrangements that do not match the current ExpenseFilterSheet. Fix each assertion before re-enabling.
02:26 +1105 ~374: /Users/nguyenanhkiet/Playground/grex/test/features/auth/presentation/bloc/auth_bloc_account_linking_property_test.dart: AuthBloc Account Linking Property Tests Property 16: Confirmed Linking Connects OAuth Provider
02:26 +1105 ~374: /Users/nguyenanhkiet/Playground/grex/test/features/expenses/presentation/widgets/expense_filter_sheet_test.dart: ExpenseFilterSheet Widget Tests should show validation error for invalid amount range
  Skip: TODO(widget-asserts): 2 tests in this file assert specific text/widget arrangements that do not match the current ExpenseFilterSheet. Fix each assertion before re-enabling.
02:26 +1105 ~375: /Users/nguyenanhkiet/Playground/grex/test/features/auth/presentation/bloc/auth_bloc_account_linking_property_test.dart: AuthBloc Account Linking Property Tests Property 16: Confirmed Linking Connects OAuth Provider
02:26 +1105 ~375: /Users/nguyenanhkiet/Playground/grex/test/features/expenses/presentation/widgets/expense_filter_sheet_test.dart: ExpenseFilterSheet Widget Tests should return filter data when apply is tapped with valid data
  Skip: TODO(widget-asserts): 2 tests in this file assert specific text/widget arrangements that do not match the current ExpenseFilterSheet. Fix each assertion before re-enabling.
02:26 +1105 ~376: /Users/nguyenanhkiet/Playground/grex/test/features/auth/presentation/bloc/auth_bloc_account_linking_property_test.dart: AuthBloc Account Linking Property Tests Property 16: Confirmed Linking Connects OAuth Provider
02:26 +1105 ~376: /Users/nguyenanhkiet/Playground/grex/test/features/expenses/presentation/widgets/expense_filter_sheet_test.dart: ExpenseFilterSheet Widget Tests should handle different currencies correctly
  Skip: TODO(widget-asserts): 2 tests in this file assert specific text/widget arrangements that do not match the current ExpenseFilterSheet. Fix each assertion before re-enabling.
02:26 +1105 ~377: /Users/nguyenanhkiet/Playground/grex/test/features/auth/presentation/bloc/auth_bloc_account_linking_property_test.dart: AuthBloc Account Linking Property Tests Property 16: Confirmed Linking Connects OAuth Provider
02:26 +1105 ~377: /Users/nguyenanhkiet/Playground/grex/test/features/expenses/presentation/widgets/expense_filter_sheet_test.dart: ExpenseFilterSheet Widget Tests should display scrollable content
  Skip: TODO(widget-asserts): 2 tests in this file assert specific text/widget arrangements that do not match the current ExpenseFilterSheet. Fix each assertion before re-enabling.
02:26 +1105 ~378: /Users/nguyenanhkiet/Playground/grex/test/features/auth/presentation/bloc/auth_bloc_account_linking_property_test.dart: AuthBloc Account Linking Property Tests Property 16: Confirmed Linking Connects OAuth Provider
02:26 +1105 ~378: /Users/nguyenanhkiet/Playground/grex/test/features/expenses/presentation/widgets/expense_filter_sheet_test.dart: ExpenseFilterSheet Widget Tests should maintain state when scrolling
  Skip: TODO(widget-asserts): 2 tests in this file assert specific text/widget arrangements that do not match the current ExpenseFilterSheet. Fix each assertion before re-enabling.
02:26 +1105 ~379: /Users/nguyenanhkiet/Playground/grex/test/features/auth/presentation/bloc/auth_bloc_account_linking_property_test.dart: AuthBloc Account Linking Property Tests Property 16: Confirmed Linking Connects OAuth Provider
02:26 +1105 ~379: /Users/nguyenanhkiet/Playground/grex/test/features/expenses/presentation/widgets/expense_filter_sheet_test.dart: ExpenseFilterSheet Widget Tests should handle edge case with no filters applied
  Skip: TODO(widget-asserts): 2 tests in this file assert specific text/widget arrangements that do not match the current ExpenseFilterSheet. Fix each assertion before re-enabling.
02:26 +1105 ~380: /Users/nguyenanhkiet/Playground/grex/test/features/auth/presentation/bloc/auth_bloc_account_linking_property_test.dart: AuthBloc Account Linking Property Tests Property 16: Confirmed Linking Connects OAuth Provider
02:26 +1105 ~380: /Users/nguyenanhkiet/Playground/grex/test/features/expenses/presentation/widgets/expense_filter_sheet_test.dart: ExpenseFilterSheet Widget Tests should display proper section headers
  Skip: TODO(widget-asserts): 2 tests in this file assert specific text/widget arrangements that do not match the current ExpenseFilterSheet. Fix each assertion before re-enabling.
02:26 +1105 ~381: /Users/nguyenanhkiet/Playground/grex/test/features/auth/presentation/bloc/auth_bloc_account_linking_property_test.dart: AuthBloc Account Linking Property Tests Property 16: Confirmed Linking Connects OAuth Provider
02:27 +1106 ~381: /Users/nguyenanhkiet/Playground/grex/test/features/expenses/presentation/widgets/empty_expenses_widget_test.dart: EmptyExpensesWidget Tests shows the default empty-state copy and illustration
02:28 +1106 ~381: /Users/nguyenanhkiet/Playground/grex/test/features/expenses/presentation/widgets/participant_selection_widget_test.dart: ParticipantSelectionWidget Widget Tests should display empty state when no members
  Skip: TODO(widget-asserts): 2 tests assert participant-selection text that does not match the current widget. Fix each before re-enabling.
02:28 +1106 ~382: /Users/nguyenanhkiet/Playground/grex/test/features/expenses/presentation/widgets/empty_expenses_widget_test.dart: EmptyExpensesWidget Tests shows the default empty-state copy and illustration
02:28 +1106 ~382: /Users/nguyenanhkiet/Playground/grex/test/features/expenses/presentation/widgets/participant_selection_widget_test.dart: ParticipantSelectionWidget Widget Tests should display all group members
  Skip: TODO(widget-asserts): 2 tests assert participant-selection text that does not match the current widget. Fix each before re-enabling.
02:28 +1106 ~383: /Users/nguyenanhkiet/Playground/grex/test/features/expenses/presentation/widgets/empty_expenses_widget_test.dart: EmptyExpensesWidget Tests shows the default empty-state copy and illustration
02:28 +1106 ~383: /Users/nguyenanhkiet/Playground/grex/test/features/expenses/presentation/widgets/participant_selection_widget_test.dart: ParticipantSelectionWidget Widget Tests should display member roles
  Skip: TODO(widget-asserts): 2 tests assert participant-selection text that does not match the current widget. Fix each before re-enabling.
02:28 +1106 ~384: /Users/nguyenanhkiet/Playground/grex/test/features/expenses/presentation/widgets/empty_expenses_widget_test.dart: EmptyExpensesWidget Tests shows the default empty-state copy and illustration
02:28 +1106 ~384: /Users/nguyenanhkiet/Playground/grex/test/features/expenses/presentation/widgets/participant_selection_widget_test.dart: ParticipantSelectionWidget Widget Tests should display member avatars with initials
  Skip: TODO(widget-asserts): 2 tests assert participant-selection text that does not match the current widget. Fix each before re-enabling.
02:28 +1106 ~385: /Users/nguyenanhkiet/Playground/grex/test/features/expenses/presentation/widgets/empty_expenses_widget_test.dart: EmptyExpensesWidget Tests shows the default empty-state copy and illustration
02:28 +1106 ~385: /Users/nguyenanhkiet/Playground/grex/test/features/expenses/presentation/widgets/participant_selection_widget_test.dart: ParticipantSelectionWidget Widget Tests should display selection count
  Skip: TODO(widget-asserts): 2 tests assert participant-selection text that does not match the current widget. Fix each before re-enabling.
02:28 +1106 ~386: /Users/nguyenanhkiet/Playground/grex/test/features/expenses/presentation/widgets/empty_expenses_widget_test.dart: EmptyExpensesWidget Tests shows the default empty-state copy and illustration
02:28 +1106 ~386: /Users/nguyenanhkiet/Playground/grex/test/features/expenses/presentation/widgets/participant_selection_widget_test.dart: ParticipantSelectionWidget Widget Tests should display Select All and Select None buttons
  Skip: TODO(widget-asserts): 2 tests assert participant-selection text that does not match the current widget. Fix each before re-enabling.
02:28 +1106 ~387: /Users/nguyenanhkiet/Playground/grex/test/features/expenses/presentation/widgets/empty_expenses_widget_test.dart: EmptyExpensesWidget Tests shows the default empty-state copy and illustration
02:28 +1106 ~387: /Users/nguyenanhkiet/Playground/grex/test/features/expenses/presentation/widgets/participant_selection_widget_test.dart: ParticipantSelectionWidget Widget Tests should show correct checkbox states
  Skip: TODO(widget-asserts): 2 tests assert participant-selection text that does not match the current widget. Fix each before re-enabling.
02:28 +1106 ~388: /Users/nguyenanhkiet/Playground/grex/test/features/expenses/presentation/widgets/empty_expenses_widget_test.dart: EmptyExpensesWidget Tests shows the default empty-state copy and illustration
02:28 +1106 ~388: /Users/nguyenanhkiet/Playground/grex/test/features/expenses/presentation/widgets/participant_selection_widget_test.dart: ParticipantSelectionWidget Widget Tests should call onSelectionChanged when participant is selected
  Skip: TODO(widget-asserts): 2 tests assert participant-selection text that does not match the current widget. Fix each before re-enabling.
02:28 +1106 ~389: /Users/nguyenanhkiet/Playground/grex/test/features/expenses/presentation/widgets/empty_expenses_widget_test.dart: EmptyExpensesWidget Tests shows the default empty-state copy and illustration
02:28 +1106 ~389: /Users/nguyenanhkiet/Playground/grex/test/features/expenses/presentation/widgets/participant_selection_widget_test.dart: ParticipantSelectionWidget Widget Tests should call onSelectionChanged when participant is deselected
  Skip: TODO(widget-asserts): 2 tests assert participant-selection text that does not match the current widget. Fix each before re-enabling.
02:28 +1106 ~390: /Users/nguyenanhkiet/Playground/grex/test/features/expenses/presentation/widgets/empty_expenses_widget_test.dart: EmptyExpensesWidget Tests shows the default empty-state copy and illustration
02:28 +1106 ~390: /Users/nguyenanhkiet/Playground/grex/test/features/expenses/presentation/widgets/participant_selection_widget_test.dart: ParticipantSelectionWidget Widget Tests should select all participants when Select All is tapped
  Skip: TODO(widget-asserts): 2 tests assert participant-selection text that does not match the current widget. Fix each before re-enabling.
02:28 +1106 ~391: /Users/nguyenanhkiet/Playground/grex/test/features/expenses/presentation/widgets/empty_expenses_widget_test.dart: EmptyExpensesWidget Tests shows the default empty-state copy and illustration
02:28 +1106 ~391: /Users/nguyenanhkiet/Playground/grex/test/features/expenses/presentation/widgets/participant_selection_widget_test.dart: ParticipantSelectionWidget Widget Tests should deselect all participants when Select None is tapped
  Skip: TODO(widget-asserts): 2 tests assert participant-selection text that does not match the current widget. Fix each before re-enabling.
02:28 +1106 ~392: /Users/nguyenanhkiet/Playground/grex/test/features/expenses/presentation/widgets/empty_expenses_widget_test.dart: EmptyExpensesWidget Tests shows the default empty-state copy and illustration
02:28 +1106 ~392: /Users/nguyenanhkiet/Playground/grex/test/features/expenses/presentation/widgets/participant_selection_widget_test.dart: ParticipantSelectionWidget Widget Tests should update selection count when participants change
  Skip: TODO(widget-asserts): 2 tests assert participant-selection text that does not match the current widget. Fix each before re-enabling.
02:28 +1106 ~393: /Users/nguyenanhkiet/Playground/grex/test/features/expenses/presentation/widgets/empty_expenses_widget_test.dart: EmptyExpensesWidget Tests shows the default empty-state copy and illustration
02:28 +1106 ~393: /Users/nguyenanhkiet/Playground/grex/test/features/expenses/presentation/widgets/participant_selection_widget_test.dart: ParticipantSelectionWidget Widget Tests should handle empty display names gracefully
  Skip: TODO(widget-asserts): 2 tests assert participant-selection text that does not match the current widget. Fix each before re-enabling.
02:28 +1106 ~394: /Users/nguyenanhkiet/Playground/grex/test/features/expenses/presentation/widgets/empty_expenses_widget_test.dart: EmptyExpensesWidget Tests shows the default empty-state copy and illustration
02:28 +1106 ~394: /Users/nguyenanhkiet/Playground/grex/test/features/expenses/presentation/widgets/participant_selection_widget_test.dart: ParticipantSelectionWidget Widget Tests should not duplicate participants when selecting already selected
  Skip: TODO(widget-asserts): 2 tests assert participant-selection text that does not match the current widget. Fix each before re-enabling.
02:28 +1106 ~395: /Users/nguyenanhkiet/Playground/grex/test/features/expenses/presentation/widgets/empty_expenses_widget_test.dart: EmptyExpensesWidget Tests shows the default empty-state copy and illustration
02:28 +1106 ~395: /Users/nguyenanhkiet/Playground/grex/test/features/expenses/presentation/widgets/participant_selection_widget_test.dart: ParticipantSelectionWidget Widget Tests should display correct participant data structure
  Skip: TODO(widget-asserts): 2 tests assert participant-selection text that does not match the current widget. Fix each before re-enabling.
02:28 +1106 ~396: /Users/nguyenanhkiet/Playground/grex/test/features/expenses/presentation/widgets/empty_expenses_widget_test.dart: EmptyExpensesWidget Tests shows the default empty-state copy and illustration
02:28 +1106 ~396: /Users/nguyenanhkiet/Playground/grex/test/features/expenses/presentation/widgets/participant_selection_widget_test.dart: ParticipantSelectionWidget Widget Tests should handle single member correctly
  Skip: TODO(widget-asserts): 2 tests assert participant-selection text that does not match the current widget. Fix each before re-enabling.
02:28 +1106 ~397: /Users/nguyenanhkiet/Playground/grex/test/features/expenses/presentation/widgets/empty_expenses_widget_test.dart: EmptyExpensesWidget Tests shows the default empty-state copy and illustration
02:28 +1106 ~397: /Users/nguyenanhkiet/Playground/grex/test/features/expenses/presentation/widgets/participant_selection_widget_test.dart: ParticipantSelectionWidget Widget Tests should maintain selection state across rebuilds
  Skip: TODO(widget-asserts): 2 tests assert participant-selection text that does not match the current widget. Fix each before re-enabling.
02:28 +1106 ~398: /Users/nguyenanhkiet/Playground/grex/test/features/expenses/presentation/widgets/empty_expenses_widget_test.dart: EmptyExpensesWidget Tests shows the default empty-state copy and illustration
02:28 +1106 ~398: /Users/nguyenanhkiet/Playground/grex/test/features/expenses/presentation/widgets/participant_selection_widget_test.dart: ParticipantSelectionWidget Widget Tests should handle large number of members
  Skip: TODO(widget-asserts): 2 tests assert participant-selection text that does not match the current widget. Fix each before re-enabling.
02:28 +1106 ~399: /Users/nguyenanhkiet/Playground/grex/test/features/expenses/presentation/widgets/empty_expenses_widget_test.dart: EmptyExpensesWidget Tests shows the default empty-state copy and illustration
02:28 +1107 ~399: /Users/nguyenanhkiet/Playground/grex/test/features/auth/presentation/bloc/auth_bloc_account_linking_property_test.dart: AuthBloc Account Linking Property Tests Property 17: Declined Linking Initiates New Account Flow
02:28 +1108 ~399: /Users/nguyenanhkiet/Playground/grex/test/features/auth/presentation/bloc/auth_bloc_account_linking_property_test.dart: AuthBloc Account Linking Property Tests Property 17: Declined Linking Initiates New Account Flow
02:28 +1109 ~399: /Users/nguyenanhkiet/Playground/grex/test/features/auth/presentation/bloc/auth_bloc_account_linking_property_test.dart: AuthBloc Account Linking Property Tests Property 17: Declined Linking Initiates New Account Flow
02:28 +1110 ~399: /Users/nguyenanhkiet/Playground/grex/test/features/auth/presentation/bloc/auth_bloc_account_linking_property_test.dart: AuthBloc Account Linking Property Tests Property 17: Declined Linking Initiates New Account Flow
02:28 +1111 ~399: /Users/nguyenanhkiet/Playground/grex/test/features/auth/presentation/bloc/auth_bloc_account_linking_property_test.dart: AuthBloc Account Linking Property Tests Property 17: Declined Linking Initiates New Account Flow
02:29 +1112 ~399: /Users/nguyenanhkiet/Playground/grex/test/features/auth/presentation/bloc/auth_bloc_account_linking_property_test.dart: AuthBloc Account Linking Property Tests Property 17: Declined Linking Initiates New Account Flow
02:30 +1112 ~399: /Users/nguyenanhkiet/Playground/grex/test/features/expenses/presentation/widgets/expense_search_bar_test.dart: ExpenseSearchBar Widget Tests should display search field correctly
  Skip: TODO(widget-asserts): 2 tests assert focus/text behavior that does not match the current ExpenseSearchBar. Fix each before re-enabling.
02:30 +1112 ~400: /Users/nguyenanhkiet/Playground/grex/test/features/auth/presentation/bloc/auth_bloc_account_linking_property_test.dart: AuthBloc Account Linking Property Tests Property 17: Declined Linking Initiates New Account Flow
02:30 +1112 ~400: /Users/nguyenanhkiet/Playground/grex/test/features/expenses/presentation/widgets/expense_search_bar_test.dart: ExpenseSearchBar Widget Tests should call onChanged when text changes
  Skip: TODO(widget-asserts): 2 tests assert focus/text behavior that does not match the current ExpenseSearchBar. Fix each before re-enabling.
02:30 +1112 ~401: /Users/nguyenanhkiet/Playground/grex/test/features/auth/presentation/bloc/auth_bloc_account_linking_property_test.dart: AuthBloc Account Linking Property Tests Property 17: Declined Linking Initiates New Account Flow
02:30 +1112 ~401: /Users/nguyenanhkiet/Playground/grex/test/features/expenses/presentation/widgets/expense_search_bar_test.dart: ExpenseSearchBar Widget Tests should show clear button when text is entered
  Skip: TODO(widget-asserts): 2 tests assert focus/text behavior that does not match the current ExpenseSearchBar. Fix each before re-enabling.
02:30 +1112 ~402: /Users/nguyenanhkiet/Playground/grex/test/features/auth/presentation/bloc/auth_bloc_account_linking_property_test.dart: AuthBloc Account Linking Property Tests Property 17: Declined Linking Initiates New Account Flow
02:30 +1112 ~402: /Users/nguyenanhkiet/Playground/grex/test/features/expenses/presentation/widgets/expense_search_bar_test.dart: ExpenseSearchBar Widget Tests should clear text when clear button is tapped
  Skip: TODO(widget-asserts): 2 tests assert focus/text behavior that does not match the current ExpenseSearchBar. Fix each before re-enabling.
02:30 +1112 ~403: /Users/nguyenanhkiet/Playground/grex/test/features/auth/presentation/bloc/auth_bloc_account_linking_property_test.dart: AuthBloc Account Linking Property Tests Property 17: Declined Linking Initiates New Account Flow
02:30 +1112 ~403: /Users/nguyenanhkiet/Playground/grex/test/features/expenses/presentation/widgets/expense_search_bar_test.dart: ExpenseSearchBar Widget Tests should show filter button
  Skip: TODO(widget-asserts): 2 tests assert focus/text behavior that does not match the current ExpenseSearchBar. Fix each before re-enabling.
02:30 +1112 ~404: /Users/nguyenanhkiet/Playground/grex/test/features/auth/presentation/bloc/auth_bloc_account_linking_property_test.dart: AuthBloc Account Linking Property Tests Property 17: Declined Linking Initiates New Account Flow
02:30 +1112 ~404: /Users/nguyenanhkiet/Playground/grex/test/features/expenses/presentation/widgets/expense_search_bar_test.dart: ExpenseSearchBar Widget Tests should work without filter callback
  Skip: TODO(widget-asserts): 2 tests assert focus/text behavior that does not match the current ExpenseSearchBar. Fix each before re-enabling.
02:30 +1112 ~405: /Users/nguyenanhkiet/Playground/grex/test/features/auth/presentation/bloc/auth_bloc_account_linking_property_test.dart: AuthBloc Account Linking Property Tests Property 17: Declined Linking Initiates New Account Flow
02:30 +1112 ~405: /Users/nguyenanhkiet/Playground/grex/test/features/expenses/presentation/widgets/expense_search_bar_test.dart: ExpenseSearchBar Widget Tests should have proper styling
  Skip: TODO(widget-asserts): 2 tests assert focus/text behavior that does not match the current ExpenseSearchBar. Fix each before re-enabling.
02:30 +1112 ~406: /Users/nguyenanhkiet/Playground/grex/test/features/auth/presentation/bloc/auth_bloc_account_linking_property_test.dart: AuthBloc Account Linking Property Tests Property 17: Declined Linking Initiates New Account Flow
02:30 +1112 ~406: /Users/nguyenanhkiet/Playground/grex/test/features/expenses/presentation/widgets/expense_search_bar_test.dart: ExpenseSearchBar Widget Tests should handle long search queries
  Skip: TODO(widget-asserts): 2 tests assert focus/text behavior that does not match the current ExpenseSearchBar. Fix each before re-enabling.
02:30 +1112 ~407: /Users/nguyenanhkiet/Playground/grex/test/features/auth/presentation/bloc/auth_bloc_account_linking_property_test.dart: AuthBloc Account Linking Property Tests Property 17: Declined Linking Initiates New Account Flow
02:30 +1112 ~407: /Users/nguyenanhkiet/Playground/grex/test/features/expenses/presentation/widgets/expense_search_bar_test.dart: ExpenseSearchBar Widget Tests should handle special characters in search
  Skip: TODO(widget-asserts): 2 tests assert focus/text behavior that does not match the current ExpenseSearchBar. Fix each before re-enabling.
02:30 +1112 ~408: /Users/nguyenanhkiet/Playground/grex/test/features/auth/presentation/bloc/auth_bloc_account_linking_property_test.dart: AuthBloc Account Linking Property Tests Property 17: Declined Linking Initiates New Account Flow
02:30 +1112 ~408: /Users/nguyenanhkiet/Playground/grex/test/features/expenses/presentation/widgets/expense_search_bar_test.dart: ExpenseSearchBar Widget Tests should show active filter indicator when filters are applied
  Skip: TODO(widget-asserts): 2 tests assert focus/text behavior that does not match the current ExpenseSearchBar. Fix each before re-enabling.
02:30 +1112 ~409: /Users/nguyenanhkiet/Playground/grex/test/features/auth/presentation/bloc/auth_bloc_account_linking_property_test.dart: AuthBloc Account Linking Property Tests Property 17: Declined Linking Initiates New Account Flow
02:30 +1112 ~409: /Users/nguyenanhkiet/Playground/grex/test/features/expenses/presentation/widgets/expense_search_bar_test.dart: ExpenseSearchBar Widget Tests should handle keyboard actions
  Skip: TODO(widget-asserts): 2 tests assert focus/text behavior that does not match the current ExpenseSearchBar. Fix each before re-enabling.
02:30 +1112 ~410: /Users/nguyenanhkiet/Playground/grex/test/features/auth/presentation/bloc/auth_bloc_account_linking_property_test.dart: AuthBloc Account Linking Property Tests Property 17: Declined Linking Initiates New Account Flow
02:30 +1112 ~410: /Users/nguyenanhkiet/Playground/grex/test/features/expenses/presentation/widgets/expense_search_bar_test.dart: ExpenseSearchBar Widget Tests should debounce search input
  Skip: TODO(widget-asserts): 2 tests assert focus/text behavior that does not match the current ExpenseSearchBar. Fix each before re-enabling.
02:30 +1112 ~411: /Users/nguyenanhkiet/Playground/grex/test/features/auth/presentation/bloc/auth_bloc_account_linking_property_test.dart: AuthBloc Account Linking Property Tests Property 17: Declined Linking Initiates New Account Flow
02:30 +1112 ~411: /Users/nguyenanhkiet/Playground/grex/test/features/expenses/presentation/widgets/expense_search_bar_test.dart: ExpenseSearchBar Widget Tests should maintain focus state correctly
  Skip: TODO(widget-asserts): 2 tests assert focus/text behavior that does not match the current ExpenseSearchBar. Fix each before re-enabling.
02:30 +1112 ~412: /Users/nguyenanhkiet/Playground/grex/test/features/auth/presentation/bloc/auth_bloc_account_linking_property_test.dart: AuthBloc Account Linking Property Tests Property 17: Declined Linking Initiates New Account Flow
02:30 +1112 ~412: /Users/nguyenanhkiet/Playground/grex/test/features/expenses/presentation/widgets/split_configuration_widget_test.dart: SplitConfigurationWidget Widget Tests should display message when no participants or amount
  Skip: TODO(widget-asserts): 9 tests in this file assert specific percentage-split text/widget arrangements that do not match the current SplitConfigurationWidget. Fix each assertion before re-enabling.
02:30 +1112 ~413: /Users/nguyenanhkiet/Playground/grex/test/features/auth/presentation/bloc/auth_bloc_account_linking_property_test.dart: AuthBloc Account Linking Property Tests Property 17: Declined Linking Initiates New Account Flow
02:30 +1112 ~413: /Users/nguyenanhkiet/Playground/grex/test/features/expenses/presentation/widgets/split_configuration_widget_test.dart: SplitConfigurationWidget Widget Tests Equal Split Method should display equal split explanation
  Skip: TODO(widget-asserts): 9 tests in this file assert specific percentage-split text/widget arrangements that do not match the current SplitConfigurationWidget. Fix each assertion before re-enabling.
02:30 +1112 ~414: /Users/nguyenanhkiet/Playground/grex/test/features/auth/presentation/bloc/auth_bloc_account_linking_property_test.dart: AuthBloc Account Linking Property Tests Property 17: Declined Linking Initiates New Account Flow
02:30 +1112 ~414: /Users/nguyenanhkiet/Playground/grex/test/features/expenses/presentation/widgets/split_configuration_widget_test.dart: SplitConfigurationWidget Widget Tests Equal Split Method should display all participants with equal amounts
  Skip: TODO(widget-asserts): 9 tests in this file assert specific percentage-split text/widget arrangements that do not match the current SplitConfigurationWidget. Fix each assertion before re-enabling.
02:30 +1112 ~415: /Users/nguyenanhkiet/Playground/grex/test/features/auth/presentation/bloc/auth_bloc_account_linking_property_test.dart: AuthBloc Account Linking Property Tests Property 17: Declined Linking Initiates New Account Flow
02:30 +1112 ~415: /Users/nguyenanhkiet/Playground/grex/test/features/expenses/presentation/widgets/split_configuration_widget_test.dart: SplitConfigurationWidget Widget Tests Equal Split Method should handle rounding in equal split
  Skip: TODO(widget-asserts): 9 tests in this file assert specific percentage-split text/widget arrangements that do not match the current SplitConfigurationWidget. Fix each assertion before re-enabling.
02:30 +1112 ~416: /Users/nguyenanhkiet/Playground/grex/test/features/auth/presentation/bloc/auth_bloc_account_linking_property_test.dart: AuthBloc Account Linking Property Tests Property 17: Declined Linking Initiates New Account Flow
02:30 +1112 ~416: /Users/nguyenanhkiet/Playground/grex/test/features/expenses/presentation/widgets/split_configuration_widget_test.dart: SplitConfigurationWidget Widget Tests Equal Split Method should display participant avatars
  Skip: TODO(widget-asserts): 9 tests in this file assert specific percentage-split text/widget arrangements that do not match the current SplitConfigurationWidget. Fix each assertion before re-enabling.
02:30 +1112 ~417: /Users/nguyenanhkiet/Playground/grex/test/features/auth/presentation/bloc/auth_bloc_account_linking_property_test.dart: AuthBloc Account Linking Property Tests Property 17: Declined Linking Initiates New Account Flow
02:30 +1112 ~417: /Users/nguyenanhkiet/Playground/grex/test/features/expenses/presentation/widgets/split_configuration_widget_test.dart: SplitConfigurationWidget Widget Tests Percentage Split Method should display percentage split explanation
  Skip: TODO(widget-asserts): 9 tests in this file assert specific percentage-split text/widget arrangements that do not match the current SplitConfigurationWidget. Fix each assertion before re-enabling.
02:30 +1112 ~418: /Users/nguyenanhkiet/Playground/grex/test/features/auth/presentation/bloc/auth_bloc_account_linking_property_test.dart: AuthBloc Account Linking Property Tests Property 17: Declined Linking Initiates New Account Flow
02:30 +1112 ~418: /Users/nguyenanhkiet/Playground/grex/test/features/expenses/presentation/widgets/split_configuration_widget_test.dart: SplitConfigurationWidget Widget Tests Percentage Split Method should display percentage input fields
  Skip: TODO(widget-asserts): 9 tests in this file assert specific percentage-split text/widget arrangements that do not match the current SplitConfigurationWidget. Fix each assertion before re-enabling.
02:30 +1112 ~419: /Users/nguyenanhkiet/Playground/grex/test/features/auth/presentation/bloc/auth_bloc_account_linking_property_test.dart: AuthBloc Account Linking Property Tests Property 17: Declined Linking Initiates New Account Flow
02:30 +1112 ~419: /Users/nguyenanhkiet/Playground/grex/test/features/expenses/presentation/widgets/split_configuration_widget_test.dart: SplitConfigurationWidget Widget Tests Percentage Split Method should show calculated amounts for percentages
  Skip: TODO(widget-asserts): 9 tests in this file assert specific percentage-split text/widget arrangements that do not match the current SplitConfigurationWidget. Fix each assertion before re-enabling.
02:30 +1112 ~420: /Users/nguyenanhkiet/Playground/grex/test/features/auth/presentation/bloc/auth_bloc_account_linking_property_test.dart: AuthBloc Account Linking Property Tests Property 17: Declined Linking Initiates New Account Flow
02:30 +1112 ~420: /Users/nguyenanhkiet/Playground/grex/test/features/expenses/presentation/widgets/split_configuration_widget_test.dart: SplitConfigurationWidget Widget Tests Percentage Split Method should update calculated amounts when percentage changes
  Skip: TODO(widget-asserts): 9 tests in this file assert specific percentage-split text/widget arrangements that do not match the current SplitConfigurationWidget. Fix each assertion before re-enabling.
02:30 +1112 ~421: /Users/nguyenanhkiet/Playground/grex/test/features/auth/presentation/bloc/auth_bloc_account_linking_property_test.dart: AuthBloc Account Linking Property Tests Property 17: Declined Linking Initiates New Account Flow
02:30 +1112 ~421: /Users/nguyenanhkiet/Playground/grex/test/features/expenses/presentation/widgets/split_configuration_widget_test.dart: SplitConfigurationWidget Widget Tests Percentage Split Method should display total summary for percentage split
  Skip: TODO(widget-asserts): 9 tests in this file assert specific percentage-split text/widget arrangements that do not match the current SplitConfigurationWidget. Fix each assertion before re-enabling.
02:30 +1112 ~422: /Users/nguyenanhkiet/Playground/grex/test/features/auth/presentation/bloc/auth_bloc_account_linking_property_test.dart: AuthBloc Account Linking Property Tests Property 17: Declined Linking Initiates New Account Flow
02:30 +1112 ~422: /Users/nguyenanhkiet/Playground/grex/test/features/expenses/presentation/widgets/split_configuration_widget_test.dart: SplitConfigurationWidget Widget Tests Exact Amount Split Method should display exact amount explanation
  Skip: TODO(widget-asserts): 9 tests in this file assert specific percentage-split text/widget arrangements that do not match the current SplitConfigurationWidget. Fix each assertion before re-enabling.
02:30 +1112 ~423: /Users/nguyenanhkiet/Playground/grex/test/features/auth/presentation/bloc/auth_bloc_account_linking_property_test.dart: AuthBloc Account Linking Property Tests Property 17: Declined Linking Initiates New Account Flow
02:30 +1112 ~423: /Users/nguyenanhkiet/Playground/grex/test/features/expenses/presentation/widgets/split_configuration_widget_test.dart: SplitConfigurationWidget Widget Tests Exact Amount Split Method should display amount input fields with currency
  Skip: TODO(widget-asserts): 9 tests in this file assert specific percentage-split text/widget arrangements that do not match the current SplitConfigurationWidget. Fix each assertion before re-enabling.
02:30 +1112 ~424: /Users/nguyenanhkiet/Playground/grex/test/features/auth/presentation/bloc/auth_bloc_account_linking_property_test.dart: AuthBloc Account Linking Property Tests Property 17: Declined Linking Initiates New Account Flow
02:30 +1112 ~424: /Users/nguyenanhkiet/Playground/grex/test/features/expenses/presentation/widgets/split_configuration_widget_test.dart: SplitConfigurationWidget Widget Tests Exact Amount Split Method should update configuration when amounts change
  Skip: TODO(widget-asserts): 9 tests in this file assert specific percentage-split text/widget arrangements that do not match the current SplitConfigurationWidget. Fix each assertion before re-enabling.
02:30 +1112 ~425: /Users/nguyenanhkiet/Playground/grex/test/features/auth/presentation/bloc/auth_bloc_account_linking_property_test.dart: AuthBloc Account Linking Property Tests Property 17: Declined Linking Initiates New Account Flow
02:30 +1112 ~425: /Users/nguyenanhkiet/Playground/grex/test/features/expenses/presentation/widgets/split_configuration_widget_test.dart: SplitConfigurationWidget Widget Tests Shares Split Method should display shares explanation
  Skip: TODO(widget-asserts): 9 tests in this file assert specific percentage-split text/widget arrangements that do not match the current SplitConfigurationWidget. Fix each assertion before re-enabling.
02:30 +1112 ~426: /Users/nguyenanhkiet/Playground/grex/test/features/auth/presentation/bloc/auth_bloc_account_linking_property_test.dart: AuthBloc Account Linking Property Tests Property 17: Declined Linking Initiates New Account Flow
02:30 +1112 ~426: /Users/nguyenanhkiet/Playground/grex/test/features/expenses/presentation/widgets/split_configuration_widget_test.dart: SplitConfigurationWidget Widget Tests Shares Split Method should display shares input fields
  Skip: TODO(widget-asserts): 9 tests in this file assert specific percentage-split text/widget arrangements that do not match the current SplitConfigurationWidget. Fix each assertion before re-enabling.
02:30 +1112 ~427: /Users/nguyenanhkiet/Playground/grex/test/features/auth/presentation/bloc/auth_bloc_account_linking_property_test.dart: AuthBloc Account Linking Property Tests Property 17: Declined Linking Initiates New Account Flow
02:30 +1112 ~427: /Users/nguyenanhkiet/Playground/grex/test/features/expenses/presentation/widgets/split_configuration_widget_test.dart: SplitConfigurationWidget Widget Tests Shares Split Method should show calculated amounts for shares
  Skip: TODO(widget-asserts): 9 tests in this file assert specific percentage-split text/widget arrangements that do not match the current SplitConfigurationWidget. Fix each assertion before re-enabling.
02:30 +1112 ~428: /Users/nguyenanhkiet/Playground/grex/test/features/auth/presentation/bloc/auth_bloc_account_linking_property_test.dart: AuthBloc Account Linking Property Tests Property 17: Declined Linking Initiates New Account Flow
02:30 +1112 ~428: /Users/nguyenanhkiet/Playground/grex/test/features/expenses/presentation/widgets/split_configuration_widget_test.dart: SplitConfigurationWidget Widget Tests Shares Split Method should update calculated amounts when shares change
  Skip: TODO(widget-asserts): 9 tests in this file assert specific percentage-split text/widget arrangements that do not match the current SplitConfigurationWidget. Fix each assertion before re-enabling.
02:30 +1112 ~429: /Users/nguyenanhkiet/Playground/grex/test/features/auth/presentation/bloc/auth_bloc_account_linking_property_test.dart: AuthBloc Account Linking Property Tests Property 17: Declined Linking Initiates New Account Flow
02:30 +1112 ~429: /Users/nguyenanhkiet/Playground/grex/test/features/expenses/presentation/widgets/split_configuration_widget_test.dart: SplitConfigurationWidget Widget Tests Total Summary should display valid total summary when amounts match
  Skip: TODO(widget-asserts): 9 tests in this file assert specific percentage-split text/widget arrangements that do not match the current SplitConfigurationWidget. Fix each assertion before re-enabling.
02:30 +1112 ~430: /Users/nguyenanhkiet/Playground/grex/test/features/auth/presentation/bloc/auth_bloc_account_linking_property_test.dart: AuthBloc Account Linking Property Tests Property 17: Declined Linking Initiates New Account Flow
02:30 +1112 ~430: /Users/nguyenanhkiet/Playground/grex/test/features/expenses/presentation/widgets/split_configuration_widget_test.dart: SplitConfigurationWidget Widget Tests Total Summary should display error state when amounts do not match
  Skip: TODO(widget-asserts): 9 tests in this file assert specific percentage-split text/widget arrangements that do not match the current SplitConfigurationWidget. Fix each assertion before re-enabling.
02:30 +1112 ~431: /Users/nguyenanhkiet/Playground/grex/test/features/auth/presentation/bloc/auth_bloc_account_linking_property_test.dart: AuthBloc Account Linking Property Tests Property 17: Declined Linking Initiates New Account Flow
02:30 +1112 ~431: /Users/nguyenanhkiet/Playground/grex/test/features/expenses/presentation/widgets/split_configuration_widget_test.dart: SplitConfigurationWidget Widget Tests Total Summary should update total when configuration changes
  Skip: TODO(widget-asserts): 9 tests in this file assert specific percentage-split text/widget arrangements that do not match the current SplitConfigurationWidget. Fix each assertion before re-enabling.
02:30 +1112 ~432: /Users/nguyenanhkiet/Playground/grex/test/features/auth/presentation/bloc/auth_bloc_account_linking_property_test.dart: AuthBloc Account Linking Property Tests Property 17: Declined Linking Initiates New Account Flow
02:30 +1112 ~432: /Users/nguyenanhkiet/Playground/grex/test/features/expenses/presentation/widgets/split_configuration_widget_test.dart: SplitConfigurationWidget Widget Tests Widget Updates should reinitialize when split method changes
  Skip: TODO(widget-asserts): 9 tests in this file assert specific percentage-split text/widget arrangements that do not match the current SplitConfigurationWidget. Fix each assertion before re-enabling.
02:30 +1112 ~433: /Users/nguyenanhkiet/Playground/grex/test/features/auth/presentation/bloc/auth_bloc_account_linking_property_test.dart: AuthBloc Account Linking Property Tests Property 17: Declined Linking Initiates New Account Flow
02:30 +1112 ~433: /Users/nguyenanhkiet/Playground/grex/test/features/expenses/presentation/widgets/split_configuration_widget_test.dart: SplitConfigurationWidget Widget Tests Widget Updates should reinitialize when participants change
  Skip: TODO(widget-asserts): 9 tests in this file assert specific percentage-split text/widget arrangements that do not match the current SplitConfigurationWidget. Fix each assertion before re-enabling.
02:30 +1112 ~434: /Users/nguyenanhkiet/Playground/grex/test/features/auth/presentation/bloc/auth_bloc_account_linking_property_test.dart: AuthBloc Account Linking Property Tests Property 17: Declined Linking Initiates New Account Flow
02:30 +1112 ~434: /Users/nguyenanhkiet/Playground/grex/test/features/expenses/presentation/widgets/split_configuration_widget_test.dart: SplitConfigurationWidget Widget Tests Widget Updates should reinitialize when total amount changes
  Skip: TODO(widget-asserts): 9 tests in this file assert specific percentage-split text/widget arrangements that do not match the current SplitConfigurationWidget. Fix each assertion before re-enabling.
02:30 +1112 ~435: /Users/nguyenanhkiet/Playground/grex/test/features/auth/presentation/bloc/auth_bloc_account_linking_property_test.dart: AuthBloc Account Linking Property Tests Property 17: Declined Linking Initiates New Account Flow
02:30 +1112 ~435: /Users/nguyenanhkiet/Playground/grex/test/features/expenses/presentation/widgets/split_configuration_widget_test.dart: SplitConfigurationWidget Widget Tests Edge Cases should handle empty participant name
  Skip: TODO(widget-asserts): 9 tests in this file assert specific percentage-split text/widget arrangements that do not match the current SplitConfigurationWidget. Fix each assertion before re-enabling.
02:30 +1112 ~436: /Users/nguyenanhkiet/Playground/grex/test/features/auth/presentation/bloc/auth_bloc_account_linking_property_test.dart: AuthBloc Account Linking Property Tests Property 17: Declined Linking Initiates New Account Flow
02:30 +1112 ~436: /Users/nguyenanhkiet/Playground/grex/test/features/expenses/presentation/widgets/split_configuration_widget_test.dart: SplitConfigurationWidget Widget Tests Edge Cases should handle single participant
  Skip: TODO(widget-asserts): 9 tests in this file assert specific percentage-split text/widget arrangements that do not match the current SplitConfigurationWidget. Fix each assertion before re-enabling.
02:30 +1112 ~437: /Users/nguyenanhkiet/Playground/grex/test/features/auth/presentation/bloc/auth_bloc_account_linking_property_test.dart: AuthBloc Account Linking Property Tests Property 17: Declined Linking Initiates New Account Flow
02:30 +1112 ~437: /Users/nguyenanhkiet/Playground/grex/test/features/expenses/presentation/widgets/split_configuration_widget_test.dart: SplitConfigurationWidget Widget Tests Edge Cases should handle zero amount
  Skip: TODO(widget-asserts): 9 tests in this file assert specific percentage-split text/widget arrangements that do not match the current SplitConfigurationWidget. Fix each assertion before re-enabling.
02:30 +1112 ~438: /Users/nguyenanhkiet/Playground/grex/test/features/auth/presentation/bloc/auth_bloc_account_linking_property_test.dart: AuthBloc Account Linking Property Tests Property 17: Declined Linking Initiates New Account Flow
02:30 +1112 ~438: /Users/nguyenanhkiet/Playground/grex/test/features/expenses/presentation/widgets/split_configuration_widget_test.dart: SplitConfigurationWidget Widget Tests Edge Cases should handle negative amount gracefully
  Skip: TODO(widget-asserts): 9 tests in this file assert specific percentage-split text/widget arrangements that do not match the current SplitConfigurationWidget. Fix each assertion before re-enabling.
02:30 +1112 ~439: /Users/nguyenanhkiet/Playground/grex/test/features/auth/presentation/bloc/auth_bloc_account_linking_property_test.dart: AuthBloc Account Linking Property Tests Property 17: Declined Linking Initiates New Account Flow
02:30 +1112 ~439: /Users/nguyenanhkiet/Playground/grex/test/features/expenses/presentation/widgets/split_configuration_widget_test.dart: SplitConfigurationWidget Widget Tests Configuration Callbacks should call onConfigurationChanged on initialization
  Skip: TODO(widget-asserts): 9 tests in this file assert specific percentage-split text/widget arrangements that do not match the current SplitConfigurationWidget. Fix each assertion before re-enabling.
02:30 +1112 ~440: /Users/nguyenanhkiet/Playground/grex/test/features/auth/presentation/bloc/auth_bloc_account_linking_property_test.dart: AuthBloc Account Linking Property Tests Property 17: Declined Linking Initiates New Account Flow
02:30 +1112 ~440: /Users/nguyenanhkiet/Playground/grex/test/features/expenses/presentation/widgets/split_configuration_widget_test.dart: SplitConfigurationWidget Widget Tests Configuration Callbacks should include correct data structure in callbacks
  Skip: TODO(widget-asserts): 9 tests in this file assert specific percentage-split text/widget arrangements that do not match the current SplitConfigurationWidget. Fix each assertion before re-enabling.
02:30 +1112 ~441: /Users/nguyenanhkiet/Playground/grex/test/features/auth/presentation/bloc/auth_bloc_account_linking_property_test.dart: AuthBloc Account Linking Property Tests Property 17: Declined Linking Initiates New Account Flow
02:32 +1113 ~441: /Users/nguyenanhkiet/Playground/grex/test/features/auth/presentation/bloc/auth_bloc_account_linking_property_test.dart: AuthBloc Account Linking Property Tests Property 17: Declined Linking Initiates New Account Flow
02:32 +1114 ~441: /Users/nguyenanhkiet/Playground/grex/test/features/auth/presentation/bloc/auth_bloc_account_linking_property_test.dart: AuthBloc Account Linking Property Tests Property 17: Declined Linking Initiates New Account Flow
02:32 +1115 ~441: /Users/nguyenanhkiet/Playground/grex/test/features/auth/presentation/bloc/auth_bloc_account_linking_property_test.dart: AuthBloc Account Linking Property Tests Property 17: Declined Linking Initiates New Account Flow
02:32 +1116 ~441: /Users/nguyenanhkiet/Playground/grex/test/features/auth/presentation/bloc/auth_bloc_account_linking_property_test.dart: AuthBloc Account Linking Property Tests Property 17: Declined Linking Initiates New Account Flow
02:32 +1117 ~441: /Users/nguyenanhkiet/Playground/grex/test/features/auth/presentation/bloc/auth_bloc_account_linking_property_test.dart: AuthBloc Account Linking Property Tests Property 17: Declined Linking Initiates New Account Flow
02:32 +1118 ~441: /Users/nguyenanhkiet/Playground/grex/test/features/auth/presentation/bloc/auth_bloc_account_linking_property_test.dart: AuthBloc Account Linking Property Tests Property 17: Declined Linking Initiates New Account Flow
02:32 +1119 ~441: /Users/nguyenanhkiet/Playground/grex/test/features/auth/presentation/bloc/auth_bloc_account_linking_property_test.dart: AuthBloc Account Linking Property Tests Property 17: Declined Linking Initiates New Account Flow
02:32 +1120 ~441: /Users/nguyenanhkiet/Playground/grex/test/features/auth/presentation/bloc/auth_bloc_account_linking_property_test.dart: AuthBloc Account Linking Property Tests Property 17: Declined Linking Initiates New Account Flow
02:32 +1121 ~441: /Users/nguyenanhkiet/Playground/grex/test/features/auth/presentation/bloc/auth_bloc_account_linking_property_test.dart: AuthBloc Account Linking Property Tests Property 17: Declined Linking Initiates New Account Flow
02:32 +1122 ~441: /Users/nguyenanhkiet/Playground/grex/test/features/auth/presentation/bloc/auth_bloc_account_linking_property_test.dart: AuthBloc Account Linking Property Tests Property 17: Declined Linking Initiates New Account Flow
02:32 +1123 ~441: /Users/nguyenanhkiet/Playground/grex/test/features/auth/presentation/bloc/auth_bloc_account_linking_property_test.dart: AuthBloc Account Linking Property Tests Property 17: Declined Linking Initiates New Account Flow
02:32 +1124 ~441: /Users/nguyenanhkiet/Playground/grex/test/features/auth/presentation/bloc/auth_bloc_account_linking_property_test.dart: AuthBloc Account Linking Property Tests Property 17: Declined Linking Initiates New Account Flow
02:32 +1125 ~441: /Users/nguyenanhkiet/Playground/grex/test/features/auth/presentation/bloc/auth_bloc_account_linking_property_test.dart: AuthBloc Account Linking Property Tests Property 17: Declined Linking Initiates New Account Flow
02:32 +1126 ~441: /Users/nguyenanhkiet/Playground/grex/test/features/auth/presentation/bloc/auth_bloc_account_linking_property_test.dart: AuthBloc Account Linking Property Tests Property 17: Declined Linking Initiates New Account Flow
02:32 +1127 ~441: /Users/nguyenanhkiet/Playground/grex/test/features/auth/presentation/bloc/auth_bloc_account_linking_property_test.dart: AuthBloc Account Linking Property Tests Property 17: Declined Linking Initiates New Account Flow
02:32 +1128 ~441: /Users/nguyenanhkiet/Playground/grex/test/features/auth/presentation/bloc/auth_bloc_account_linking_property_test.dart: AuthBloc Account Linking Property Tests Property 17: Declined Linking Initiates New Account Flow
02:32 +1129 ~441: /Users/nguyenanhkiet/Playground/grex/test/features/auth/presentation/bloc/auth_bloc_account_linking_property_test.dart: AuthBloc Account Linking Property Tests Property 17: Declined Linking Initiates New Account Flow
02:32 +1130 ~441: /Users/nguyenanhkiet/Playground/grex/test/features/auth/presentation/bloc/auth_bloc_account_linking_property_test.dart: AuthBloc Account Linking Property Tests Property 17: Declined Linking Initiates New Account Flow
02:32 +1131 ~441: /Users/nguyenanhkiet/Playground/grex/test/features/auth/presentation/bloc/auth_bloc_account_linking_property_test.dart: AuthBloc Account Linking Property Tests Property 17: Declined Linking Initiates New Account Flow
02:32 +1132 ~441: /Users/nguyenanhkiet/Playground/grex/test/features/auth/presentation/bloc/auth_bloc_account_linking_property_test.dart: AuthBloc Account Linking Property Tests Property 17: Declined Linking Initiates New Account Flow
02:33 +1133 ~441: /Users/nguyenanhkiet/Playground/grex/test/features/auth/presentation/bloc/auth_bloc_account_linking_property_test.dart: AuthBloc Account Linking Property Tests Property 17: Declined Linking Initiates New Account Flow
02:33 +1133 ~441: /Users/nguyenanhkiet/Playground/grex/test/features/groups/domain/repositories/group_repository_property_test.dart: GroupRepository Property Tests placeholder
  Skip: TODO(mockito-null-safety): rewrite this file using @GenerateMocks or mocktail any<T>() so argument types match Supabase builder signatures.
02:33 +1133 ~442: /Users/nguyenanhkiet/Playground/grex/test/features/auth/presentation/bloc/auth_bloc_account_linking_property_test.dart: AuthBloc Account Linking Property Tests Property 17: Declined Linking Initiates New Account Flow
02:33 +1134 ~442: /Users/nguyenanhkiet/Playground/grex/test/features/auth/presentation/bloc/auth_bloc_account_linking_property_test.dart: AuthBloc Account Linking Property Tests Property 17: Declined Linking Initiates New Account Flow
02:33 +1135 ~442: /Users/nguyenanhkiet/Playground/grex/test/features/auth/presentation/bloc/auth_bloc_account_linking_property_test.dart: AuthBloc Account Linking Property Tests Property 17: Declined Linking Initiates New Account Flow
02:34 +1135 ~442: /Users/nguyenanhkiet/Playground/grex/test/features/groups/presentation/pages/group_details_page_test.dart: GroupDetailsPage Widget Tests should display loading state initially
  Skip: TODO(mock-migration): manual `class MockGroupBloc extends Mock implements GroupBloc` pattern broken under mockito null-safety. Migrate to bloc_test MockBloc + mocktail whenListen (see group_list_page_test.dart for the template).
02:34 +1135 ~443: /Users/nguyenanhkiet/Playground/grex/test/features/auth/presentation/bloc/auth_bloc_account_linking_property_test.dart: AuthBloc Account Linking Property Tests Property 17: Declined Linking Initiates New Account Flow
02:34 +1135 ~443: /Users/nguyenanhkiet/Playground/grex/test/features/groups/presentation/pages/group_details_page_test.dart: GroupDetailsPage Widget Tests should display group information when loaded
  Skip: TODO(mock-migration): manual `class MockGroupBloc extends Mock implements GroupBloc` pattern broken under mockito null-safety. Migrate to bloc_test MockBloc + mocktail whenListen (see group_list_page_test.dart for the template).
02:34 +1135 ~444: /Users/nguyenanhkiet/Playground/grex/test/features/auth/presentation/bloc/auth_bloc_account_linking_property_test.dart: AuthBloc Account Linking Property Tests Property 17: Declined Linking Initiates New Account Flow
02:34 +1135 ~444: /Users/nguyenanhkiet/Playground/grex/test/features/groups/presentation/pages/group_details_page_test.dart: GroupDetailsPage Widget Tests should display member list correctly
  Skip: TODO(mock-migration): manual `class MockGroupBloc extends Mock implements GroupBloc` pattern broken under mockito null-safety. Migrate to bloc_test MockBloc + mocktail whenListen (see group_list_page_test.dart for the template).
02:34 +1135 ~445: /Users/nguyenanhkiet/Playground/grex/test/features/auth/presentation/bloc/auth_bloc_account_linking_property_test.dart: AuthBloc Account Linking Property Tests Property 17: Declined Linking Initiates New Account Flow
02:34 +1135 ~445: /Users/nguyenanhkiet/Playground/grex/test/features/groups/presentation/pages/group_details_page_test.dart: GroupDetailsPage Widget Tests should display navigation buttons
  Skip: TODO(mock-migration): manual `class MockGroupBloc extends Mock implements GroupBloc` pattern broken under mockito null-safety. Migrate to bloc_test MockBloc + mocktail whenListen (see group_list_page_test.dart for the template).
02:34 +1135 ~446: /Users/nguyenanhkiet/Playground/grex/test/features/auth/presentation/bloc/auth_bloc_account_linking_property_test.dart: AuthBloc Account Linking Property Tests Property 17: Declined Linking Initiates New Account Flow
02:34 +1135 ~446: /Users/nguyenanhkiet/Playground/grex/test/features/groups/presentation/pages/group_details_page_test.dart: GroupDetailsPage Widget Tests should show settings button for administrators
  Skip: TODO(mock-migration): manual `class MockGroupBloc extends Mock implements GroupBloc` pattern broken under mockito null-safety. Migrate to bloc_test MockBloc + mocktail whenListen (see group_list_page_test.dart for the template).
02:34 +1135 ~447: /Users/nguyenanhkiet/Playground/grex/test/features/auth/presentation/bloc/auth_bloc_account_linking_property_test.dart: AuthBloc Account Linking Property Tests Property 17: Declined Linking Initiates New Account Flow
02:34 +1135 ~447: /Users/nguyenanhkiet/Playground/grex/test/features/groups/presentation/pages/group_details_page_test.dart: GroupDetailsPage Widget Tests should not show settings button for non-administrators
  Skip: TODO(mock-migration): manual `class MockGroupBloc extends Mock implements GroupBloc` pattern broken under mockito null-safety. Migrate to bloc_test MockBloc + mocktail whenListen (see group_list_page_test.dart for the template).
02:34 +1135 ~448: /Users/nguyenanhkiet/Playground/grex/test/features/auth/presentation/bloc/auth_bloc_account_linking_property_test.dart: AuthBloc Account Linking Property Tests Property 17: Declined Linking Initiates New Account Flow
02:34 +1135 ~448: /Users/nguyenanhkiet/Playground/grex/test/features/groups/presentation/pages/group_details_page_test.dart: GroupDetailsPage Widget Tests should display error state when group not found
  Skip: TODO(mock-migration): manual `class MockGroupBloc extends Mock implements GroupBloc` pattern broken under mockito null-safety. Migrate to bloc_test MockBloc + mocktail whenListen (see group_list_page_test.dart for the template).
02:34 +1135 ~449: /Users/nguyenanhkiet/Playground/grex/test/features/auth/presentation/bloc/auth_bloc_account_linking_property_test.dart: AuthBloc Account Linking Property Tests Property 17: Declined Linking Initiates New Account Flow
02:34 +1135 ~449: /Users/nguyenanhkiet/Playground/grex/test/features/groups/presentation/pages/group_details_page_test.dart: GroupDetailsPage Widget Tests should handle navigation to expenses
  Skip: TODO(mock-migration): manual `class MockGroupBloc extends Mock implements GroupBloc` pattern broken under mockito null-safety. Migrate to bloc_test MockBloc + mocktail whenListen (see group_list_page_test.dart for the template).
02:34 +1135 ~450: /Users/nguyenanhkiet/Playground/grex/test/features/auth/presentation/bloc/auth_bloc_account_linking_property_test.dart: AuthBloc Account Linking Property Tests Property 17: Declined Linking Initiates New Account Flow
02:34 +1135 ~450: /Users/nguyenanhkiet/Playground/grex/test/features/groups/presentation/pages/group_details_page_test.dart: GroupDetailsPage Widget Tests should handle navigation to payments
  Skip: TODO(mock-migration): manual `class MockGroupBloc extends Mock implements GroupBloc` pattern broken under mockito null-safety. Migrate to bloc_test MockBloc + mocktail whenListen (see group_list_page_test.dart for the template).
02:34 +1135 ~451: /Users/nguyenanhkiet/Playground/grex/test/features/auth/presentation/bloc/auth_bloc_account_linking_property_test.dart: AuthBloc Account Linking Property Tests Property 17: Declined Linking Initiates New Account Flow
02:34 +1135 ~451: /Users/nguyenanhkiet/Playground/grex/test/features/groups/presentation/pages/group_details_page_test.dart: GroupDetailsPage Widget Tests should handle navigation to balances
  Skip: TODO(mock-migration): manual `class MockGroupBloc extends Mock implements GroupBloc` pattern broken under mockito null-safety. Migrate to bloc_test MockBloc + mocktail whenListen (see group_list_page_test.dart for the template).
02:34 +1135 ~452: /Users/nguyenanhkiet/Playground/grex/test/features/auth/presentation/bloc/auth_bloc_account_linking_property_test.dart: AuthBloc Account Linking Property Tests Property 17: Declined Linking Initiates New Account Flow
02:34 +1135 ~452: /Users/nguyenanhkiet/Playground/grex/test/features/groups/presentation/pages/group_details_page_test.dart: GroupDetailsPage Widget Tests should handle navigation to export
  Skip: TODO(mock-migration): manual `class MockGroupBloc extends Mock implements GroupBloc` pattern broken under mockito null-safety. Migrate to bloc_test MockBloc + mocktail whenListen (see group_list_page_test.dart for the template).
02:34 +1135 ~453: /Users/nguyenanhkiet/Playground/grex/test/features/auth/presentation/bloc/auth_bloc_account_linking_property_test.dart: AuthBloc Account Linking Property Tests Property 17: Declined Linking Initiates New Account Flow
02:34 +1135 ~453: /Users/nguyenanhkiet/Playground/grex/test/features/groups/presentation/pages/group_details_page_test.dart: GroupDetailsPage Widget Tests should display member join dates correctly
  Skip: TODO(mock-migration): manual `class MockGroupBloc extends Mock implements GroupBloc` pattern broken under mockito null-safety. Migrate to bloc_test MockBloc + mocktail whenListen (see group_list_page_test.dart for the template).
02:34 +1135 ~454: /Users/nguyenanhkiet/Playground/grex/test/features/auth/presentation/bloc/auth_bloc_account_linking_property_test.dart: AuthBloc Account Linking Property Tests Property 17: Declined Linking Initiates New Account Flow
02:34 +1135 ~454: /Users/nguyenanhkiet/Playground/grex/test/features/groups/presentation/pages/group_details_page_test.dart: GroupDetailsPage Widget Tests should refresh data on pull to refresh
  Skip: TODO(mock-migration): manual `class MockGroupBloc extends Mock implements GroupBloc` pattern broken under mockito null-safety. Migrate to bloc_test MockBloc + mocktail whenListen (see group_list_page_test.dart for the template).
02:34 +1135 ~455: /Users/nguyenanhkiet/Playground/grex/test/features/auth/presentation/bloc/auth_bloc_account_linking_property_test.dart: AuthBloc Account Linking Property Tests Property 17: Declined Linking Initiates New Account Flow
02:34 +1135 ~455: /Users/nguyenanhkiet/Playground/grex/test/features/groups/presentation/pages/group_details_page_test.dart: GroupDetailsPage Widget Tests should display group creation date
  Skip: TODO(mock-migration): manual `class MockGroupBloc extends Mock implements GroupBloc` pattern broken under mockito null-safety. Migrate to bloc_test MockBloc + mocktail whenListen (see group_list_page_test.dart for the template).
02:34 +1135 ~456: /Users/nguyenanhkiet/Playground/grex/test/features/auth/presentation/bloc/auth_bloc_account_linking_property_test.dart: AuthBloc Account Linking Property Tests Property 17: Declined Linking Initiates New Account Flow
02:36 +1135 ~456: /Users/nguyenanhkiet/Playground/grex/test/features/groups/presentation/pages/create_group_page_test.dart: CreateGroupPage Widget Tests should display form fields correctly
  Skip: TODO(layout): CreateGroupView triggers "RenderFlex children have non-zero flex but incoming width constraints are unbounded" during initial build in the test harness — DropdownMenuItem inside an unbounded Row. Either fix the page layout or pump under a fixed Surface size in tests before re-enabling.
02:36 +1135 ~457: /Users/nguyenanhkiet/Playground/grex/test/features/auth/presentation/bloc/auth_bloc_account_linking_property_test.dart: AuthBloc Account Linking Property Tests Property 17: Declined Linking Initiates New Account Flow
02:36 +1135 ~457: /Users/nguyenanhkiet/Playground/grex/test/features/groups/presentation/pages/create_group_page_test.dart: CreateGroupPage Widget Tests should show validation error for empty group name
  Skip: TODO(layout): CreateGroupView triggers "RenderFlex children have non-zero flex but incoming width constraints are unbounded" during initial build in the test harness — DropdownMenuItem inside an unbounded Row. Either fix the page layout or pump under a fixed Surface size in tests before re-enabling.
02:36 +1135 ~458: /Users/nguyenanhkiet/Playground/grex/test/features/auth/presentation/bloc/auth_bloc_account_linking_property_test.dart: AuthBloc Account Linking Property Tests Property 17: Declined Linking Initiates New Account Flow
02:36 +1135 ~458: /Users/nguyenanhkiet/Playground/grex/test/features/groups/presentation/pages/create_group_page_test.dart: CreateGroupPage Widget Tests should show validation error for short group name
  Skip: TODO(layout): CreateGroupView triggers "RenderFlex children have non-zero flex but incoming width constraints are unbounded" during initial build in the test harness — DropdownMenuItem inside an unbounded Row. Either fix the page layout or pump under a fixed Surface size in tests before re-enabling.
02:36 +1135 ~459: /Users/nguyenanhkiet/Playground/grex/test/features/auth/presentation/bloc/auth_bloc_account_linking_property_test.dart: AuthBloc Account Linking Property Tests Property 17: Declined Linking Initiates New Account Flow
02:36 +1135 ~459: /Users/nguyenanhkiet/Playground/grex/test/features/groups/presentation/pages/create_group_page_test.dart: CreateGroupPage Widget Tests should show validation error for long group name
  Skip: TODO(layout): CreateGroupView triggers "RenderFlex children have non-zero flex but incoming width constraints are unbounded" during initial build in the test harness — DropdownMenuItem inside an unbounded Row. Either fix the page layout or pump under a fixed Surface size in tests before re-enabling.
02:36 +1135 ~460: /Users/nguyenanhkiet/Playground/grex/test/features/auth/presentation/bloc/auth_bloc_account_linking_property_test.dart: AuthBloc Account Linking Property Tests Property 17: Declined Linking Initiates New Account Flow
02:36 +1135 ~460: /Users/nguyenanhkiet/Playground/grex/test/features/groups/presentation/pages/create_group_page_test.dart: CreateGroupPage Widget Tests should display currency options in dropdown
  Skip: TODO(layout): CreateGroupView triggers "RenderFlex children have non-zero flex but incoming width constraints are unbounded" during initial build in the test harness — DropdownMenuItem inside an unbounded Row. Either fix the page layout or pump under a fixed Surface size in tests before re-enabling.
02:36 +1135 ~461: /Users/nguyenanhkiet/Playground/grex/test/features/auth/presentation/bloc/auth_bloc_account_linking_property_test.dart: AuthBloc Account Linking Property Tests Property 17: Declined Linking Initiates New Account Flow
02:36 +1135 ~461: /Users/nguyenanhkiet/Playground/grex/test/features/groups/presentation/pages/create_group_page_test.dart: CreateGroupPage Widget Tests should select currency from dropdown
  Skip: TODO(layout): CreateGroupView triggers "RenderFlex children have non-zero flex but incoming width constraints are unbounded" during initial build in the test harness — DropdownMenuItem inside an unbounded Row. Either fix the page layout or pump under a fixed Surface size in tests before re-enabling.
02:36 +1135 ~462: /Users/nguyenanhkiet/Playground/grex/test/features/auth/presentation/bloc/auth_bloc_account_linking_property_test.dart: AuthBloc Account Linking Property Tests Property 17: Declined Linking Initiates New Account Flow
02:36 +1135 ~462: /Users/nguyenanhkiet/Playground/grex/test/features/groups/presentation/pages/create_group_page_test.dart: CreateGroupPage Widget Tests should submit form with valid data
  Skip: TODO(layout): CreateGroupView triggers "RenderFlex children have non-zero flex but incoming width constraints are unbounded" during initial build in the test harness — DropdownMenuItem inside an unbounded Row. Either fix the page layout or pump under a fixed Surface size in tests before re-enabling.
02:36 +1135 ~463: /Users/nguyenanhkiet/Playground/grex/test/features/auth/presentation/bloc/auth_bloc_account_linking_property_test.dart: AuthBloc Account Linking Property Tests Property 17: Declined Linking Initiates New Account Flow
02:36 +1135 ~463: /Users/nguyenanhkiet/Playground/grex/test/features/groups/presentation/pages/create_group_page_test.dart: CreateGroupPage Widget Tests should show loading state when creating group
  Skip: TODO(layout): CreateGroupView triggers "RenderFlex children have non-zero flex but incoming width constraints are unbounded" during initial build in the test harness — DropdownMenuItem inside an unbounded Row. Either fix the page layout or pump under a fixed Surface size in tests before re-enabling.
02:36 +1135 ~464: /Users/nguyenanhkiet/Playground/grex/test/features/auth/presentation/bloc/auth_bloc_account_linking_property_test.dart: AuthBloc Account Linking Property Tests Property 17: Declined Linking Initiates New Account Flow
02:36 +1135 ~464: /Users/nguyenanhkiet/Playground/grex/test/features/groups/presentation/pages/create_group_page_test.dart: CreateGroupPage Widget Tests should show error message when creation fails
  Skip: TODO(layout): CreateGroupView triggers "RenderFlex children have non-zero flex but incoming width constraints are unbounded" during initial build in the test harness — DropdownMenuItem inside an unbounded Row. Either fix the page layout or pump under a fixed Surface size in tests before re-enabling.
02:36 +1135 ~465: /Users/nguyenanhkiet/Playground/grex/test/features/auth/presentation/bloc/auth_bloc_account_linking_property_test.dart: AuthBloc Account Linking Property Tests Property 17: Declined Linking Initiates New Account Flow
02:36 +1135 ~465: /Users/nguyenanhkiet/Playground/grex/test/features/groups/presentation/pages/create_group_page_test.dart: CreateGroupPage Widget Tests should navigate back when group is created successfully
  Skip: TODO(layout): CreateGroupView triggers "RenderFlex children have non-zero flex but incoming width constraints are unbounded" during initial build in the test harness — DropdownMenuItem inside an unbounded Row. Either fix the page layout or pump under a fixed Surface size in tests before re-enabling.
02:36 +1135 ~466: /Users/nguyenanhkiet/Playground/grex/test/features/auth/presentation/bloc/auth_bloc_account_linking_property_test.dart: AuthBloc Account Linking Property Tests Property 17: Declined Linking Initiates New Account Flow
02:36 +1135 ~466: /Users/nguyenanhkiet/Playground/grex/test/features/groups/presentation/pages/create_group_page_test.dart: CreateGroupPage Widget Tests should have proper form styling
  Skip: TODO(layout): CreateGroupView triggers "RenderFlex children have non-zero flex but incoming width constraints are unbounded" during initial build in the test harness — DropdownMenuItem inside an unbounded Row. Either fix the page layout or pump under a fixed Surface size in tests before re-enabling.
02:36 +1135 ~467: /Users/nguyenanhkiet/Playground/grex/test/features/auth/presentation/bloc/auth_bloc_account_linking_property_test.dart: AuthBloc Account Linking Property Tests Property 17: Declined Linking Initiates New Account Flow
02:36 +1135 ~467: /Users/nguyenanhkiet/Playground/grex/test/features/groups/presentation/pages/create_group_page_test.dart: CreateGroupPage Widget Tests should have back button in app bar
  Skip: TODO(layout): CreateGroupView triggers "RenderFlex children have non-zero flex but incoming width constraints are unbounded" during initial build in the test harness — DropdownMenuItem inside an unbounded Row. Either fix the page layout or pump under a fixed Surface size in tests before re-enabling.
02:36 +1135 ~468: /Users/nguyenanhkiet/Playground/grex/test/features/auth/presentation/bloc/auth_bloc_account_linking_property_test.dart: AuthBloc Account Linking Property Tests Property 17: Declined Linking Initiates New Account Flow
02:36 +1135 ~468: /Users/nguyenanhkiet/Playground/grex/test/features/groups/presentation/pages/create_group_page_test.dart: CreateGroupPage Widget Tests should clear form when reset
  Skip: TODO(layout): CreateGroupView triggers "RenderFlex children have non-zero flex but incoming width constraints are unbounded" during initial build in the test harness — DropdownMenuItem inside an unbounded Row. Either fix the page layout or pump under a fixed Surface size in tests before re-enabling.
02:36 +1135 ~469: /Users/nguyenanhkiet/Playground/grex/test/features/auth/presentation/bloc/auth_bloc_account_linking_property_test.dart: AuthBloc Account Linking Property Tests Property 17: Declined Linking Initiates New Account Flow
02:36 +1135 ~469: /Users/nguyenanhkiet/Playground/grex/test/features/groups/presentation/pages/create_group_page_test.dart: CreateGroupPage Widget Tests should handle keyboard actions properly
  Skip: TODO(layout): CreateGroupView triggers "RenderFlex children have non-zero flex but incoming width constraints are unbounded" during initial build in the test harness — DropdownMenuItem inside an unbounded Row. Either fix the page layout or pump under a fixed Surface size in tests before re-enabling.
02:36 +1135 ~470: /Users/nguyenanhkiet/Playground/grex/test/features/auth/presentation/bloc/auth_bloc_account_linking_property_test.dart: AuthBloc Account Linking Property Tests Property 17: Declined Linking Initiates New Account Flow
02:36 +1136 ~470: /Users/nguyenanhkiet/Playground/grex/test/features/auth/presentation/bloc/auth_bloc_account_linking_property_test.dart: AuthBloc Account Linking Property Tests Property 17: Declined Linking Initiates New Account Flow
02:37 +1137 ~470: /Users/nguyenanhkiet/Playground/grex/test/features/auth/presentation/bloc/auth_bloc_account_linking_property_test.dart: AuthBloc Account Linking Property Tests Property 17: Declined Linking Initiates New Account Flow
02:37 +1138 ~470: /Users/nguyenanhkiet/Playground/grex/test/features/auth/presentation/bloc/auth_bloc_account_linking_property_test.dart: AuthBloc Account Linking Property Tests Property 17: Declined Linking Initiates New Account Flow
02:37 +1139 ~470: /Users/nguyenanhkiet/Playground/grex/test/features/auth/presentation/bloc/auth_bloc_account_linking_property_test.dart: AuthBloc Account Linking Property Tests Property 17: Declined Linking Initiates New Account Flow
02:37 +1140 ~470: /Users/nguyenanhkiet/Playground/grex/test/features/auth/presentation/bloc/auth_bloc_account_linking_property_test.dart: AuthBloc Account Linking Property Tests Property 17: Declined Linking Initiates New Account Flow
02:38 +1141 ~470: /Users/nguyenanhkiet/Playground/grex/test/features/auth/presentation/bloc/auth_bloc_account_linking_property_test.dart: AuthBloc Account Linking Property Tests Property 17: Declined Linking Initiates New Account Flow
02:38 +1141 ~470: /Users/nguyenanhkiet/Playground/grex/test/features/groups/presentation/pages/group_settings_page_test.dart: GroupSettingsPage Widget Tests should display loading state initially
  Skip: TODO(mock-migration): test uses the manual `class MockGroupBloc extends Mock implements GroupBloc` pattern which mockito null-safety can no longer stub (Bad state: Cannot call `when` within a stub response). Migrate to bloc_test MockBloc + mocktail whenListen (see group_list_page_test.dart for the template).
02:38 +1141 ~471: /Users/nguyenanhkiet/Playground/grex/test/features/auth/presentation/bloc/auth_bloc_account_linking_property_test.dart: AuthBloc Account Linking Property Tests Property 17: Declined Linking Initiates New Account Flow
02:38 +1141 ~471: /Users/nguyenanhkiet/Playground/grex/test/features/groups/presentation/pages/group_settings_page_test.dart: GroupSettingsPage Widget Tests should display group settings form when loaded
  Skip: TODO(mock-migration): test uses the manual `class MockGroupBloc extends Mock implements GroupBloc` pattern which mockito null-safety can no longer stub (Bad state: Cannot call `when` within a stub response). Migrate to bloc_test MockBloc + mocktail whenListen (see group_list_page_test.dart for the template).
02:38 +1141 ~472: /Users/nguyenanhkiet/Playground/grex/test/features/auth/presentation/bloc/auth_bloc_account_linking_property_test.dart: AuthBloc Account Linking Property Tests Property 17: Declined Linking Initiates New Account Flow
02:38 +1141 ~472: /Users/nguyenanhkiet/Playground/grex/test/features/groups/presentation/pages/group_settings_page_test.dart: GroupSettingsPage Widget Tests should pre-populate form with current group data
  Skip: TODO(mock-migration): test uses the manual `class MockGroupBloc extends Mock implements GroupBloc` pattern which mockito null-safety can no longer stub (Bad state: Cannot call `when` within a stub response). Migrate to bloc_test MockBloc + mocktail whenListen (see group_list_page_test.dart for the template).
02:38 +1141 ~473: /Users/nguyenanhkiet/Playground/grex/test/features/auth/presentation/bloc/auth_bloc_account_linking_property_test.dart: AuthBloc Account Linking Property Tests Property 17: Declined Linking Initiates New Account Flow
02:38 +1141 ~473: /Users/nguyenanhkiet/Playground/grex/test/features/groups/presentation/pages/group_settings_page_test.dart: GroupSettingsPage Widget Tests should display member list with roles
  Skip: TODO(mock-migration): test uses the manual `class MockGroupBloc extends Mock implements GroupBloc` pattern which mockito null-safety can no longer stub (Bad state: Cannot call `when` within a stub response). Migrate to bloc_test MockBloc + mocktail whenListen (see group_list_page_test.dart for the template).
02:38 +1141 ~474: /Users/nguyenanhkiet/Playground/grex/test/features/auth/presentation/bloc/auth_bloc_account_linking_property_test.dart: AuthBloc Account Linking Property Tests Property 17: Declined Linking Initiates New Account Flow
02:38 +1141 ~474: /Users/nguyenanhkiet/Playground/grex/test/features/groups/presentation/pages/group_settings_page_test.dart: GroupSettingsPage Widget Tests should show invite member button
  Skip: TODO(mock-migration): test uses the manual `class MockGroupBloc extends Mock implements GroupBloc` pattern which mockito null-safety can no longer stub (Bad state: Cannot call `when` within a stub response). Migrate to bloc_test MockBloc + mocktail whenListen (see group_list_page_test.dart for the template).
02:38 +1141 ~475: /Users/nguyenanhkiet/Playground/grex/test/features/auth/presentation/bloc/auth_bloc_account_linking_property_test.dart: AuthBloc Account Linking Property Tests Property 17: Declined Linking Initiates New Account Flow
02:38 +1141 ~475: /Users/nguyenanhkiet/Playground/grex/test/features/groups/presentation/pages/group_settings_page_test.dart: GroupSettingsPage Widget Tests should validate group name input
  Skip: TODO(mock-migration): test uses the manual `class MockGroupBloc extends Mock implements GroupBloc` pattern which mockito null-safety can no longer stub (Bad state: Cannot call `when` within a stub response). Migrate to bloc_test MockBloc + mocktail whenListen (see group_list_page_test.dart for the template).
02:38 +1141 ~476: /Users/nguyenanhkiet/Playground/grex/test/features/auth/presentation/bloc/auth_bloc_account_linking_property_test.dart: AuthBloc Account Linking Property Tests Property 17: Declined Linking Initiates New Account Flow
02:38 +1141 ~476: /Users/nguyenanhkiet/Playground/grex/test/features/groups/presentation/pages/group_settings_page_test.dart: GroupSettingsPage Widget Tests should enable save button when changes are made
  Skip: TODO(mock-migration): test uses the manual `class MockGroupBloc extends Mock implements GroupBloc` pattern which mockito null-safety can no longer stub (Bad state: Cannot call `when` within a stub response). Migrate to bloc_test MockBloc + mocktail whenListen (see group_list_page_test.dart for the template).
02:38 +1141 ~477: /Users/nguyenanhkiet/Playground/grex/test/features/auth/presentation/bloc/auth_bloc_account_linking_property_test.dart: AuthBloc Account Linking Property Tests Property 17: Declined Linking Initiates New Account Flow
02:38 +1141 ~477: /Users/nguyenanhkiet/Playground/grex/test/features/groups/presentation/pages/group_settings_page_test.dart: GroupSettingsPage Widget Tests should show member management options for administrators
  Skip: TODO(mock-migration): test uses the manual `class MockGroupBloc extends Mock implements GroupBloc` pattern which mockito null-safety can no longer stub (Bad state: Cannot call `when` within a stub response). Migrate to bloc_test MockBloc + mocktail whenListen (see group_list_page_test.dart for the template).
02:38 +1141 ~478: /Users/nguyenanhkiet/Playground/grex/test/features/auth/presentation/bloc/auth_bloc_account_linking_property_test.dart: AuthBloc Account Linking Property Tests Property 17: Declined Linking Initiates New Account Flow
02:38 +1141 ~478: /Users/nguyenanhkiet/Playground/grex/test/features/groups/presentation/pages/group_settings_page_test.dart: GroupSettingsPage Widget Tests should show role change options in member menu
  Skip: TODO(mock-migration): test uses the manual `class MockGroupBloc extends Mock implements GroupBloc` pattern which mockito null-safety can no longer stub (Bad state: Cannot call `when` within a stub response). Migrate to bloc_test MockBloc + mocktail whenListen (see group_list_page_test.dart for the template).
02:38 +1141 ~479: /Users/nguyenanhkiet/Playground/grex/test/features/auth/presentation/bloc/auth_bloc_account_linking_property_test.dart: AuthBloc Account Linking Property Tests Property 17: Declined Linking Initiates New Account Flow
02:38 +1141 ~479: /Users/nguyenanhkiet/Playground/grex/test/features/groups/presentation/pages/group_settings_page_test.dart: GroupSettingsPage Widget Tests should show invite member dialog when invite button is tapped
  Skip: TODO(mock-migration): test uses the manual `class MockGroupBloc extends Mock implements GroupBloc` pattern which mockito null-safety can no longer stub (Bad state: Cannot call `when` within a stub response). Migrate to bloc_test MockBloc + mocktail whenListen (see group_list_page_test.dart for the template).
02:38 +1141 ~480: /Users/nguyenanhkiet/Playground/grex/test/features/auth/presentation/bloc/auth_bloc_account_linking_property_test.dart: AuthBloc Account Linking Property Tests Property 17: Declined Linking Initiates New Account Flow
02:38 +1141 ~480: /Users/nguyenanhkiet/Playground/grex/test/features/groups/presentation/pages/group_settings_page_test.dart: GroupSettingsPage Widget Tests should show role selection dialog when changing member role
  Skip: TODO(mock-migration): test uses the manual `class MockGroupBloc extends Mock implements GroupBloc` pattern which mockito null-safety can no longer stub (Bad state: Cannot call `when` within a stub response). Migrate to bloc_test MockBloc + mocktail whenListen (see group_list_page_test.dart for the template).
02:38 +1141 ~481: /Users/nguyenanhkiet/Playground/grex/test/features/auth/presentation/bloc/auth_bloc_account_linking_property_test.dart: AuthBloc Account Linking Property Tests Property 17: Declined Linking Initiates New Account Flow
02:38 +1141 ~481: /Users/nguyenanhkiet/Playground/grex/test/features/groups/presentation/pages/group_settings_page_test.dart: GroupSettingsPage Widget Tests should show confirmation dialog when removing member
  Skip: TODO(mock-migration): test uses the manual `class MockGroupBloc extends Mock implements GroupBloc` pattern which mockito null-safety can no longer stub (Bad state: Cannot call `when` within a stub response). Migrate to bloc_test MockBloc + mocktail whenListen (see group_list_page_test.dart for the template).
02:38 +1141 ~482: /Users/nguyenanhkiet/Playground/grex/test/features/auth/presentation/bloc/auth_bloc_account_linking_property_test.dart: AuthBloc Account Linking Property Tests Property 17: Declined Linking Initiates New Account Flow
02:38 +1141 ~482: /Users/nguyenanhkiet/Playground/grex/test/features/groups/presentation/pages/group_settings_page_test.dart: GroupSettingsPage Widget Tests should show leave group option for non-creators
  Skip: TODO(mock-migration): test uses the manual `class MockGroupBloc extends Mock implements GroupBloc` pattern which mockito null-safety can no longer stub (Bad state: Cannot call `when` within a stub response). Migrate to bloc_test MockBloc + mocktail whenListen (see group_list_page_test.dart for the template).
02:38 +1141 ~483: /Users/nguyenanhkiet/Playground/grex/test/features/auth/presentation/bloc/auth_bloc_account_linking_property_test.dart: AuthBloc Account Linking Property Tests Property 17: Declined Linking Initiates New Account Flow
02:38 +1141 ~483: /Users/nguyenanhkiet/Playground/grex/test/features/groups/presentation/pages/group_settings_page_test.dart: GroupSettingsPage Widget Tests should show delete group option for creators
  Skip: TODO(mock-migration): test uses the manual `class MockGroupBloc extends Mock implements GroupBloc` pattern which mockito null-safety can no longer stub (Bad state: Cannot call `when` within a stub response). Migrate to bloc_test MockBloc + mocktail whenListen (see group_list_page_test.dart for the template).
02:38 +1141 ~484: /Users/nguyenanhkiet/Playground/grex/test/features/auth/presentation/bloc/auth_bloc_account_linking_property_test.dart: AuthBloc Account Linking Property Tests Property 17: Declined Linking Initiates New Account Flow
02:38 +1141 ~484: /Users/nguyenanhkiet/Playground/grex/test/features/groups/presentation/pages/group_settings_page_test.dart: GroupSettingsPage Widget Tests should show error message when update fails
  Skip: TODO(mock-migration): test uses the manual `class MockGroupBloc extends Mock implements GroupBloc` pattern which mockito null-safety can no longer stub (Bad state: Cannot call `when` within a stub response). Migrate to bloc_test MockBloc + mocktail whenListen (see group_list_page_test.dart for the template).
02:38 +1141 ~485: /Users/nguyenanhkiet/Playground/grex/test/features/auth/presentation/bloc/auth_bloc_account_linking_property_test.dart: AuthBloc Account Linking Property Tests Property 17: Declined Linking Initiates New Account Flow
02:38 +1141 ~485: /Users/nguyenanhkiet/Playground/grex/test/features/groups/presentation/pages/group_settings_page_test.dart: GroupSettingsPage Widget Tests should handle currency change
  Skip: TODO(mock-migration): test uses the manual `class MockGroupBloc extends Mock implements GroupBloc` pattern which mockito null-safety can no longer stub (Bad state: Cannot call `when` within a stub response). Migrate to bloc_test MockBloc + mocktail whenListen (see group_list_page_test.dart for the template).
02:38 +1141 ~486: /Users/nguyenanhkiet/Playground/grex/test/features/auth/presentation/bloc/auth_bloc_account_linking_property_test.dart: AuthBloc Account Linking Property Tests Property 17: Declined Linking Initiates New Account Flow
02:40 +1142 ~486: /Users/nguyenanhkiet/Playground/grex/test/features/auth/presentation/bloc/auth_bloc_account_linking_property_test.dart: AuthBloc Account Linking Property Tests Property 17: Declined Linking Initiates New Account Flow
02:41 +1143 ~486: /Users/nguyenanhkiet/Playground/grex/test/features/auth/presentation/bloc/auth_bloc_account_linking_property_test.dart: AuthBloc Account Linking Property Tests Property 17: Declined Linking Initiates New Account Flow
02:41 +1144 ~486: /Users/nguyenanhkiet/Playground/grex/test/features/auth/presentation/bloc/auth_bloc_account_linking_property_test.dart: AuthBloc Account Linking Property Tests Property 17: Declined Linking Initiates New Account Flow
02:41 +1145 ~486: /Users/nguyenanhkiet/Playground/grex/test/features/auth/presentation/bloc/auth_bloc_account_linking_property_test.dart: AuthBloc Account Linking Property Tests Property 17: Declined Linking Initiates New Account Flow
02:41 +1146 ~486: /Users/nguyenanhkiet/Playground/grex/test/features/auth/presentation/bloc/auth_bloc_account_linking_property_test.dart: AuthBloc Account Linking Property Tests Property 17: Declined Linking Initiates New Account Flow
02:41 +1147 ~486: /Users/nguyenanhkiet/Playground/grex/test/features/auth/presentation/bloc/auth_bloc_account_linking_property_test.dart: AuthBloc Account Linking Property Tests Property 17: Declined Linking Initiates New Account Flow
02:41 +1148 ~486: /Users/nguyenanhkiet/Playground/grex/test/features/auth/presentation/bloc/auth_bloc_account_linking_property_test.dart: AuthBloc Account Linking Property Tests Property 17: Declined Linking Initiates New Account Flow
02:41 +1149 ~486: /Users/nguyenanhkiet/Playground/grex/test/features/auth/presentation/bloc/auth_bloc_account_linking_property_test.dart: AuthBloc Account Linking Property Tests Property 17: Declined Linking Initiates New Account Flow
02:41 +1150 ~486: /Users/nguyenanhkiet/Playground/grex/test/features/auth/presentation/bloc/auth_bloc_account_linking_property_test.dart: AuthBloc Account Linking Property Tests Property 17: Declined Linking Initiates New Account Flow
02:41 +1151 ~486: /Users/nguyenanhkiet/Playground/grex/test/features/auth/presentation/bloc/auth_bloc_account_linking_property_test.dart: AuthBloc Account Linking Property Tests Property 17: Declined Linking Initiates New Account Flow
02:41 +1152 ~486: /Users/nguyenanhkiet/Playground/grex/test/features/auth/presentation/bloc/auth_bloc_account_linking_property_test.dart: AuthBloc Account Linking Property Tests Property 17: Declined Linking Initiates New Account Flow
02:41 +1153 ~486: /Users/nguyenanhkiet/Playground/grex/test/features/auth/presentation/bloc/auth_bloc_account_linking_property_test.dart: AuthBloc Account Linking Property Tests Property 17: Declined Linking Initiates New Account Flow
02:41 +1154 ~486: /Users/nguyenanhkiet/Playground/grex/test/features/auth/presentation/bloc/auth_bloc_account_linking_property_test.dart: AuthBloc Account Linking Property Tests Property 17: Declined Linking Initiates New Account Flow
02:41 +1155 ~486: /Users/nguyenanhkiet/Playground/grex/test/features/auth/presentation/bloc/auth_bloc_account_linking_property_test.dart: AuthBloc Account Linking Property Tests Property 17: Declined Linking Initiates New Account Flow
02:41 +1156 ~486: /Users/nguyenanhkiet/Playground/grex/test/features/auth/presentation/bloc/auth_bloc_account_linking_property_test.dart: AuthBloc Account Linking Property Tests Property 17: Declined Linking Initiates New Account Flow
02:43 +1157 ~486: /Users/nguyenanhkiet/Playground/grex/test/features/auth/presentation/bloc/auth_bloc_account_linking_property_test.dart: AuthBloc Account Linking Property Tests Property 17: Declined Linking Initiates New Account Flow
02:43 +1158 ~486: /Users/nguyenanhkiet/Playground/grex/test/features/auth/presentation/bloc/auth_bloc_account_linking_property_test.dart: AuthBloc Account Linking Property Tests Property 17: Declined Linking Initiates New Account Flow
02:43 +1159 ~486: /Users/nguyenanhkiet/Playground/grex/test/features/auth/presentation/bloc/auth_bloc_account_linking_property_test.dart: AuthBloc Account Linking Property Tests Property 17: Declined Linking Initiates New Account Flow
02:43 +1160 ~486: /Users/nguyenanhkiet/Playground/grex/test/features/auth/presentation/bloc/auth_bloc_account_linking_property_test.dart: AuthBloc Account Linking Property Tests Property 17: Declined Linking Initiates New Account Flow
02:43 +1161 ~486: /Users/nguyenanhkiet/Playground/grex/test/features/auth/presentation/bloc/auth_bloc_account_linking_property_test.dart: AuthBloc Account Linking Property Tests Property 17: Declined Linking Initiates New Account Flow
02:43 +1162 ~486: /Users/nguyenanhkiet/Playground/grex/test/features/auth/presentation/bloc/auth_bloc_account_linking_property_test.dart: AuthBloc Account Linking Property Tests Property 17: Declined Linking Initiates New Account Flow
02:43 +1163 ~486: /Users/nguyenanhkiet/Playground/grex/test/features/auth/presentation/bloc/auth_bloc_account_linking_property_test.dart: AuthBloc Account Linking Property Tests Property 17: Declined Linking Initiates New Account Flow
02:43 +1164 ~486: /Users/nguyenanhkiet/Playground/grex/test/features/auth/presentation/bloc/auth_bloc_account_linking_property_test.dart: AuthBloc Account Linking Property Tests Property 17: Declined Linking Initiates New Account Flow
02:43 +1165 ~486: /Users/nguyenanhkiet/Playground/grex/test/features/auth/presentation/bloc/auth_bloc_account_linking_property_test.dart: AuthBloc Account Linking Property Tests Property 17: Declined Linking Initiates New Account Flow
02:43 +1166 ~486: /Users/nguyenanhkiet/Playground/grex/test/features/auth/presentation/bloc/auth_bloc_account_linking_property_test.dart: AuthBloc Account Linking Property Tests Property 17: Declined Linking Initiates New Account Flow
02:43 +1167 ~486: /Users/nguyenanhkiet/Playground/grex/test/features/auth/presentation/bloc/auth_bloc_account_linking_property_test.dart: AuthBloc Account Linking Property Tests Property 17: Declined Linking Initiates New Account Flow
02:43 +1168 ~486: /Users/nguyenanhkiet/Playground/grex/test/features/auth/presentation/bloc/auth_bloc_account_linking_property_test.dart: AuthBloc Account Linking Property Tests Property 17: Declined Linking Initiates New Account Flow
02:43 +1169 ~486: /Users/nguyenanhkiet/Playground/grex/test/features/auth/presentation/bloc/auth_bloc_account_linking_property_test.dart: AuthBloc Account Linking Property Tests Property 17: Declined Linking Initiates New Account Flow
02:43 +1170 ~486: /Users/nguyenanhkiet/Playground/grex/test/features/auth/presentation/bloc/auth_bloc_account_linking_property_test.dart: AuthBloc Account Linking Property Tests Property 17: Declined Linking Initiates New Account Flow
02:43 +1171 ~486: /Users/nguyenanhkiet/Playground/grex/test/features/auth/presentation/bloc/auth_bloc_account_linking_property_test.dart: AuthBloc Account Linking Property Tests Property 17: Declined Linking Initiates New Account Flow
02:43 +1172 ~486: /Users/nguyenanhkiet/Playground/grex/test/features/auth/presentation/bloc/auth_bloc_account_linking_property_test.dart: AuthBloc Account Linking Property Tests Property 17: Declined Linking Initiates New Account Flow
02:43 +1173 ~486: /Users/nguyenanhkiet/Playground/grex/test/features/auth/presentation/bloc/auth_bloc_account_linking_property_test.dart: AuthBloc Account Linking Property Tests Property 17: Declined Linking Initiates New Account Flow
02:43 +1174 ~486: /Users/nguyenanhkiet/Playground/grex/test/features/auth/presentation/bloc/auth_bloc_account_linking_property_test.dart: AuthBloc Account Linking Property Tests Property 17: Declined Linking Initiates New Account Flow
02:43 +1175 ~486: /Users/nguyenanhkiet/Playground/grex/test/features/auth/presentation/bloc/auth_bloc_account_linking_property_test.dart: AuthBloc Account Linking Property Tests Property 17: Declined Linking Initiates New Account Flow
02:43 +1176 ~486: /Users/nguyenanhkiet/Playground/grex/test/features/auth/presentation/bloc/auth_bloc_account_linking_property_test.dart: AuthBloc Account Linking Property Tests Property 17: Declined Linking Initiates New Account Flow
02:43 +1177 ~486: /Users/nguyenanhkiet/Playground/grex/test/features/auth/presentation/bloc/auth_bloc_account_linking_property_test.dart: AuthBloc Account Linking Property Tests Property 17: Declined Linking Initiates New Account Flow
02:43 +1178 ~486: /Users/nguyenanhkiet/Playground/grex/test/features/auth/presentation/bloc/auth_bloc_account_linking_property_test.dart: AuthBloc Account Linking Property Tests Property 17: Declined Linking Initiates New Account Flow
02:45 +1178 ~486: /Users/nguyenanhkiet/Playground/grex/test/features/balances/domain/repositories/balance_repository_property_test.dart: BalanceRepository Property Tests Property 18: Balance display shows net amounts should display correct net amounts for any group configuration
  Skip: TODO(supabase-mock): MockSupabaseClient.auth getter is null (type 'Null' is not a subtype of 'GoTrueClient'). The shared mock in test/helpers/supabase_mocks.dart needs an explicit auth stub before these property tests can construct the repository.
02:45 +1178 ~487: /Users/nguyenanhkiet/Playground/grex/test/features/auth/presentation/bloc/auth_bloc_account_linking_property_test.dart: AuthBloc Account Linking Property Tests Property 17: Declined Linking Initiates New Account Flow
02:45 +1178 ~487: /Users/nguyenanhkiet/Playground/grex/test/features/balances/domain/repositories/balance_repository_property_test.dart: BalanceRepository Property Tests Property 18: Balance display shows net amounts should handle zero balances correctly
  Skip: TODO(supabase-mock): MockSupabaseClient.auth getter is null (type 'Null' is not a subtype of 'GoTrueClient'). The shared mock in test/helpers/supabase_mocks.dart needs an explicit auth stub before these property tests can construct the repository.
02:45 +1178 ~488: /Users/nguyenanhkiet/Playground/grex/test/features/auth/presentation/bloc/auth_bloc_account_linking_property_test.dart: AuthBloc Account Linking Property Tests Property 17: Declined Linking Initiates New Account Flow
02:45 +1178 ~488: /Users/nguyenanhkiet/Playground/grex/test/features/balances/domain/repositories/balance_repository_property_test.dart: BalanceRepository Property Tests Property 18: Balance display shows net amounts should preserve balance precision
  Skip: TODO(supabase-mock): MockSupabaseClient.auth getter is null (type 'Null' is not a subtype of 'GoTrueClient'). The shared mock in test/helpers/supabase_mocks.dart needs an explicit auth stub before these property tests can construct the repository.
02:45 +1178 ~489: /Users/nguyenanhkiet/Playground/grex/test/features/auth/presentation/bloc/auth_bloc_account_linking_property_test.dart: AuthBloc Account Linking Property Tests Property 17: Declined Linking Initiates New Account Flow
02:45 +1178 ~489: /Users/nguyenanhkiet/Playground/grex/test/features/balances/domain/repositories/balance_repository_property_test.dart: BalanceRepository Property Tests Property 19: Balance calculation includes all transactions should include all expenses and payments in balance calculation
  Skip: TODO(supabase-mock): MockSupabaseClient.auth getter is null (type 'Null' is not a subtype of 'GoTrueClient'). The shared mock in test/helpers/supabase_mocks.dart needs an explicit auth stub before these property tests can construct the repository.
02:45 +1178 ~490: /Users/nguyenanhkiet/Playground/grex/test/features/auth/presentation/bloc/auth_bloc_account_linking_property_test.dart: AuthBloc Account Linking Property Tests Property 17: Declined Linking Initiates New Account Flow
02:45 +1178 ~490: /Users/nguyenanhkiet/Playground/grex/test/features/balances/domain/repositories/balance_repository_property_test.dart: BalanceRepository Property Tests Property 19: Balance calculation includes all transactions should handle groups with no transactions
  Skip: TODO(supabase-mock): MockSupabaseClient.auth getter is null (type 'Null' is not a subtype of 'GoTrueClient'). The shared mock in test/helpers/supabase_mocks.dart needs an explicit auth stub before these property tests can construct the repository.
02:45 +1178 ~491: /Users/nguyenanhkiet/Playground/grex/test/features/auth/presentation/bloc/auth_bloc_account_linking_property_test.dart: AuthBloc Account Linking Property Tests Property 17: Declined Linking Initiates New Account Flow
02:45 +1178 ~491: /Users/nguyenanhkiet/Playground/grex/test/features/balances/domain/repositories/balance_repository_property_test.dart: BalanceRepository Property Tests Property 19: Balance calculation includes all transactions should maintain consistency across multiple calculations
  Skip: TODO(supabase-mock): MockSupabaseClient.auth getter is null (type 'Null' is not a subtype of 'GoTrueClient'). The shared mock in test/helpers/supabase_mocks.dart needs an explicit auth stub before these property tests can construct the repository.
02:45 +1178 ~492: /Users/nguyenanhkiet/Playground/grex/test/features/auth/presentation/bloc/auth_bloc_account_linking_property_test.dart: AuthBloc Account Linking Property Tests Property 17: Declined Linking Initiates New Account Flow
02:45 +1178 ~492: /Users/nguyenanhkiet/Playground/grex/test/features/balances/domain/repositories/balance_repository_property_test.dart: BalanceRepository Property Tests Property 20: Settlement plan minimizes transactions should generate settlement plan that minimizes number of transactions
  Skip: TODO(supabase-mock): MockSupabaseClient.auth getter is null (type 'Null' is not a subtype of 'GoTrueClient'). The shared mock in test/helpers/supabase_mocks.dart needs an explicit auth stub before these property tests can construct the repository.
02:45 +1178 ~493: /Users/nguyenanhkiet/Playground/grex/test/features/auth/presentation/bloc/auth_bloc_account_linking_property_test.dart: AuthBloc Account Linking Property Tests Property 17: Declined Linking Initiates New Account Flow
02:45 +1178 ~493: /Users/nguyenanhkiet/Playground/grex/test/features/balances/domain/repositories/balance_repository_property_test.dart: BalanceRepository Property Tests Property 20: Settlement plan minimizes transactions should generate empty settlement plan for balanced groups
  Skip: TODO(supabase-mock): MockSupabaseClient.auth getter is null (type 'Null' is not a subtype of 'GoTrueClient'). The shared mock in test/helpers/supabase_mocks.dart needs an explicit auth stub before these property tests can construct the repository.
02:45 +1178 ~494: /Users/nguyenanhkiet/Playground/grex/test/features/auth/presentation/bloc/auth_bloc_account_linking_property_test.dart: AuthBloc Account Linking Property Tests Property 17: Declined Linking Initiates New Account Flow
02:45 +1178 ~494: /Users/nguyenanhkiet/Playground/grex/test/features/balances/domain/repositories/balance_repository_property_test.dart: BalanceRepository Property Tests Property 20: Settlement plan minimizes transactions should handle single debtor and single creditor optimally
  Skip: TODO(supabase-mock): MockSupabaseClient.auth getter is null (type 'Null' is not a subtype of 'GoTrueClient'). The shared mock in test/helpers/supabase_mocks.dart needs an explicit auth stub before these property tests can construct the repository.
02:45 +1178 ~495: /Users/nguyenanhkiet/Playground/grex/test/features/auth/presentation/bloc/auth_bloc_account_linking_property_test.dart: AuthBloc Account Linking Property Tests Property 17: Declined Linking Initiates New Account Flow
02:45 +1178 ~495: /Users/nguyenanhkiet/Playground/grex/test/features/balances/domain/repositories/balance_repository_property_test.dart: BalanceRepository Property Tests Property 20: Settlement plan minimizes transactions should preserve total settlement amounts
  Skip: TODO(supabase-mock): MockSupabaseClient.auth getter is null (type 'Null' is not a subtype of 'GoTrueClient'). The shared mock in test/helpers/supabase_mocks.dart needs an explicit auth stub before these property tests can construct the repository.
02:45 +1178 ~496: /Users/nguyenanhkiet/Playground/grex/test/features/auth/presentation/bloc/auth_bloc_account_linking_property_test.dart: AuthBloc Account Linking Property Tests Property 17: Declined Linking Initiates New Account Flow
02:45 +1178 ~496: /Users/nguyenanhkiet/Playground/grex/test/features/balances/domain/repositories/balance_repository_property_test.dart: BalanceRepository Property Tests Property 20: Settlement plan minimizes transactions should handle complex multi-person scenarios efficiently
  Skip: TODO(supabase-mock): MockSupabaseClient.auth getter is null (type 'Null' is not a subtype of 'GoTrueClient'). The shared mock in test/helpers/supabase_mocks.dart needs an explicit auth stub before these property tests can construct the repository.
02:45 +1178 ~497: /Users/nguyenanhkiet/Playground/grex/test/features/auth/presentation/bloc/auth_bloc_account_linking_property_test.dart: AuthBloc Account Linking Property Tests Property 17: Declined Linking Initiates New Account Flow
02:46 +1178 ~497: /Users/nguyenanhkiet/Playground/grex/test/features/balances/presentation/pages/balance_page_test.dart: BalancePage Widget Tests should display app bar with title and settlement button
  Skip: TODO(mock-migration): manual `class MockBalanceBloc extends Mock implements BalanceBloc` returns null for stream/state under mockito null-safety. Migrate to bloc_test MockBloc + mocktail whenListen (see group_list_page_test.dart for the template).
02:46 +1178 ~498: /Users/nguyenanhkiet/Playground/grex/test/features/auth/presentation/bloc/auth_bloc_account_linking_property_test.dart: AuthBloc Account Linking Property Tests Property 17: Declined Linking Initiates New Account Flow
02:46 +1178 ~498: /Users/nguyenanhkiet/Playground/grex/test/features/balances/presentation/pages/balance_page_test.dart: BalancePage Widget Tests should display loading indicator when loading
  Skip: TODO(mock-migration): manual `class MockBalanceBloc extends Mock implements BalanceBloc` returns null for stream/state under mockito null-safety. Migrate to bloc_test MockBloc + mocktail whenListen (see group_list_page_test.dart for the template).
02:46 +1178 ~499: /Users/nguyenanhkiet/Playground/grex/test/features/auth/presentation/bloc/auth_bloc_account_linking_property_test.dart: AuthBloc Account Linking Property Tests Property 17: Declined Linking Initiates New Account Flow
02:46 +1178 ~499: /Users/nguyenanhkiet/Playground/grex/test/features/balances/presentation/pages/balance_page_test.dart: BalancePage Widget Tests should display error state with retry button
  Skip: TODO(mock-migration): manual `class MockBalanceBloc extends Mock implements BalanceBloc` returns null for stream/state under mockito null-safety. Migrate to bloc_test MockBloc + mocktail whenListen (see group_list_page_test.dart for the template).
02:46 +1178 ~500: /Users/nguyenanhkiet/Playground/grex/test/features/auth/presentation/bloc/auth_bloc_account_linking_property_test.dart: AuthBloc Account Linking Property Tests Property 17: Declined Linking Initiates New Account Flow
02:46 +1178 ~500: /Users/nguyenanhkiet/Playground/grex/test/features/balances/presentation/pages/balance_page_test.dart: BalancePage Widget Tests should retry loading when retry button is tapped
  Skip: TODO(mock-migration): manual `class MockBalanceBloc extends Mock implements BalanceBloc` returns null for stream/state under mockito null-safety. Migrate to bloc_test MockBloc + mocktail whenListen (see group_list_page_test.dart for the template).
02:46 +1178 ~501: /Users/nguyenanhkiet/Playground/grex/test/features/auth/presentation/bloc/auth_bloc_account_linking_property_test.dart: AuthBloc Account Linking Property Tests Property 17: Declined Linking Initiates New Account Flow
02:46 +1178 ~501: /Users/nguyenanhkiet/Playground/grex/test/features/balances/presentation/pages/balance_page_test.dart: BalancePage Widget Tests should display empty state when no balances
  Skip: TODO(mock-migration): manual `class MockBalanceBloc extends Mock implements BalanceBloc` returns null for stream/state under mockito null-safety. Migrate to bloc_test MockBloc + mocktail whenListen (see group_list_page_test.dart for the template).
02:46 +1178 ~502: /Users/nguyenanhkiet/Playground/grex/test/features/auth/presentation/bloc/auth_bloc_account_linking_property_test.dart: AuthBloc Account Linking Property Tests Property 17: Declined Linking Initiates New Account Flow
02:46 +1178 ~502: /Users/nguyenanhkiet/Playground/grex/test/features/balances/presentation/pages/balance_page_test.dart: BalancePage Widget Tests should display balance summary card
  Skip: TODO(mock-migration): manual `class MockBalanceBloc extends Mock implements BalanceBloc` returns null for stream/state under mockito null-safety. Migrate to bloc_test MockBloc + mocktail whenListen (see group_list_page_test.dart for the template).
02:46 +1178 ~503: /Users/nguyenanhkiet/Playground/grex/test/features/auth/presentation/bloc/auth_bloc_account_linking_property_test.dart: AuthBloc Account Linking Property Tests Property 17: Declined Linking Initiates New Account Flow
02:46 +1178 ~503: /Users/nguyenanhkiet/Playground/grex/test/features/balances/presentation/pages/balance_page_test.dart: BalancePage Widget Tests should display all balances in list
  Skip: TODO(mock-migration): manual `class MockBalanceBloc extends Mock implements BalanceBloc` returns null for stream/state under mockito null-safety. Migrate to bloc_test MockBloc + mocktail whenListen (see group_list_page_test.dart for the template).
02:46 +1178 ~504: /Users/nguyenanhkiet/Playground/grex/test/features/auth/presentation/bloc/auth_bloc_account_linking_property_test.dart: AuthBloc Account Linking Property Tests Property 17: Declined Linking Initiates New Account Flow
02:46 +1178 ~504: /Users/nguyenanhkiet/Playground/grex/test/features/balances/presentation/pages/balance_page_test.dart: BalancePage Widget Tests should navigate to settlement plan when button is tapped
  Skip: TODO(mock-migration): manual `class MockBalanceBloc extends Mock implements BalanceBloc` returns null for stream/state under mockito null-safety. Migrate to bloc_test MockBloc + mocktail whenListen (see group_list_page_test.dart for the template).
02:46 +1178 ~505: /Users/nguyenanhkiet/Playground/grex/test/features/auth/presentation/bloc/auth_bloc_account_linking_property_test.dart: AuthBloc Account Linking Property Tests Property 17: Declined Linking Initiates New Account Flow
02:46 +1178 ~505: /Users/nguyenanhkiet/Playground/grex/test/features/balances/presentation/pages/balance_page_test.dart: BalancePage Widget Tests should refresh balances on pull to refresh
  Skip: TODO(mock-migration): manual `class MockBalanceBloc extends Mock implements BalanceBloc` returns null for stream/state under mockito null-safety. Migrate to bloc_test MockBloc + mocktail whenListen (see group_list_page_test.dart for the template).
02:46 +1178 ~506: /Users/nguyenanhkiet/Playground/grex/test/features/auth/presentation/bloc/auth_bloc_account_linking_property_test.dart: AuthBloc Account Linking Property Tests Property 17: Declined Linking Initiates New Account Flow
02:46 +1178 ~506: /Users/nguyenanhkiet/Playground/grex/test/features/balances/presentation/pages/balance_page_test.dart: BalancePage Widget Tests should load balances on init
  Skip: TODO(mock-migration): manual `class MockBalanceBloc extends Mock implements BalanceBloc` returns null for stream/state under mockito null-safety. Migrate to bloc_test MockBloc + mocktail whenListen (see group_list_page_test.dart for the template).
02:46 +1178 ~507: /Users/nguyenanhkiet/Playground/grex/test/features/auth/presentation/bloc/auth_bloc_account_linking_property_test.dart: AuthBloc Account Linking Property Tests Property 17: Declined Linking Initiates New Account Flow
02:46 +1178 ~507: /Users/nguyenanhkiet/Playground/grex/test/features/balances/presentation/pages/balance_page_test.dart: BalancePage Widget Tests should display balances sorted by amount
  Skip: TODO(mock-migration): manual `class MockBalanceBloc extends Mock implements BalanceBloc` returns null for stream/state under mockito null-safety. Migrate to bloc_test MockBloc + mocktail whenListen (see group_list_page_test.dart for the template).
02:46 +1178 ~508: /Users/nguyenanhkiet/Playground/grex/test/features/auth/presentation/bloc/auth_bloc_account_linking_property_test.dart: AuthBloc Account Linking Property Tests Property 17: Declined Linking Initiates New Account Flow
02:46 +1178 ~508: /Users/nguyenanhkiet/Playground/grex/test/features/balances/presentation/pages/balance_page_test.dart: BalancePage Widget Tests should display currency formatting correctly
  Skip: TODO(mock-migration): manual `class MockBalanceBloc extends Mock implements BalanceBloc` returns null for stream/state under mockito null-safety. Migrate to bloc_test MockBloc + mocktail whenListen (see group_list_page_test.dart for the template).
02:46 +1178 ~509: /Users/nguyenanhkiet/Playground/grex/test/features/auth/presentation/bloc/auth_bloc_account_linking_property_test.dart: AuthBloc Account Linking Property Tests Property 17: Declined Linking Initiates New Account Flow
02:46 +1178 ~509: /Users/nguyenanhkiet/Playground/grex/test/features/balances/presentation/pages/balance_page_test.dart: BalancePage Widget Tests should handle real-time balance updates
  Skip: TODO(mock-migration): manual `class MockBalanceBloc extends Mock implements BalanceBloc` returns null for stream/state under mockito null-safety. Migrate to bloc_test MockBloc + mocktail whenListen (see group_list_page_test.dart for the template).
02:46 +1178 ~510: /Users/nguyenanhkiet/Playground/grex/test/features/auth/presentation/bloc/auth_bloc_account_linking_property_test.dart: AuthBloc Account Linking Property Tests Property 17: Declined Linking Initiates New Account Flow
02:46 +1178 ~510: /Users/nguyenanhkiet/Playground/grex/test/features/balances/presentation/pages/balance_page_test.dart: BalancePage Widget Tests should display balance summary with correct totals
  Skip: TODO(mock-migration): manual `class MockBalanceBloc extends Mock implements BalanceBloc` returns null for stream/state under mockito null-safety. Migrate to bloc_test MockBloc + mocktail whenListen (see group_list_page_test.dart for the template).
02:46 +1178 ~511: /Users/nguyenanhkiet/Playground/grex/test/features/auth/presentation/bloc/auth_bloc_account_linking_property_test.dart: AuthBloc Account Linking Property Tests Property 17: Declined Linking Initiates New Account Flow
02:46 +1178 ~511: /Users/nguyenanhkiet/Playground/grex/test/features/balances/presentation/pages/balance_page_test.dart: BalancePage Widget Tests should hide settlement button when all balanced
  Skip: TODO(mock-migration): manual `class MockBalanceBloc extends Mock implements BalanceBloc` returns null for stream/state under mockito null-safety. Migrate to bloc_test MockBloc + mocktail whenListen (see group_list_page_test.dart for the template).
02:46 +1178 ~512: /Users/nguyenanhkiet/Playground/grex/test/features/auth/presentation/bloc/auth_bloc_account_linking_property_test.dart: AuthBloc Account Linking Property Tests Property 17: Declined Linking Initiates New Account Flow
02:46 +1178 ~512: /Users/nguyenanhkiet/Playground/grex/test/features/balances/presentation/pages/balance_page_test.dart: BalancePage Widget Tests should display floating action button for settlement
  Skip: TODO(mock-migration): manual `class MockBalanceBloc extends Mock implements BalanceBloc` returns null for stream/state under mockito null-safety. Migrate to bloc_test MockBloc + mocktail whenListen (see group_list_page_test.dart for the template).
02:46 +1178 ~513: /Users/nguyenanhkiet/Playground/grex/test/features/auth/presentation/bloc/auth_bloc_account_linking_property_test.dart: AuthBloc Account Linking Property Tests Property 17: Declined Linking Initiates New Account Flow
02:46 +1178 ~513: /Users/nguyenanhkiet/Playground/grex/test/features/balances/presentation/pages/balance_page_test.dart: BalancePage Widget Tests should handle large number of balances
  Skip: TODO(mock-migration): manual `class MockBalanceBloc extends Mock implements BalanceBloc` returns null for stream/state under mockito null-safety. Migrate to bloc_test MockBloc + mocktail whenListen (see group_list_page_test.dart for the template).
02:46 +1178 ~514: /Users/nguyenanhkiet/Playground/grex/test/features/auth/presentation/bloc/auth_bloc_account_linking_property_test.dart: AuthBloc Account Linking Property Tests Property 17: Declined Linking Initiates New Account Flow
02:46 +1178 ~514: /Users/nguyenanhkiet/Playground/grex/test/features/balances/presentation/pages/balance_page_test.dart: BalancePage Widget Tests should display proper section headers
  Skip: TODO(mock-migration): manual `class MockBalanceBloc extends Mock implements BalanceBloc` returns null for stream/state under mockito null-safety. Migrate to bloc_test MockBloc + mocktail whenListen (see group_list_page_test.dart for the template).
02:46 +1178 ~515: /Users/nguyenanhkiet/Playground/grex/test/features/auth/presentation/bloc/auth_bloc_account_linking_property_test.dart: AuthBloc Account Linking Property Tests Property 17: Declined Linking Initiates New Account Flow
02:46 +1178 ~515: /Users/nguyenanhkiet/Playground/grex/test/features/balances/presentation/pages/balance_page_test.dart: BalancePage Widget Tests should show balance details when item is tapped
  Skip: TODO(mock-migration): manual `class MockBalanceBloc extends Mock implements BalanceBloc` returns null for stream/state under mockito null-safety. Migrate to bloc_test MockBloc + mocktail whenListen (see group_list_page_test.dart for the template).
02:46 +1178 ~516: /Users/nguyenanhkiet/Playground/grex/test/features/auth/presentation/bloc/auth_bloc_account_linking_property_test.dart: AuthBloc Account Linking Property Tests Property 17: Declined Linking Initiates New Account Flow
02:46 +1178 ~516: /Users/nguyenanhkiet/Playground/grex/test/features/balances/presentation/pages/balance_page_test.dart: BalancePage Widget Tests should maintain scroll position during updates
  Skip: TODO(mock-migration): manual `class MockBalanceBloc extends Mock implements BalanceBloc` returns null for stream/state under mockito null-safety. Migrate to bloc_test MockBloc + mocktail whenListen (see group_list_page_test.dart for the template).
02:46 +1178 ~517: /Users/nguyenanhkiet/Playground/grex/test/features/auth/presentation/bloc/auth_bloc_account_linking_property_test.dart: AuthBloc Account Linking Property Tests Property 17: Declined Linking Initiates New Account Flow
02:46 +1178 ~517: /Users/nguyenanhkiet/Playground/grex/test/features/balances/presentation/pages/balance_page_test.dart: BalancePage Widget Tests should display appropriate empty state message
  Skip: TODO(mock-migration): manual `class MockBalanceBloc extends Mock implements BalanceBloc` returns null for stream/state under mockito null-safety. Migrate to bloc_test MockBloc + mocktail whenListen (see group_list_page_test.dart for the template).
02:46 +1178 ~518: /Users/nguyenanhkiet/Playground/grex/test/features/auth/presentation/bloc/auth_bloc_account_linking_property_test.dart: AuthBloc Account Linking Property Tests Property 17: Declined Linking Initiates New Account Flow
02:46 +1179 ~518: /Users/nguyenanhkiet/Playground/grex/test/features/auth/presentation/bloc/auth_bloc_account_linking_property_test.dart: AuthBloc Account Linking Property Tests Property 17: Declined Linking Initiates New Account Flow
02:48 +1180 ~518: /Users/nguyenanhkiet/Playground/grex/test/features/groups/presentation/bloc/group_bloc_property_test.dart: Group BLoC Administrator Settings Properties Property 28: Settings updates are validated and saved
02:49 +1181 ~518: /Users/nguyenanhkiet/Playground/grex/test/features/balances/presentation/pages/settlement_plan_page_test.dart: SettlementPlanPage Widget Tests should display app bar with title
02:49 +1182 ~518: /Users/nguyenanhkiet/Playground/grex/test/features/auth/presentation/bloc/auth_bloc_account_linking_property_test.dart: AuthBloc Account Linking Property Tests Property 18: Successful Linking Uses Existing Profile
02:49 +1183 ~518: /Users/nguyenanhkiet/Playground/grex/test/features/auth/presentation/bloc/auth_bloc_account_linking_property_test.dart: AuthBloc Account Linking Property Tests Property 18: Successful Linking Uses Existing Profile
02:49 +1184 ~518: /Users/nguyenanhkiet/Playground/grex/test/features/auth/presentation/bloc/auth_bloc_account_linking_property_test.dart: AuthBloc Account Linking Property Tests Property 18: Successful Linking Uses Existing Profile
02:50 +1185 ~518: /Users/nguyenanhkiet/Playground/grex/test/features/auth/presentation/bloc/auth_bloc_account_linking_property_test.dart: AuthBloc Account Linking Property Tests Property 18: Successful Linking Uses Existing Profile
02:50 +1186 ~518: /Users/nguyenanhkiet/Playground/grex/test/features/auth/presentation/bloc/auth_bloc_account_linking_property_test.dart: AuthBloc Account Linking Property Tests Property 18: Successful Linking Uses Existing Profile
02:50 +1187 ~518: /Users/nguyenanhkiet/Playground/grex/test/features/auth/presentation/bloc/auth_bloc_account_linking_property_test.dart: AuthBloc Account Linking Property Tests Property 18: Successful Linking Uses Existing Profile
02:50 +1188 ~518: /Users/nguyenanhkiet/Playground/grex/test/features/auth/presentation/bloc/auth_bloc_account_linking_property_test.dart: AuthBloc Account Linking Property Tests Property 18: Successful Linking Uses Existing Profile
02:50 +1189 ~518: /Users/nguyenanhkiet/Playground/grex/test/features/auth/presentation/bloc/auth_bloc_account_linking_property_test.dart: AuthBloc Account Linking Property Tests Property 18: Successful Linking Uses Existing Profile
02:50 +1190 ~518: /Users/nguyenanhkiet/Playground/grex/test/features/auth/presentation/bloc/auth_bloc_account_linking_property_test.dart: AuthBloc Account Linking Property Tests Property 18: Successful Linking Uses Existing Profile
02:50 +1191 ~518: /Users/nguyenanhkiet/Playground/grex/test/features/auth/presentation/bloc/auth_bloc_account_linking_property_test.dart: AuthBloc Account Linking Property Tests Property 18: Successful Linking Uses Existing Profile
02:51 +1192 ~518: /Users/nguyenanhkiet/Playground/grex/test/features/auth/presentation/bloc/auth_bloc_account_linking_property_test.dart: AuthBloc Account Linking Property Tests Property 18: Successful Linking Uses Existing Profile
02:51 +1193 ~518: /Users/nguyenanhkiet/Playground/grex/test/features/auth/presentation/bloc/auth_bloc_account_linking_property_test.dart: AuthBloc Account Linking Property Tests Property 18: Successful Linking Uses Existing Profile
02:51 +1194 ~518: /Users/nguyenanhkiet/Playground/grex/test/features/auth/presentation/bloc/auth_bloc_account_linking_property_test.dart: AuthBloc Account Linking Property Tests Property 18: Successful Linking Uses Existing Profile
02:51 +1195 ~518: /Users/nguyenanhkiet/Playground/grex/test/features/auth/presentation/bloc/auth_bloc_account_linking_property_test.dart: AuthBloc Account Linking Property Tests Property 18: Successful Linking Uses Existing Profile
02:51 +1196 ~518: /Users/nguyenanhkiet/Playground/grex/test/features/auth/presentation/bloc/auth_bloc_account_linking_property_test.dart: AuthBloc Account Linking Property Tests Property 18: Successful Linking Uses Existing Profile
02:51 +1197 ~518: /Users/nguyenanhkiet/Playground/grex/test/features/auth/presentation/bloc/auth_bloc_account_linking_property_test.dart: AuthBloc Account Linking Property Tests Property 18: Successful Linking Uses Existing Profile
02:51 +1198 ~518: /Users/nguyenanhkiet/Playground/grex/test/features/auth/presentation/bloc/auth_bloc_account_linking_property_test.dart: AuthBloc Account Linking Property Tests Property 18: Successful Linking Uses Existing Profile
02:51 +1199 ~518: /Users/nguyenanhkiet/Playground/grex/test/features/auth/presentation/bloc/auth_bloc_account_linking_property_test.dart: AuthBloc Account Linking Property Tests Property 18: Successful Linking Uses Existing Profile
02:51 +1200 ~518: /Users/nguyenanhkiet/Playground/grex/test/features/auth/presentation/bloc/auth_bloc_account_linking_property_test.dart: AuthBloc Account Linking Property Tests Property 18: Successful Linking Uses Existing Profile
02:51 +1201 ~518: /Users/nguyenanhkiet/Playground/grex/test/features/auth/presentation/bloc/auth_bloc_account_linking_property_test.dart: AuthBloc Account Linking Property Tests Property 18: Successful Linking Uses Existing Profile
02:51 +1202 ~518: /Users/nguyenanhkiet/Playground/grex/test/features/auth/presentation/bloc/auth_bloc_account_linking_property_test.dart: AuthBloc Account Linking Property Tests Property 18: Successful Linking Uses Existing Profile
02:51 +1203 ~518: /Users/nguyenanhkiet/Playground/grex/test/features/auth/presentation/bloc/auth_bloc_account_linking_property_test.dart: AuthBloc Account Linking Property Tests Property 18: Successful Linking Uses Existing Profile
02:52 +1204 ~518: /Users/nguyenanhkiet/Playground/grex/test/features/auth/presentation/bloc/auth_bloc_account_linking_property_test.dart: AuthBloc Account Linking Property Tests Property 18: Successful Linking Uses Existing Profile
02:53 +1205 ~518: /Users/nguyenanhkiet/Playground/grex/test/features/auth/presentation/bloc/auth_bloc_account_linking_property_test.dart: AuthBloc Account Linking Property Tests Property 18: Successful Linking Uses Existing Profile
02:54 +1206 ~518: /Users/nguyenanhkiet/Playground/grex/test/features/auth/presentation/bloc/auth_bloc_account_linking_property_test.dart: AuthBloc Account Linking Property Tests Property 18: Successful Linking Uses Existing Profile
02:54 +1207 ~518: /Users/nguyenanhkiet/Playground/grex/test/features/auth/presentation/bloc/auth_bloc_account_linking_property_test.dart: AuthBloc Account Linking Property Tests Property 18: Successful Linking Uses Existing Profile
02:54 +1208 ~518: /Users/nguyenanhkiet/Playground/grex/test/features/auth/presentation/bloc/auth_bloc_account_linking_property_test.dart: AuthBloc Account Linking Property Tests Property 18: Successful Linking Uses Existing Profile
02:54 +1209 ~518: /Users/nguyenanhkiet/Playground/grex/test/features/auth/presentation/bloc/auth_bloc_account_linking_property_test.dart: AuthBloc Account Linking Property Tests Property 18: Successful Linking Uses Existing Profile
02:54 +1210 ~518: /Users/nguyenanhkiet/Playground/grex/test/features/auth/presentation/bloc/auth_bloc_account_linking_property_test.dart: AuthBloc Account Linking Property Tests Property 18: Successful Linking Uses Existing Profile
02:54 +1211 ~518: /Users/nguyenanhkiet/Playground/grex/test/features/auth/presentation/bloc/auth_bloc_account_linking_property_test.dart: AuthBloc Account Linking Property Tests Property 18: Successful Linking Uses Existing Profile
02:54 +1212 ~518: /Users/nguyenanhkiet/Playground/grex/test/features/auth/presentation/bloc/auth_bloc_account_linking_property_test.dart: AuthBloc Account Linking Property Tests Property 18: Successful Linking Uses Existing Profile
02:54 +1213 ~518: /Users/nguyenanhkiet/Playground/grex/test/features/auth/presentation/bloc/auth_bloc_account_linking_property_test.dart: AuthBloc Account Linking Property Tests Property 18: Successful Linking Uses Existing Profile
02:56 +1214 ~518: /Users/nguyenanhkiet/Playground/grex/test/features/auth/presentation/bloc/auth_bloc_account_linking_property_test.dart: AuthBloc Account Linking Property Tests Property 18: Successful Linking Uses Existing Profile
02:56 +1215 ~518: /Users/nguyenanhkiet/Playground/grex/test/features/auth/presentation/bloc/auth_bloc_account_linking_property_test.dart: AuthBloc Account Linking Property Tests Property 18: Successful Linking Uses Existing Profile
02:56 +1216 ~518: /Users/nguyenanhkiet/Playground/grex/test/features/auth/presentation/bloc/auth_bloc_account_linking_property_test.dart: AuthBloc Account Linking Property Tests Property 18: Successful Linking Uses Existing Profile
02:56 +1217 ~518: /Users/nguyenanhkiet/Playground/grex/test/features/auth/presentation/bloc/auth_bloc_account_linking_property_test.dart: AuthBloc Account Linking Property Tests Property 18: Successful Linking Uses Existing Profile
02:56 +1218 ~518: /Users/nguyenanhkiet/Playground/grex/test/features/auth/presentation/bloc/auth_bloc_account_linking_property_test.dart: AuthBloc Account Linking Property Tests Property 18: Successful Linking Uses Existing Profile
02:56 +1219 ~518: /Users/nguyenanhkiet/Playground/grex/test/features/auth/presentation/bloc/auth_bloc_account_linking_property_test.dart: AuthBloc Account Linking Property Tests Property 18: Successful Linking Uses Existing Profile
02:56 +1220 ~518: /Users/nguyenanhkiet/Playground/grex/test/features/auth/presentation/bloc/auth_bloc_account_linking_property_test.dart: AuthBloc Account Linking Property Tests Property 18: Successful Linking Uses Existing Profile
02:56 +1221 ~518: /Users/nguyenanhkiet/Playground/grex/test/features/auth/presentation/bloc/auth_bloc_account_linking_property_test.dart: AuthBloc Account Linking Property Tests Property 18: Successful Linking Uses Existing Profile
02:56 +1222 ~518: /Users/nguyenanhkiet/Playground/grex/test/features/auth/presentation/bloc/auth_bloc_account_linking_property_test.dart: AuthBloc Account Linking Property Tests Property 18: Successful Linking Uses Existing Profile
02:56 +1223 ~518: /Users/nguyenanhkiet/Playground/grex/test/features/auth/presentation/bloc/auth_bloc_account_linking_property_test.dart: AuthBloc Account Linking Property Tests Property 18: Successful Linking Uses Existing Profile
02:56 +1224 ~518: /Users/nguyenanhkiet/Playground/grex/test/features/auth/presentation/bloc/auth_bloc_account_linking_property_test.dart: AuthBloc Account Linking Property Tests Property 18: Successful Linking Uses Existing Profile
02:57 +1225 ~518: /Users/nguyenanhkiet/Playground/grex/test/features/auth/presentation/bloc/auth_bloc_account_linking_property_test.dart: AuthBloc Account Linking Property Tests Property 18: Successful Linking Uses Existing Profile
02:57 +1226 ~518: /Users/nguyenanhkiet/Playground/grex/test/features/auth/presentation/bloc/auth_bloc_account_linking_property_test.dart: AuthBloc Account Linking Property Tests Property 18: Successful Linking Uses Existing Profile
02:57 +1227 ~518: /Users/nguyenanhkiet/Playground/grex/test/features/auth/presentation/bloc/auth_bloc_account_linking_property_test.dart: AuthBloc Account Linking Property Tests Property 18: Successful Linking Uses Existing Profile
02:57 +1228 ~518: /Users/nguyenanhkiet/Playground/grex/test/features/auth/presentation/bloc/auth_bloc_account_linking_property_test.dart: AuthBloc Account Linking Property Tests Property 18: Successful Linking Uses Existing Profile
02:57 +1229 ~518: /Users/nguyenanhkiet/Playground/grex/test/features/auth/presentation/bloc/auth_bloc_account_linking_property_test.dart: AuthBloc Account Linking Property Tests Property 18: Successful Linking Uses Existing Profile
02:57 +1230 ~518: /Users/nguyenanhkiet/Playground/grex/test/features/auth/presentation/bloc/auth_bloc_account_linking_property_test.dart: AuthBloc Account Linking Property Tests Property 18: Successful Linking Uses Existing Profile
02:57 +1231 ~518: /Users/nguyenanhkiet/Playground/grex/test/features/auth/presentation/bloc/auth_bloc_account_linking_property_test.dart: AuthBloc Account Linking Property Tests Property 18: Successful Linking Uses Existing Profile
02:57 +1232 ~518: /Users/nguyenanhkiet/Playground/grex/test/features/auth/presentation/bloc/auth_bloc_account_linking_property_test.dart: AuthBloc Account Linking Property Tests Property 18: Successful Linking Uses Existing Profile
02:57 +1233 ~518: /Users/nguyenanhkiet/Playground/grex/test/features/auth/presentation/bloc/auth_bloc_account_linking_property_test.dart: AuthBloc Account Linking Property Tests Property 18: Successful Linking Uses Existing Profile
02:57 +1234 ~518: /Users/nguyenanhkiet/Playground/grex/test/features/auth/presentation/bloc/auth_bloc_account_linking_property_test.dart: AuthBloc Account Linking Property Tests Property 18: Successful Linking Uses Existing Profile
02:57 +1235 ~518: /Users/nguyenanhkiet/Playground/grex/test/features/auth/presentation/bloc/auth_bloc_account_linking_property_test.dart: AuthBloc Account Linking Property Tests Property 18: Successful Linking Uses Existing Profile
02:57 +1236 ~518: /Users/nguyenanhkiet/Playground/grex/test/features/auth/presentation/bloc/auth_bloc_account_linking_property_test.dart: AuthBloc Account Linking Property Tests Property 18: Successful Linking Uses Existing Profile
02:57 +1237 ~518: /Users/nguyenanhkiet/Playground/grex/test/features/auth/presentation/bloc/auth_bloc_account_linking_property_test.dart: AuthBloc Account Linking Property Tests Property 18: Successful Linking Uses Existing Profile
02:57 +1238 ~518: /Users/nguyenanhkiet/Playground/grex/test/features/auth/presentation/bloc/auth_bloc_account_linking_property_test.dart: AuthBloc Account Linking Property Tests Property 18: Successful Linking Uses Existing Profile
02:57 +1239 ~518: /Users/nguyenanhkiet/Playground/grex/test/features/auth/presentation/bloc/auth_bloc_account_linking_property_test.dart: AuthBloc Account Linking Property Tests Property 18: Successful Linking Uses Existing Profile
02:57 +1240 ~518: /Users/nguyenanhkiet/Playground/grex/test/features/auth/presentation/bloc/auth_bloc_account_linking_property_test.dart: AuthBloc Account Linking Property Tests Property 18: Successful Linking Uses Existing Profile
02:58 +1241 ~518: /Users/nguyenanhkiet/Playground/grex/test/features/auth/presentation/bloc/auth_bloc_account_linking_property_test.dart: AuthBloc Account Linking Property Tests Property 18: Successful Linking Uses Existing Profile
02:58 +1242 ~518: /Users/nguyenanhkiet/Playground/grex/test/features/auth/presentation/bloc/auth_bloc_account_linking_property_test.dart: AuthBloc Account Linking Property Tests Property 18: Successful Linking Uses Existing Profile
02:58 +1243 ~518: /Users/nguyenanhkiet/Playground/grex/test/features/auth/presentation/bloc/auth_bloc_account_linking_property_test.dart: AuthBloc Account Linking Property Tests Property 18: Successful Linking Uses Existing Profile
02:58 +1244 ~518: /Users/nguyenanhkiet/Playground/grex/test/features/auth/presentation/bloc/auth_bloc_account_linking_property_test.dart: AuthBloc Account Linking Property Tests Property 18: Successful Linking Uses Existing Profile
02:58 +1245 ~518: /Users/nguyenanhkiet/Playground/grex/test/features/auth/presentation/bloc/auth_bloc_account_linking_property_test.dart: AuthBloc Account Linking Property Tests Property 18: Successful Linking Uses Existing Profile
02:58 +1246 ~518: /Users/nguyenanhkiet/Playground/grex/test/features/auth/presentation/bloc/auth_bloc_account_linking_property_test.dart: AuthBloc Account Linking Property Tests Property 18: Successful Linking Uses Existing Profile
02:58 +1247 ~518: /Users/nguyenanhkiet/Playground/grex/test/features/auth/presentation/bloc/auth_bloc_account_linking_property_test.dart: AuthBloc Account Linking Property Tests Property 18: Successful Linking Uses Existing Profile
02:58 +1248 ~518: /Users/nguyenanhkiet/Playground/grex/test/features/auth/presentation/bloc/auth_bloc_account_linking_property_test.dart: AuthBloc Account Linking Property Tests Property 18: Successful Linking Uses Existing Profile
02:58 +1249 ~518: /Users/nguyenanhkiet/Playground/grex/test/features/auth/presentation/bloc/auth_bloc_account_linking_property_test.dart: AuthBloc Account Linking Property Tests Property 18: Successful Linking Uses Existing Profile
02:58 +1250 ~518: /Users/nguyenanhkiet/Playground/grex/test/features/auth/presentation/bloc/auth_bloc_account_linking_property_test.dart: AuthBloc Account Linking Property Tests Property 18: Successful Linking Uses Existing Profile
02:58 +1251 ~518: /Users/nguyenanhkiet/Playground/grex/test/features/auth/presentation/bloc/auth_bloc_account_linking_property_test.dart: AuthBloc Account Linking Property Tests Property 18: Successful Linking Uses Existing Profile
02:58 +1252 ~518: /Users/nguyenanhkiet/Playground/grex/test/features/auth/presentation/bloc/auth_bloc_account_linking_property_test.dart: AuthBloc Account Linking Property Tests Property 18: Successful Linking Uses Existing Profile
02:58 +1253 ~518: /Users/nguyenanhkiet/Playground/grex/test/features/auth/presentation/bloc/auth_bloc_account_linking_property_test.dart: AuthBloc Account Linking Property Tests Property 18: Successful Linking Uses Existing Profile
02:59 +1254 ~518: /Users/nguyenanhkiet/Playground/grex/test/features/export/presentation/pages/export_page_test.dart: ExportPage should display export page correctly
  Skip: TODO(export-page): multiple assertions in this file (data preview, info message, format selector, button, icons, scrollable, app bar, padding, accessibility) do not match the current ExportPage. Update each assertion or the page before re-enabling.
02:59 +1254 ~519: /Users/nguyenanhkiet/Playground/grex/test/features/export/presentation/pages/export_page_test.dart: ExportPage should display data preview sections
  Skip: TODO(export-page): multiple assertions in this file (data preview, info message, format selector, button, icons, scrollable, app bar, padding, accessibility) do not match the current ExportPage. Update each assertion or the page before re-enabling.
02:59 +1254 ~520: /Users/nguyenanhkiet/Playground/grex/test/features/export/presentation/pages/export_page_test.dart: ExportPage should display info message
  Skip: TODO(export-page): multiple assertions in this file (data preview, info message, format selector, button, icons, scrollable, app bar, padding, accessibility) do not match the current ExportPage. Update each assertion or the page before re-enabling.
02:59 +1254 ~521: /Users/nguyenanhkiet/Playground/grex/test/features/export/presentation/pages/export_page_test.dart: ExportPage should change export format when selector is used
  Skip: TODO(export-page): multiple assertions in this file (data preview, info message, format selector, button, icons, scrollable, app bar, padding, accessibility) do not match the current ExportPage. Update each assertion or the page before re-enabling.
02:59 +1254 ~522: /Users/nguyenanhkiet/Playground/grex/test/features/export/presentation/pages/export_page_test.dart: ExportPage should show export button as enabled initially
  Skip: TODO(export-page): multiple assertions in this file (data preview, info message, format selector, button, icons, scrollable, app bar, padding, accessibility) do not match the current ExportPage. Update each assertion or the page before re-enabling.
02:59 +1254 ~523: /Users/nguyenanhkiet/Playground/grex/test/features/export/presentation/pages/export_page_test.dart: ExportPage should display correct icons
  Skip: TODO(export-page): multiple assertions in this file (data preview, info message, format selector, button, icons, scrollable, app bar, padding, accessibility) do not match the current ExportPage. Update each assertion or the page before re-enabling.
02:59 +1254 ~524: /Users/nguyenanhkiet/Playground/grex/test/features/export/presentation/pages/export_page_test.dart: ExportPage should be scrollable
  Skip: TODO(export-page): multiple assertions in this file (data preview, info message, format selector, button, icons, scrollable, app bar, padding, accessibility) do not match the current ExportPage. Update each assertion or the page before re-enabling.
02:59 +1254 ~525: /Users/nguyenanhkiet/Playground/grex/test/features/export/presentation/pages/export_page_test.dart: ExportPage should have proper app bar
  Skip: TODO(export-page): multiple assertions in this file (data preview, info message, format selector, button, icons, scrollable, app bar, padding, accessibility) do not match the current ExportPage. Update each assertion or the page before re-enabling.
02:59 +1254 ~526: /Users/nguyenanhkiet/Playground/grex/test/features/export/presentation/pages/export_page_test.dart: ExportPage should use proper padding and spacing
  Skip: TODO(export-page): multiple assertions in this file (data preview, info message, format selector, button, icons, scrollable, app bar, padding, accessibility) do not match the current ExportPage. Update each assertion or the page before re-enabling.
02:59 +1254 ~527: /Users/nguyenanhkiet/Playground/grex/test/features/export/presentation/pages/export_page_test.dart: ExportPage should be accessible
  Skip: TODO(export-page): multiple assertions in this file (data preview, info message, format selector, button, icons, scrollable, app bar, padding, accessibility) do not match the current ExportPage. Update each assertion or the page before re-enabling.
03:00 +1254 ~528: /Users/nguyenanhkiet/Playground/grex/test/features/export/presentation/widgets/export_progress_dialog_test.dart: ExportProgressDialog should display export progress correctly
  Skip: TODO(progress-dialog): the onCancel-button assertion does not match the current ExportProgressDialog. Update before re-enabling.
03:00 +1254 ~529: /Users/nguyenanhkiet/Playground/grex/test/features/export/presentation/widgets/export_progress_dialog_test.dart: ExportProgressDialog should display PDF format correctly
  Skip: TODO(progress-dialog): the onCancel-button assertion does not match the current ExportProgressDialog. Update before re-enabling.
03:00 +1254 ~530: /Users/nguyenanhkiet/Playground/grex/test/features/export/presentation/widgets/export_progress_dialog_test.dart: ExportProgressDialog should show correct progress text at different stages
  Skip: TODO(progress-dialog): the onCancel-button assertion does not match the current ExportProgressDialog. Update before re-enabling.
03:00 +1254 ~531: /Users/nguyenanhkiet/Playground/grex/test/features/export/presentation/widgets/export_progress_dialog_test.dart: ExportProgressDialog should show correct status messages at different stages
  Skip: TODO(progress-dialog): the onCancel-button assertion does not match the current ExportProgressDialog. Update before re-enabling.
03:00 +1254 ~532: /Users/nguyenanhkiet/Playground/grex/test/features/export/presentation/widgets/export_progress_dialog_test.dart: ExportProgressDialog should show cancel button when onCancel is provided
  Skip: TODO(progress-dialog): the onCancel-button assertion does not match the current ExportProgressDialog. Update before re-enabling.
03:00 +1254 ~533: /Users/nguyenanhkiet/Playground/grex/test/features/export/presentation/widgets/export_progress_dialog_test.dart: ExportProgressDialog should not show cancel button when onCancel is null
  Skip: TODO(progress-dialog): the onCancel-button assertion does not match the current ExportProgressDialog. Update before re-enabling.
03:00 +1254 ~534: /Users/nguyenanhkiet/Playground/grex/test/features/export/presentation/widgets/export_progress_dialog_test.dart: ExportProgressDialog should update progress indicator value
  Skip: TODO(progress-dialog): the onCancel-button assertion does not match the current ExportProgressDialog. Update before re-enabling.
03:00 +1254 ~535: /Users/nguyenanhkiet/Playground/grex/test/features/export/presentation/widgets/export_progress_dialog_test.dart: ExportProgressDialog should display correct percentage text
  Skip: TODO(progress-dialog): the onCancel-button assertion does not match the current ExportProgressDialog. Update before re-enabling.
03:00 +1254 ~536: /Users/nguyenanhkiet/Playground/grex/test/features/export/presentation/widgets/export_progress_dialog_test.dart: ExportProgressDialog should show download icon in title
  Skip: TODO(progress-dialog): the onCancel-button assertion does not match the current ExportProgressDialog. Update before re-enabling.
03:00 +1254 ~537: /Users/nguyenanhkiet/Playground/grex/test/features/export/presentation/widgets/export_progress_dialog_test.dart: ExportProgressDialog should be accessible
  Skip: TODO(progress-dialog): the onCancel-button assertion does not match the current ExportProgressDialog. Update before re-enabling.
03:00 +1254 ~538: /Users/nguyenanhkiet/Playground/grex/test/features/export/presentation/widgets/export_format_selector_test.dart: ExportFormatSelector should display all export formats
  Skip: TODO(format-selector): 2 tests assert initial-selection and highlight styling that do not match the current ExportFormatSelector. Update assertions or widget before re-enabling.
03:00 +1254 ~539: /Users/nguyenanhkiet/Playground/grex/test/features/export/presentation/widgets/export_format_selector_test.dart: ExportFormatSelector should show CSV as selected initially
  Skip: TODO(format-selector): 2 tests assert initial-selection and highlight styling that do not match the current ExportFormatSelector. Update assertions or widget before re-enabling.
03:00 +1254 ~540: /Users/nguyenanhkiet/Playground/grex/test/features/export/presentation/widgets/export_format_selector_test.dart: ExportFormatSelector should call onFormatChanged when format is selected
  Skip: TODO(format-selector): 2 tests assert initial-selection and highlight styling that do not match the current ExportFormatSelector. Update assertions or widget before re-enabling.
03:00 +1254 ~541: /Users/nguyenanhkiet/Playground/grex/test/features/export/presentation/widgets/export_format_selector_test.dart: ExportFormatSelector should call onFormatChanged when radio button is tapped
  Skip: TODO(format-selector): 2 tests assert initial-selection and highlight styling that do not match the current ExportFormatSelector. Update assertions or widget before re-enabling.
03:00 +1254 ~542: /Users/nguyenanhkiet/Playground/grex/test/features/export/presentation/widgets/export_format_selector_test.dart: ExportFormatSelector should highlight selected format
  Skip: TODO(format-selector): 2 tests assert initial-selection and highlight styling that do not match the current ExportFormatSelector. Update assertions or widget before re-enabling.
03:00 +1254 ~543: /Users/nguyenanhkiet/Playground/grex/test/features/export/presentation/widgets/export_format_selector_test.dart: ExportFormatSelector should display correct icons for each format
  Skip: TODO(format-selector): 2 tests assert initial-selection and highlight styling that do not match the current ExportFormatSelector. Update assertions or widget before re-enabling.
03:00 +1254 ~544: /Users/nguyenanhkiet/Playground/grex/test/features/export/presentation/widgets/export_format_selector_test.dart: ExportFormatSelector should be accessible
  Skip: TODO(format-selector): 2 tests assert initial-selection and highlight styling that do not match the current ExportFormatSelector. Update assertions or widget before re-enabling.
03:01 +1254 ~545: /Users/nguyenanhkiet/Playground/grex/test/shared/utils/currency_formatter_property_test.dart: Currency Handling Properties Property 23: Group currency settings are respected
03:01 +1255 ~545: /Users/nguyenanhkiet/Playground/grex/test/shared/utils/currency_formatter_property_test.dart: Currency Handling Properties Property 24: Currency formatting follows locale
03:01 +1256 ~545: /Users/nguyenanhkiet/Playground/grex/test/shared/utils/currency_formatter_property_test.dart: Currency Handling Properties Property 25: Balance calculation handles group currency
03:01 +1257 ~545: /Users/nguyenanhkiet/Playground/grex/test/shared/utils/expense_search_filter_property_test.dart: Search and Filtering Properties Property 31: Search and filtering work across all criteria
03:01 +1258 ~545: /Users/nguyenanhkiet/Playground/grex/test/shared/utils/expense_search_filter_property_test.dart: Search and Filtering Properties Property 31: Search and filtering work across all criteria
03:02 +1259 ~545: /Users/nguyenanhkiet/Playground/grex/test/shared/utils/expense_search_filter_property_test.dart: Search and Filtering Properties Property 31: Search and filtering work across all criteria
03:02 +1260 ~545: /Users/nguyenanhkiet/Playground/grex/test/shared/utils/expense_search_filter_property_test.dart: Search and Filtering Properties Property 31: Search and filtering work across all criteria
03:02 +1261 ~545: /Users/nguyenanhkiet/Playground/grex/test/shared/utils/expense_search_filter_property_test.dart: Search and Filtering Properties Property 31: Search and filtering work across all criteria
03:02 +1262 ~545: /Users/nguyenanhkiet/Playground/grex/test/shared/utils/expense_search_filter_property_test.dart: Search and Filtering Properties Property 31: Search and filtering work across all criteria
03:02 +1263 ~545: /Users/nguyenanhkiet/Playground/grex/test/shared/utils/expense_search_filter_property_test.dart: Search and Filtering Properties Property 31: Search and filtering work across all criteria
03:02 +1264 ~545: /Users/nguyenanhkiet/Playground/grex/test/shared/utils/expense_search_filter_property_test.dart: Search and Filtering Properties Property 31: Search and filtering work across all criteria
03:02 +1265 ~545: /Users/nguyenanhkiet/Playground/grex/test/shared/utils/expense_search_filter_property_test.dart: Search and Filtering Properties Property 31: Search and filtering work across all criteria
03:02 +1266 ~545: /Users/nguyenanhkiet/Playground/grex/test/shared/utils/expense_search_filter_property_test.dart: Search and Filtering Properties Property 31: Search and filtering work across all criteria
03:02 +1267 ~545: /Users/nguyenanhkiet/Playground/grex/test/shared/utils/expense_search_filter_property_test.dart: Search and Filtering Properties Property 31: Search and filtering work across all criteria
03:02 +1268 ~545: /Users/nguyenanhkiet/Playground/grex/test/shared/utils/expense_search_filter_property_test.dart: Search and Filtering Properties Property 31: Search and filtering work across all criteria
03:02 +1269 ~545: /Users/nguyenanhkiet/Playground/grex/test/shared/utils/expense_search_filter_property_test.dart: Search and Filtering Properties Property 31: Search and filtering work across all criteria
03:02 +1270 ~545: /Users/nguyenanhkiet/Playground/grex/test/shared/utils/expense_search_filter_property_test.dart: Search and Filtering Properties Property 31: Search and filtering work across all criteria
03:02 +1271 ~545: /Users/nguyenanhkiet/Playground/grex/test/shared/utils/currency_formatter_test.dart: CurrencyFormatter currency validation should be case insensitive
03:02 +1272 ~545: /Users/nguyenanhkiet/Playground/grex/test/shared/utils/currency_formatter_test.dart: CurrencyFormatter currency compatibility should detect compatible currencies
03:02 +1273 ~545: /Users/nguyenanhkiet/Playground/grex/test/shared/utils/currency_formatter_test.dart: CurrencyFormatter currency compatibility should be case insensitive for compatibility
03:02 +1274 ~545: /Users/nguyenanhkiet/Playground/grex/test/shared/utils/currency_formatter_test.dart: CurrencyFormatter currency properties should return correct decimal digits
03:02 +1275 ~545: /Users/nguyenanhkiet/Playground/grex/test/shared/utils/currency_formatter_test.dart: CurrencyFormatter currency properties should identify currencies that use decimals
03:02 +1276 ~545: /Users/nguyenanhkiet/Playground/grex/test/shared/utils/currency_formatter_test.dart: CurrencyFormatter amount validation should validate amount strings
03:02 +1277 ~545: /Users/nguyenanhkiet/Playground/grex/test/shared/utils/currency_formatter_test.dart: CurrencyFormatter rounding should round to currency precision
03:02 +1278 ~545: /Users/nguyenanhkiet/Playground/grex/test/shared/utils/currency_formatter_test.dart: CurrencyFormatter display names should return correct display names
03:02 +1279 ~545: /Users/nguyenanhkiet/Playground/grex/test/shared/utils/currency_formatter_test.dart: CurrencyFormatter supported currencies should return list of supported currencies
03:02 +1280 ~545: /Users/nguyenanhkiet/Playground/grex/test/shared/utils/currency_formatter_test.dart: CurrencyFormatter input formatting should format for input fields
03:02 +1281 ~545: /Users/nguyenanhkiet/Playground/grex/test/shared/utils/currency_formatter_test.dart: CurrencyFormatter warning messages should generate currency mismatch warnings
03:03 +1282 ~545: /Users/nguyenanhkiet/Playground/grex/test/shared/utils/expense_search_filter_test.dart: ExpenseSearchFilter searchExpenses should return all expenses for empty query
03:03 +1283 ~545: /Users/nguyenanhkiet/Playground/grex/test/shared/utils/expense_search_filter_test.dart: ExpenseSearchFilter searchExpenses should search by description
03:03 +1284 ~545: /Users/nguyenanhkiet/Playground/grex/test/shared/utils/expense_search_filter_test.dart: ExpenseSearchFilter searchExpenses should search by amount
03:03 +1285 ~545: /Users/nguyenanhkiet/Playground/grex/test/shared/utils/expense_search_filter_test.dart: ExpenseSearchFilter searchExpenses should search by participant name
03:03 +1286 ~545: /Users/nguyenanhkiet/Playground/grex/test/shared/utils/expense_search_filter_test.dart: ExpenseSearchFilter searchExpenses should be case insensitive
03:03 +1287 ~545: /Users/nguyenanhkiet/Playground/grex/test/shared/utils/expense_search_filter_test.dart: ExpenseSearchFilter filterByDateRange should return all expenses when no dates provided
03:03 +1288 ~545: /Users/nguyenanhkiet/Playground/grex/test/shared/utils/expense_search_filter_test.dart: ExpenseSearchFilter filterByDateRange should filter by start date only
03:03 +1289 ~545: /Users/nguyenanhkiet/Playground/grex/test/shared/utils/expense_search_filter_test.dart: ExpenseSearchFilter filterByDateRange should filter by end date only
03:03 +1290 ~545: /Users/nguyenanhkiet/Playground/grex/test/shared/utils/expense_search_filter_test.dart: ExpenseSearchFilter filterByDateRange should filter by date range
03:03 +1291 ~545: /Users/nguyenanhkiet/Playground/grex/test/shared/utils/expense_search_filter_test.dart: ExpenseSearchFilter filterByParticipant should return all expenses for empty participant ID
03:03 +1292 ~545: /Users/nguyenanhkiet/Playground/grex/test/shared/utils/expense_search_filter_test.dart: ExpenseSearchFilter filterByParticipant should filter by participant
03:03 +1293 ~545: /Users/nguyenanhkiet/Playground/grex/test/shared/utils/expense_search_filter_test.dart: ExpenseSearchFilter filterByParticipant should include expenses where user is payer
03:03 +1294 ~545: /Users/nguyenanhkiet/Playground/grex/test/shared/utils/expense_search_filter_test.dart: ExpenseSearchFilter filterByAmountRange should return all expenses when no amounts provided
03:03 +1295 ~545: /Users/nguyenanhkiet/Playground/grex/test/shared/utils/expense_search_filter_test.dart: ExpenseSearchFilter filterByAmountRange should filter by minimum amount
03:03 +1296 ~545: /Users/nguyenanhkiet/Playground/grex/test/shared/utils/expense_search_filter_test.dart: ExpenseSearchFilter filterByAmountRange should filter by maximum amount
03:03 +1297 ~545: /Users/nguyenanhkiet/Playground/grex/test/shared/utils/expense_search_filter_test.dart: ExpenseSearchFilter filterByAmountRange should filter by amount range
03:03 +1298 ~545: /Users/nguyenanhkiet/Playground/grex/test/shared/utils/expense_search_filter_test.dart: ExpenseSearchFilter filterExpenses should apply multiple filters
03:03 +1299 ~545: /Users/nguyenanhkiet/Playground/grex/test/shared/utils/expense_search_filter_test.dart: ExpenseSearchFilter filterExpenses should return empty list when no matches
03:03 +1300 ~545: /Users/nguyenanhkiet/Playground/grex/test/shared/utils/expense_search_filter_test.dart: ExpenseSearchFilter sortExpenses should sort by date ascending
03:03 +1301 ~545: /Users/nguyenanhkiet/Playground/grex/test/shared/utils/expense_search_filter_test.dart: ExpenseSearchFilter sortExpenses should sort by date descending
03:03 +1302 ~545: /Users/nguyenanhkiet/Playground/grex/test/shared/utils/expense_search_filter_test.dart: ExpenseSearchFilter sortExpenses should sort by amount ascending
03:03 +1303 ~545: /Users/nguyenanhkiet/Playground/grex/test/shared/utils/expense_search_filter_test.dart: ExpenseSearchFilter sortExpenses should sort by description
03:03 +1304 ~545: /Users/nguyenanhkiet/Playground/grex/test/shared/utils/expense_search_filter_test.dart: ExpenseSearchFilter getExpenseStatistics should calculate correct statistics
03:03 +1305 ~545: /Users/nguyenanhkiet/Playground/grex/test/shared/utils/expense_search_filter_test.dart: ExpenseSearchFilter getExpenseStatistics should handle empty list
03:03 +1306 ~545: /Users/nguyenanhkiet/Playground/grex/test/shared/utils/expense_search_filter_test.dart: ExpenseSearchFilter getEmptyStateMessage should return filtered message when filters applied
03:03 +1307 ~545: /Users/nguyenanhkiet/Playground/grex/test/shared/utils/expense_search_filter_test.dart: ExpenseSearchFilter getEmptyStateMessage should return default message when no filters
03:03 +1308 ~545: /Users/nguyenanhkiet/Playground/grex/test/shared/utils/expense_search_filter_test.dart: ExpenseSearchFilter validateFilterParameters should accept valid parameters
03:03 +1309 ~545: /Users/nguyenanhkiet/Playground/grex/test/shared/utils/expense_search_filter_test.dart: ExpenseSearchFilter validateFilterParameters should reject invalid date range
03:03 +1310 ~545: /Users/nguyenanhkiet/Playground/grex/test/shared/utils/expense_search_filter_test.dart: ExpenseSearchFilter validateFilterParameters should reject negative amounts
03:03 +1311 ~545: /Users/nguyenanhkiet/Playground/grex/test/shared/utils/expense_search_filter_test.dart: ExpenseSearchFilter validateFilterParameters should reject invalid amount range
03:03 +1312 ~545: /Users/nguyenanhkiet/Playground/grex/test/shared/utils/expense_search_filter_test.dart: ExpenseSortCriteria should have correct display names
03:05 +1313 ~545: /Users/nguyenanhkiet/Playground/grex/test/widget_test.dart: App displays welcome message
03:05 +1313 ~546: /Users/nguyenanhkiet/Playground/grex/test/main_test.dart: MyApp should create MyApp widget
03:05 +1313 ~546: /Users/nguyenanhkiet/Playground/grex/test/performance/social_login_performance_test.dart: Social Login Performance Tests OAuth Flow Performance Tests OAuth flow simulation should complete within 5 seconds
  Skip: TODO(perf): social-login performance probes have wall-clock budgets and 10-minute timeouts that are flaky in CI. Run out of band when measuring social-login latency, not on every CI run.
03:05 +1313 ~547: /Users/nguyenanhkiet/Playground/grex/test/main_test.dart: MyApp should create MyApp widget
03:05 +1313 ~547: /Users/nguyenanhkiet/Playground/grex/test/performance/social_login_performance_test.dart: Social Login Performance Tests OAuth Flow Performance Tests OAuth timeout simulation should complete within 10 seconds
  Skip: TODO(perf): social-login performance probes have wall-clock budgets and 10-minute timeouts that are flaky in CI. Run out of band when measuring social-login latency, not on every CI run.
03:05 +1313 ~548: /Users/nguyenanhkiet/Playground/grex/test/main_test.dart: MyApp should create MyApp widget
03:05 +1313 ~548: /Users/nguyenanhkiet/Playground/grex/test/performance/social_login_performance_test.dart: Social Login Performance Tests OAuth Flow Performance Tests Multiple OAuth attempts should not degrade performance
  Skip: TODO(perf): social-login performance probes have wall-clock budgets and 10-minute timeouts that are flaky in CI. Run out of band when measuring social-login latency, not on every CI run.
03:05 +1313 ~549: /Users/nguyenanhkiet/Playground/grex/test/main_test.dart: MyApp should create MyApp widget
03:05 +1313 ~549: /Users/nguyenanhkiet/Playground/grex/test/performance/social_login_performance_test.dart: Social Login Performance Tests Deep Link Processing Performance Tests Deep link processing should complete within 1 second
  Skip: TODO(perf): social-login performance probes have wall-clock budgets and 10-minute timeouts that are flaky in CI. Run out of band when measuring social-login latency, not on every CI run.
03:05 +1313 ~550: /Users/nguyenanhkiet/Playground/grex/test/main_test.dart: MyApp should create MyApp widget
03:05 +1313 ~550: /Users/nguyenanhkiet/Playground/grex/test/performance/social_login_performance_test.dart: Social Login Performance Tests Deep Link Processing Performance Tests Invalid deep link should be rejected quickly
  Skip: TODO(perf): social-login performance probes have wall-clock budgets and 10-minute timeouts that are flaky in CI. Run out of band when measuring social-login latency, not on every CI run.
03:05 +1313 ~551: /Users/nguyenanhkiet/Playground/grex/test/main_test.dart: MyApp should create MyApp widget
03:05 +1313 ~551: /Users/nguyenanhkiet/Playground/grex/test/performance/social_login_performance_test.dart: Social Login Performance Tests Deep Link Processing Performance Tests Complex deep link with parameters should process quickly
  Skip: TODO(perf): social-login performance probes have wall-clock budgets and 10-minute timeouts that are flaky in CI. Run out of band when measuring social-login latency, not on every CI run.
03:05 +1313 ~552: /Users/nguyenanhkiet/Playground/grex/test/main_test.dart: MyApp should create MyApp widget
03:05 +1313 ~552: /Users/nguyenanhkiet/Playground/grex/test/performance/social_login_performance_test.dart: Social Login Performance Tests Deep Link Processing Performance Tests Batch deep link processing should scale linearly
  Skip: TODO(perf): social-login performance probes have wall-clock budgets and 10-minute timeouts that are flaky in CI. Run out of band when measuring social-login latency, not on every CI run.
03:05 +1313 ~553: /Users/nguyenanhkiet/Playground/grex/test/main_test.dart: MyApp should create MyApp widget
03:05 +1313 ~553: /Users/nguyenanhkiet/Playground/grex/test/performance/social_login_performance_test.dart: Social Login Performance Tests Profile Setup Form Performance Tests Profile setup form simulation should render quickly
  Skip: TODO(perf): social-login performance probes have wall-clock budgets and 10-minute timeouts that are flaky in CI. Run out of band when measuring social-login latency, not on every CI run.
03:05 +1313 ~554: /Users/nguyenanhkiet/Playground/grex/test/main_test.dart: MyApp should create MyApp widget
03:05 +1313 ~554: /Users/nguyenanhkiet/Playground/grex/test/performance/social_login_performance_test.dart: Social Login Performance Tests Profile Setup Form Performance Tests Form validation simulation should be responsive
  Skip: TODO(perf): social-login performance probes have wall-clock budgets and 10-minute timeouts that are flaky in CI. Run out of band when measuring social-login latency, not on every CI run.
03:05 +1313 ~555: /Users/nguyenanhkiet/Playground/grex/test/main_test.dart: MyApp should create MyApp widget
03:05 +1313 ~555: /Users/nguyenanhkiet/Playground/grex/test/performance/social_login_performance_test.dart: Social Login Performance Tests Session Management Performance Tests Session restoration simulation should complete quickly
  Skip: TODO(perf): social-login performance probes have wall-clock budgets and 10-minute timeouts that are flaky in CI. Run out of band when measuring social-login latency, not on every CI run.
03:05 +1313 ~556: /Users/nguyenanhkiet/Playground/grex/test/main_test.dart: MyApp should create MyApp widget
03:05 +1313 ~556: /Users/nguyenanhkiet/Playground/grex/test/performance/social_login_performance_test.dart: Social Login Performance Tests Session Management Performance Tests Session validation simulation should be fast
  Skip: TODO(perf): social-login performance probes have wall-clock budgets and 10-minute timeouts that are flaky in CI. Run out of band when measuring social-login latency, not on every CI run.
03:05 +1313 ~557: /Users/nguyenanhkiet/Playground/grex/test/main_test.dart: MyApp should create MyApp widget
03:05 +1313 ~557: /Users/nguyenanhkiet/Playground/grex/test/performance/social_login_performance_test.dart: Social Login Performance Tests Session Management Performance Tests Session refresh simulation should complete within reasonable time
  Skip: TODO(perf): social-login performance probes have wall-clock budgets and 10-minute timeouts that are flaky in CI. Run out of band when measuring social-login latency, not on every CI run.
03:05 +1313 ~558: /Users/nguyenanhkiet/Playground/grex/test/main_test.dart: MyApp should create MyApp widget
03:05 +1313 ~558: /Users/nguyenanhkiet/Playground/grex/test/performance/social_login_performance_test.dart: Social Login Performance Tests Session Management Performance Tests Profile cache simulation should improve access times
  Skip: TODO(perf): social-login performance probes have wall-clock budgets and 10-minute timeouts that are flaky in CI. Run out of band when measuring social-login latency, not on every CI run.
03:05 +1313 ~559: /Users/nguyenanhkiet/Playground/grex/test/main_test.dart: MyApp should create MyApp widget
03:05 +1313 ~559: /Users/nguyenanhkiet/Playground/grex/test/performance/social_login_performance_test.dart: Social Login Performance Tests Session Management Performance Tests Session clearing simulation should be fast
  Skip: TODO(perf): social-login performance probes have wall-clock budgets and 10-minute timeouts that are flaky in CI. Run out of band when measuring social-login latency, not on every CI run.
03:05 +1313 ~560: /Users/nguyenanhkiet/Playground/grex/test/main_test.dart: MyApp should create MyApp widget
03:05 +1313 ~560: /Users/nguyenanhkiet/Playground/grex/test/performance/social_login_performance_test.dart: Social Login Performance Tests Performance Regression Tests Performance should not degrade with multiple operations
  Skip: TODO(perf): social-login performance probes have wall-clock budgets and 10-minute timeouts that are flaky in CI. Run out of band when measuring social-login latency, not on every CI run.
03:05 +1313 ~561: /Users/nguyenanhkiet/Playground/grex/test/main_test.dart: MyApp should create MyApp widget
03:05 +1314 ~561: /Users/nguyenanhkiet/Playground/grex/test/main_test.dart: MyApp should build MaterialApp with correct title
03:06 +1315 ~561: /Users/nguyenanhkiet/Playground/grex/test/main_test.dart: MyApp should use light theme by default
03:06 +1315 ~561: /Users/nguyenanhkiet/Playground/grex/test/performance/device_performance_test.dart: Device Performance Tests Low-end Android Device Performance OAuth flow completion time should be acceptable on low-end devices
  Skip: TODO(perf): device-class performance probes (Galaxy S24, Pixel 5, low-end Android, iPhone 12) take ~10 minutes total and rely on flaky wall-clock budgets. Run these out of band when validating device performance, not on every CI run.
03:06 +1315 ~562: /Users/nguyenanhkiet/Playground/grex/test/main_test.dart: MyApp should use light theme by default
03:06 +1315 ~562: /Users/nguyenanhkiet/Playground/grex/test/performance/device_performance_test.dart: Device Performance Tests Low-end Android Device Performance Deep link processing should be fast on low-end devices
  Skip: TODO(perf): device-class performance probes (Galaxy S24, Pixel 5, low-end Android, iPhone 12) take ~10 minutes total and rely on flaky wall-clock budgets. Run these out of band when validating device performance, not on every CI run.
03:06 +1315 ~563: /Users/nguyenanhkiet/Playground/grex/test/main_test.dart: MyApp should use light theme by default
03:06 +1315 ~563: /Users/nguyenanhkiet/Playground/grex/test/performance/device_performance_test.dart: Device Performance Tests Low-end Android Device Performance Session restoration should be acceptable on low-end devices
  Skip: TODO(perf): device-class performance probes (Galaxy S24, Pixel 5, low-end Android, iPhone 12) take ~10 minutes total and rely on flaky wall-clock budgets. Run these out of band when validating device performance, not on every CI run.
03:06 +1315 ~564: /Users/nguyenanhkiet/Playground/grex/test/main_test.dart: MyApp should use light theme by default
03:06 +1315 ~564: /Users/nguyenanhkiet/Playground/grex/test/performance/device_performance_test.dart: Device Performance Tests High-end Android Device Performance OAuth flow completion time should be fast on high-end devices
  Skip: TODO(perf): device-class performance probes (Galaxy S24, Pixel 5, low-end Android, iPhone 12) take ~10 minutes total and rely on flaky wall-clock budgets. Run these out of band when validating device performance, not on every CI run.
03:06 +1315 ~565: /Users/nguyenanhkiet/Playground/grex/test/main_test.dart: MyApp should use light theme by default
03:06 +1315 ~565: /Users/nguyenanhkiet/Playground/grex/test/performance/device_performance_test.dart: Device Performance Tests High-end Android Device Performance Deep link processing should be very fast on high-end devices
  Skip: TODO(perf): device-class performance probes (Galaxy S24, Pixel 5, low-end Android, iPhone 12) take ~10 minutes total and rely on flaky wall-clock budgets. Run these out of band when validating device performance, not on every CI run.
03:06 +1315 ~566: /Users/nguyenanhkiet/Playground/grex/test/main_test.dart: MyApp should use light theme by default
03:06 +1315 ~566: /Users/nguyenanhkiet/Playground/grex/test/performance/device_performance_test.dart: Device Performance Tests High-end Android Device Performance Session restoration should be very fast on high-end devices
  Skip: TODO(perf): device-class performance probes (Galaxy S24, Pixel 5, low-end Android, iPhone 12) take ~10 minutes total and rely on flaky wall-clock budgets. Run these out of band when validating device performance, not on every CI run.
03:06 +1315 ~567: /Users/nguyenanhkiet/Playground/grex/test/main_test.dart: MyApp should use light theme by default
03:06 +1315 ~567: /Users/nguyenanhkiet/Playground/grex/test/performance/device_performance_test.dart: Device Performance Tests iOS Device Performance OAuth flow completion time should be optimal on iOS
  Skip: TODO(perf): device-class performance probes (Galaxy S24, Pixel 5, low-end Android, iPhone 12) take ~10 minutes total and rely on flaky wall-clock budgets. Run these out of band when validating device performance, not on every CI run.
03:06 +1315 ~568: /Users/nguyenanhkiet/Playground/grex/test/main_test.dart: MyApp should use light theme by default
03:06 +1315 ~568: /Users/nguyenanhkiet/Playground/grex/test/performance/device_performance_test.dart: Device Performance Tests iOS Device Performance Deep link processing should be optimal on iOS
  Skip: TODO(perf): device-class performance probes (Galaxy S24, Pixel 5, low-end Android, iPhone 12) take ~10 minutes total and rely on flaky wall-clock budgets. Run these out of band when validating device performance, not on every CI run.
03:06 +1315 ~569: /Users/nguyenanhkiet/Playground/grex/test/main_test.dart: MyApp should use light theme by default
03:06 +1315 ~569: /Users/nguyenanhkiet/Playground/grex/test/performance/device_performance_test.dart: Device Performance Tests iOS Device Performance Session restoration should be optimal on iOS
  Skip: TODO(perf): device-class performance probes (Galaxy S24, Pixel 5, low-end Android, iPhone 12) take ~10 minutes total and rely on flaky wall-clock budgets. Run these out of band when validating device performance, not on every CI run.
03:06 +1315 ~570: /Users/nguyenanhkiet/Playground/grex/test/main_test.dart: MyApp should use light theme by default
03:06 +1315 ~570: /Users/nguyenanhkiet/Playground/grex/test/performance/device_performance_test.dart: Device Performance Tests Cross-Device Performance Comparison Performance should scale appropriately across device types
  Skip: TODO(perf): device-class performance probes (Galaxy S24, Pixel 5, low-end Android, iPhone 12) take ~10 minutes total and rely on flaky wall-clock budgets. Run these out of band when validating device performance, not on every CI run.
03:06 +1315 ~571: /Users/nguyenanhkiet/Playground/grex/test/main_test.dart: MyApp should use light theme by default
03:06 +1315 ~571: /Users/nguyenanhkiet/Playground/grex/test/performance/device_performance_test.dart: Device Performance Tests Memory Usage Tests OAuth flow should not cause memory leaks
  Skip: TODO(perf): device-class performance probes (Galaxy S24, Pixel 5, low-end Android, iPhone 12) take ~10 minutes total and rely on flaky wall-clock budgets. Run these out of band when validating device performance, not on every CI run.
03:06 +1315 ~572: /Users/nguyenanhkiet/Playground/grex/test/main_test.dart: MyApp should use light theme by default
03:07 +1316 ~572: /Users/nguyenanhkiet/Playground/grex/test/main_test.dart: MyApp should have dark theme configured
03:07 +1317 ~572: /Users/nguyenanhkiet/Playground/grex/test/infrastructure/mock_completeness_test.dart: Mock Class Completeness Property Tests MockAuthRepository should implement AuthRepository interface
03:07 +1318 ~572: /Users/nguyenanhkiet/Playground/grex/test/main_test.dart: MyApp should configure router correctly
03:07 +1319 ~572: /Users/nguyenanhkiet/Playground/grex/test/main_test.dart: MyApp should configure router correctly
03:07 +1320 ~572: /Users/nguyenanhkiet/Playground/grex/test/main_test.dart: MyApp should configure router correctly
03:07 +1321 ~572: /Users/nguyenanhkiet/Playground/grex/test/main_test.dart: MyApp should configure router correctly
03:07 +1322 ~572: /Users/nguyenanhkiet/Playground/grex/test/main_test.dart: MyApp should configure router correctly
03:07 +1323 ~572: /Users/nguyenanhkiet/Playground/grex/test/main_test.dart: MyApp should configure router correctly
03:07 +1324 ~572: /Users/nguyenanhkiet/Playground/grex/test/main_test.dart: MyApp should configure router correctly
03:07 +1325 ~572: /Users/nguyenanhkiet/Playground/grex/test/main_test.dart: MyApp should configure localization delegates
03:07 +1326 ~572: /Users/nguyenanhkiet/Playground/grex/test/main_test.dart: MyApp should configure supported locales
03:07 +1327 ~572: /Users/nguyenanhkiet/Playground/grex/test/main_test.dart: MyApp should use locale from provider
03:07 +1328 ~572: /Users/nguyenanhkiet/Playground/grex/test/main_test.dart: MyApp should configure text direction from provider
03:07 +1329 ~572: /Users/nguyenanhkiet/Playground/grex/test/main_test.dart: MyApp should wrap content in RepaintBoundary
03:07 +1330 ~572: /Users/nguyenanhkiet/Playground/grex/test/main_test.dart: GroupListPage should create GroupListPage widget
03:08 +1331 ~572: /Users/nguyenanhkiet/Playground/grex/test/helpers/golden_helpers_test.dart: loadAppFonts renders text as real glyphs in a golden
03:09 +1332 ~572: /Users/nguyenanhkiet/Playground/grex/test/helpers/golden_helpers_test.dart: loadAppFonts font assets exist on disk
03:09 +1333 ~572: /Users/nguyenanhkiet/Playground/grex/test/helpers/golden_helpers_test.dart: loadAppFonts font assets match the pubspec.yaml font declarations
03:09 +1334 ~572: /Users/nguyenanhkiet/Playground/grex/test/helpers/golden_helpers_test.dart: golden failure modes a crashed widget still produces a golden PNG
03:09 +1335 ~572: All tests passed!
