Resolving dependencies...
Downloading packages...
  _fe_analyzer_shared 91.0.0 (105.0.0 available)
  _flutterfire_internals 1.3.70 (1.3.76 available)
  analyzer 8.4.1 (14.1.0 available)
  app_links 6.4.1 (7.2.1 available)
  app_links_platform_interface 2.0.2 (2.0.4 available)
  bloc 8.1.4 (9.2.1 available)
  bloc_test 9.1.7 (10.0.0 available)
  build 4.0.6 (4.0.10 available)
  build_config 1.3.0 (1.3.2 available)
  build_daemon 4.1.1 (4.1.5 available)
  build_runner 2.14.1 (2.16.0 available)
  built_value 8.12.6 (8.12.7 available)
  cli_util 0.4.2 (0.5.2 available)
  coverage 1.15.0 (1.15.1 available)
  cross_file 0.3.5+2 (0.3.5+4 available)
  dart_style 3.1.3 (3.1.12 available)
  dio 5.9.2 (5.11.0 available)
  dio_web_adapter 2.1.2 (2.2.1 available)
  equatable 2.0.8 (2.1.0 available)
  firebase_core 4.8.0 (4.13.0 available)
  firebase_core_platform_interface 7.0.0 (8.1.0 available)
  firebase_core_web 3.6.1 (3.10.0 available)
  firebase_performance 0.11.4 (0.11.4+6 available)
  firebase_performance_platform_interface 0.2.0 (0.2.0+6 available)
  firebase_performance_web 0.1.8+6 (0.1.8+12 available)
  firebase_remote_config 6.5.0 (6.5.6 available)
  firebase_remote_config_platform_interface 3.0.0 (3.0.6 available)
  firebase_remote_config_web 1.10.7 (1.10.13 available)
  flutter_bloc 8.1.6 (9.1.1 available)
  flutter_riverpod 3.3.1 (3.4.2 available)
  flutter_secure_storage 9.2.4 (11.0.0 available)
  flutter_secure_storage_linux 1.2.3 (3.0.2 available)
  flutter_secure_storage_macos 3.1.3 (4.0.0 available)
  flutter_secure_storage_platform_interface 1.1.2 (2.0.3 available)
  flutter_secure_storage_web 1.2.1 (2.1.1 available)
  flutter_secure_storage_windows 3.1.2 (4.2.2 available)
  freezed 3.2.3 (3.2.5 available)
  functions_client 2.5.0 (2.7.1 available)
  get_it 7.7.0 (9.2.1 available)
  go_router 17.2.3 (17.4.0 available)
  google_sign_in 6.3.0 (7.2.0 available)
  google_sign_in_android 6.2.1 (7.2.16 available)
  google_sign_in_ios 5.9.0 (6.3.0 available)
  google_sign_in_platform_interface 2.5.0 (3.1.0 available)
  google_sign_in_web 0.12.4+4 (1.1.3 available)
  gotrue 2.20.0 (2.27.1 available)
  image 4.8.0 (4.9.1 available)
  intl 0.20.2 (0.20.3 available)
  js 0.6.7 (0.7.2 available)
  json_annotation 4.9.0 (4.12.0 available)
  json_serializable 6.11.2 (6.14.1 available)
  matcher 0.12.19 (0.12.20 available)
  meta 1.17.0 (1.19.0 available)
  mockito 5.6.4 (5.8.1 available)
  package_config 2.2.0 (3.0.0 available)
  path_provider 2.1.5 (2.1.6 available)
! path_provider_android 2.2.22 (overridden) (2.3.1 available)
! path_provider_foundation 2.5.1 (overridden) (2.6.0 available)
  path_provider_linux 2.2.1 (2.2.2 available)
  path_provider_platform_interface 2.1.2 (2.1.3 available)
  posix 6.5.0 (6.5.2 available)
  postgrest 2.7.0 (2.9.1 available)
  realtime_client 2.7.3 (2.13.0 available)
  riverpod 3.2.1 (3.4.2 available)
  share_plus 10.1.4 (13.3.0 available)
  share_plus_platform_interface 5.0.2 (7.2.0 available)
  shared_preferences_android 2.4.23 (2.4.27 available)
  sign_in_with_apple 6.1.4 (8.1.0 available)
  sign_in_with_apple_platform_interface 1.1.0 (2.0.0 available)
  sign_in_with_apple_web 2.1.1 (3.0.0 available)
  source_gen 4.2.3 (4.2.4 available)
  source_helper 1.3.8 (1.3.13 available)
  storage_client 2.5.2 (2.8.0 available)
  supabase 2.10.6 (2.16.0 available)
  supabase_flutter 2.12.4 (2.17.1 available)
  test 1.30.0 (1.31.2 available)
  test_api 0.7.10 (0.7.13 available)
  test_core 0.6.16 (0.6.19 available)
  url_launcher_android 6.3.29 (6.3.32 available)
  uuid 4.5.3 (4.6.0 available)
  vector_graphics 1.2.1 (1.2.3 available)
  vector_graphics_compiler 1.2.2 (1.3.0 available)
  vector_math 2.2.0 (2.4.2 available)
  very_good_analysis 10.1.0 (10.3.0 available)
  win32 5.15.0 (6.4.0 available)
  xml 6.6.1 (7.0.1 available)
  yet_another_json_isolate 2.1.0 (2.1.1 available)
Got dependencies!
87 packages have newer versions incompatible with dependency constraints.
Try `flutter pub outdated` for more information.
00:00 +0: loading /Users/nguyenanhkiet/Playground/grex/test/l10n/arb_key_synchronization_test.dart
00:00 +0: /Users/nguyenanhkiet/Playground/grex/test/l10n/arb_key_synchronization_test.dart: ARB Key Synchronization Property Test (setUpAll)
00:00 +0: /Users/nguyenanhkiet/Playground/grex/test/l10n/arb_key_synchronization_test.dart: ARB Key Synchronization Property Test all English keys exist in Vietnamese ARB file
00:00 +1: /Users/nguyenanhkiet/Playground/grex/test/l10n/arb_key_synchronization_test.dart: ARB Key Synchronization Property Test all English keys exist in Spanish ARB file
00:00 +2: /Users/nguyenanhkiet/Playground/grex/test/l10n/arb_key_synchronization_test.dart: ARB Key Synchronization Property Test all English keys exist in Arabic ARB file
00:00 +3: /Users/nguyenanhkiet/Playground/grex/test/l10n/arb_key_synchronization_test.dart: ARB Key Synchronization Property Test Vietnamese ARB has no extra keys not in English
00:00 +4: /Users/nguyenanhkiet/Playground/grex/test/l10n/arb_key_synchronization_test.dart: ARB Key Synchronization Property Test Spanish ARB has no extra keys not in English
00:00 +5: /Users/nguyenanhkiet/Playground/grex/test/l10n/arb_key_naming_convention_test.dart: ARB Key Naming Convention Property Test all keys in app_en.arb follow camelCase convention
00:00 +6: /Users/nguyenanhkiet/Playground/grex/test/l10n/arb_key_naming_convention_test.dart: ARB Key Naming Convention Property Test all keys in app_en.arb follow camelCase convention
00:00 +7: /Users/nguyenanhkiet/Playground/grex/test/l10n/arb_key_naming_convention_test.dart: ARB Key Naming Convention Property Test all keys in app_en.arb follow camelCase convention
00:00 +8: /Users/nguyenanhkiet/Playground/grex/test/l10n/arb_key_naming_convention_test.dart: ARB Key Naming Convention Property Test all keys in app_en.arb follow camelCase convention
00:00 +9: /Users/nguyenanhkiet/Playground/grex/test/l10n/arb_key_naming_convention_test.dart: ARB Key Naming Convention Property Test all keys in app_en.arb follow camelCase convention
00:00 +10: /Users/nguyenanhkiet/Playground/grex/test/l10n/arb_key_naming_convention_test.dart: ARB Key Naming Convention Property Test all keys in app_en.arb follow camelCase convention
00:00 +11: /Users/nguyenanhkiet/Playground/grex/test/l10n/arb_key_naming_convention_test.dart: ARB Key Naming Convention Property Test all keys in app_en.arb follow camelCase convention
00:00 +12: /Users/nguyenanhkiet/Playground/grex/test/l10n/arb_key_naming_convention_test.dart: ARB Key Naming Convention Property Test all keys in app_vi.arb follow camelCase convention
00:00 +13: /Users/nguyenanhkiet/Playground/grex/test/l10n/arb_key_naming_convention_test.dart: ARB Key Naming Convention Property Test all keys in app_es.arb follow camelCase convention
00:00 +14: /Users/nguyenanhkiet/Playground/grex/test/l10n/arb_key_naming_convention_test.dart: ARB Key Naming Convention Property Test all keys in app_ar.arb follow camelCase convention
00:00 +15: /Users/nguyenanhkiet/Playground/grex/test/l10n/arb_key_naming_convention_test.dart: ARB Key Naming Convention Property Test property: camelCase keys start with lowercase letter
00:00 +16: /Users/nguyenanhkiet/Playground/grex/test/l10n/arb_key_naming_convention_test.dart: ARB Key Naming Convention Property Test property: camelCase keys contain no underscores
00:00 +17: /Users/nguyenanhkiet/Playground/grex/test/l10n/arb_key_naming_convention_test.dart: ARB Key Naming Convention Property Test property: camelCase keys contain no hyphens
00:00 +18: /Users/nguyenanhkiet/Playground/grex/test/l10n/arb_key_naming_convention_test.dart: ARB Key Naming Convention Property Test property: camelCase keys contain only alphanumeric characters
00:00 +19: /Users/nguyenanhkiet/Playground/grex/test/l10n/module_localization_compliance_test.dart: Module Localization Compliance Property Test lib/features/ has no hardcoded user-facing strings
Found 205 hardcoded strings in lib/features/
These should be localized in future work.
00:00 +20: /Users/nguyenanhkiet/Playground/grex/test/l10n/module_localization_compliance_test.dart: Module Localization Compliance Property Test lib/core/widgets/ has no hardcoded user-facing strings
Found 18 hardcoded strings in lib/core/widgets/
00:00 +21: /Users/nguyenanhkiet/Playground/grex/test/l10n/module_localization_compliance_test.dart: Module Localization Compliance Property Test lib/core/routing/ has no hardcoded user-facing strings
Found 14 hardcoded strings in lib/core/routing/
00:00 +22: /Users/nguyenanhkiet/Playground/grex/test/l10n/module_localization_compliance_test.dart: Module Localization Compliance Property Test property: all feature modules use localized strings
Localization compliance: 160/186 files (86.0%)
Non-compliant files: 26
00:00 +23: /Users/nguyenanhkiet/Playground/grex/test/l10n/module_localization_compliance_test.dart: Module Localization Compliance Property Test property: presentation layer files use context.l10n pattern
Files with Text widgets: 19
Files with localization: 2
Files needing localization: 17
00:02 +24: /Users/nguyenanhkiet/Playground/grex/test/core/di/social_login_injection_test.dart: Social Login Dependency Injection SocialAuthRepository Registration should register SocialAuthRepository as lazy singleton
00:02 +25: /Users/nguyenanhkiet/Playground/grex/test/core/di/social_login_injection_test.dart: Social Login Dependency Injection SocialAuthRepository Registration should resolve SocialAuthRepository with correct dependencies
00:02 +26: /Users/nguyenanhkiet/Playground/grex/test/core/di/social_login_injection_test.dart: Social Login Dependency Injection AuthDeepLinkHandler Registration should register AuthDeepLinkHandler as lazy singleton
00:02 +27: /Users/nguyenanhkiet/Playground/grex/test/core/di/social_login_injection_test.dart: Social Login Dependency Injection AuthDeepLinkHandler Registration should configure onDeepLink callback correctly
00:02 +28: /Users/nguyenanhkiet/Playground/grex/test/core/di/social_login_injection_test.dart: Social Login Dependency Injection SocialLoginAnalytics Registration should register SocialLoginAnalytics as lazy singleton
00:02 +29: /Users/nguyenanhkiet/Playground/grex/test/core/di/social_login_injection_test.dart: Social Login Dependency Injection AuthBloc Registration should register AuthBloc with all required dependencies
AuthDeepLinkHandler initialized
00:02 +30: /Users/nguyenanhkiet/Playground/grex/test/core/di/social_login_injection_test.dart: Social Login Dependency Injection AuthBloc Registration should register AuthBloc as singleton
AuthDeepLinkHandler initialized
00:02 +31: /Users/nguyenanhkiet/Playground/grex/test/core/di/social_login_injection_test.dart: Social Login Dependency Injection Dependency Graph Validation should have valid dependency graph for social login
AuthDeepLinkHandler initialized
00:02 +32: /Users/nguyenanhkiet/Playground/grex/test/core/di/social_login_injection_test.dart: Social Login Dependency Injection Dependency Graph Validation should fail gracefully when dependencies are missing
Error while creating AuthBloc
Stack trace:
 #0      throwIfNot (package:get_it/get_it_impl.dart:14:19)
#1      _GetItImplementation._findFactoryByNameAndType (package:get_it/get_it_impl.dart:435:5)
#2      _GetItImplementation.get (package:get_it/get_it_impl.dart:463:29)
#3      _GetItImplementation.call (package:get_it/get_it_impl.dart:554:12)
#4      main.<anonymous closure>.<anonymous closure>.<anonymous closure>.<anonymous closure> (file:///Users/nguyenanhkiet/Playground/grex/test/core/di/social_login_injection_test.dart:273:34)
#5      _ServiceFactory.getObject (package:get_it/get_it_impl.dart:182:41)
#6      _GetItImplementation.get (package:get_it/get_it_impl.dart:481:34)
#7      _GetItImplementation.call (package:get_it/get_it_impl.dart:554:12)
#8      main.<anonymous closure>.<anonymous closure>.<anonymous closure>.<anonymous closure> (file:///Users/nguyenanhkiet/Playground/grex/test/core/di/social_login_injection_test.dart:285:22)
#9      Throws.matchAsync (package:matcher/src/expect/throws_matcher.dart:85:37)
#10     _expect (package:matcher/src/expect/expect.dart:137:26)
#11     expect (package:matcher/src/expect/expect.dart:65:3)
#12     expect (package:flutter_test/src/widget_tester.dart:473:18)
#13     main.<anonymous closure>.<anonymous closure>.<anonymous closure> (file:///Users/nguyenanhkiet/Playground/grex/test/core/di/social_login_injection_test.dart:284:9)
#14     Declarer.test.<anonymous closure>.<anonymous closure> (package:test_api/src/backend/declarer.dart:253:25)
<asynchronous suspension>
#15     Declarer.test.<anonymous closure> (package:test_api/src/backend/declarer.dart:250:11)
<asynchronous suspension>
#16     Invoker._waitForOutstandingCallbacks.<anonymous closure> (package:test_api/src/backend/invoker.dart:318:9)
<asynchronous suspension>

00:03 +33: /Users/nguyenanhkiet/Playground/grex/test/core/routing/router_delegate_test.dart: AppRouterDelegate handleDeepLink should handle group invite links
00:03 +34: /Users/nguyenanhkiet/Playground/grex/test/core/routing/router_delegate_test.dart: AppRouterDelegate handleDeepLink should handle direct group links
00:03 +35: /Users/nguyenanhkiet/Playground/grex/test/core/routing/router_delegate_test.dart: AppRouterDelegate handleDeepLink should handle group settings links
00:03 +36: /Users/nguyenanhkiet/Playground/grex/test/core/routing/router_delegate_test.dart: AppRouterDelegate handleDeepLink should handle expenses links
00:03 +37: /Users/nguyenanhkiet/Playground/grex/test/core/routing/router_delegate_test.dart: AppRouterDelegate handleDeepLink should handle expense details links
00:03 +38: /Users/nguyenanhkiet/Playground/grex/test/core/routing/router_delegate_test.dart: AppRouterDelegate handleDeepLink should handle edit expense links
00:03 +39: /Users/nguyenanhkiet/Playground/grex/test/core/routing/router_delegate_test.dart: AppRouterDelegate handleDeepLink should handle payments links
00:03 +40: /Users/nguyenanhkiet/Playground/grex/test/core/routing/router_delegate_test.dart: AppRouterDelegate handleDeepLink should handle balances links
00:03 +41: /Users/nguyenanhkiet/Playground/grex/test/core/routing/router_delegate_test.dart: AppRouterDelegate handleDeepLink should handle settlement plan links
00:03 +42: /Users/nguyenanhkiet/Playground/grex/test/core/routing/router_delegate_test.dart: AppRouterDelegate handleDeepLink should handle export links with query parameters
00:03 +43: /Users/nguyenanhkiet/Playground/grex/test/core/routing/router_delegate_test.dart: AppRouterDelegate handleDeepLink should handle export links without query parameters
00:03 +44: /Users/nguyenanhkiet/Playground/grex/test/core/routing/router_delegate_test.dart: AppRouterDelegate handleDeepLink should default to groups for unrecognized links
00:03 +45: /Users/nguyenanhkiet/Playground/grex/test/core/routing/router_delegate_test.dart: AppRouterDelegate handleDeepLink should handle malformed URLs gracefully
00:03 +46: /Users/nguyenanhkiet/Playground/grex/test/core/routing/router_delegate_test.dart: AppRouterDelegate generateBreadcrumbs should generate breadcrumbs for groups page
00:03 +47: /Users/nguyenanhkiet/Playground/grex/test/core/routing/router_delegate_test.dart: AppRouterDelegate generateBreadcrumbs should generate breadcrumbs for group details page
00:04 +48: /Users/nguyenanhkiet/Playground/grex/test/core/routing/router_delegate_test.dart: AppRouterDelegate generateBreadcrumbs should generate breadcrumbs for expenses page
00:04 +49: /Users/nguyenanhkiet/Playground/grex/test/core/routing/router_delegate_test.dart: AppRouterDelegate generateBreadcrumbs should generate breadcrumbs for create expense page
00:04 +50: /Users/nguyenanhkiet/Playground/grex/test/core/routing/router_delegate_test.dart: AppRouterDelegate generateBreadcrumbs should generate breadcrumbs for expense details page
00:04 +51: /Users/nguyenanhkiet/Playground/grex/test/core/routing/router_delegate_test.dart: AppRouterDelegate generateBreadcrumbs should generate breadcrumbs for edit expense page
00:04 +52: /Users/nguyenanhkiet/Playground/grex/test/core/routing/router_delegate_test.dart: AppRouterDelegate BreadcrumbItem should create breadcrumb item with title and path
00:08 +53: /Users/nguyenanhkiet/Playground/grex/test/core/routing/widgets/breadcrumb_navigation_test.dart: BreadcrumbNavigation should display custom breadcrumbs when provided
00:08 +53: /Users/nguyenanhkiet/Playground/grex/test/core/routing/app_router_test.dart: AppRouter should navigate to groups page by default
  Skip: TODO(di): exercises real routes that resolve blocs via getIt<XBloc>(), so every route mount throws "GetIt: Object/factory with type XBloc is not registered". Re-enable after either setting up mock DI in this test or refactoring page-level BlocProvider to use context-supplied blocs.
00:08 +53 ~1: /Users/nguyenanhkiet/Playground/grex/test/core/routing/widgets/breadcrumb_navigation_test.dart: BreadcrumbNavigation should display custom breadcrumbs when provided
00:08 +53 ~1: /Users/nguyenanhkiet/Playground/grex/test/core/routing/app_router_test.dart: AppRouter should handle group details route
  Skip: TODO(di): exercises real routes that resolve blocs via getIt<XBloc>(), so every route mount throws "GetIt: Object/factory with type XBloc is not registered". Re-enable after either setting up mock DI in this test or refactoring page-level BlocProvider to use context-supplied blocs.
00:08 +53 ~2: /Users/nguyenanhkiet/Playground/grex/test/core/routing/widgets/breadcrumb_navigation_test.dart: BreadcrumbNavigation should display custom breadcrumbs when provided
00:08 +53 ~2: /Users/nguyenanhkiet/Playground/grex/test/core/routing/app_router_test.dart: AppRouter should handle create group route
  Skip: TODO(di): exercises real routes that resolve blocs via getIt<XBloc>(), so every route mount throws "GetIt: Object/factory with type XBloc is not registered". Re-enable after either setting up mock DI in this test or refactoring page-level BlocProvider to use context-supplied blocs.
00:08 +53 ~3: /Users/nguyenanhkiet/Playground/grex/test/core/routing/widgets/breadcrumb_navigation_test.dart: BreadcrumbNavigation should display custom breadcrumbs when provided
00:08 +53 ~3: /Users/nguyenanhkiet/Playground/grex/test/core/routing/app_router_test.dart: AppRouter should handle expenses route
  Skip: TODO(di): exercises real routes that resolve blocs via getIt<XBloc>(), so every route mount throws "GetIt: Object/factory with type XBloc is not registered". Re-enable after either setting up mock DI in this test or refactoring page-level BlocProvider to use context-supplied blocs.
00:08 +53 ~4: /Users/nguyenanhkiet/Playground/grex/test/core/routing/widgets/breadcrumb_navigation_test.dart: BreadcrumbNavigation should display custom breadcrumbs when provided
00:08 +53 ~4: /Users/nguyenanhkiet/Playground/grex/test/core/routing/app_router_test.dart: AppRouter should handle payments route
  Skip: TODO(di): exercises real routes that resolve blocs via getIt<XBloc>(), so every route mount throws "GetIt: Object/factory with type XBloc is not registered". Re-enable after either setting up mock DI in this test or refactoring page-level BlocProvider to use context-supplied blocs.
00:08 +53 ~5: /Users/nguyenanhkiet/Playground/grex/test/core/routing/widgets/breadcrumb_navigation_test.dart: BreadcrumbNavigation should display custom breadcrumbs when provided
00:08 +53 ~5: /Users/nguyenanhkiet/Playground/grex/test/core/routing/app_router_test.dart: AppRouter should handle balances route
  Skip: TODO(di): exercises real routes that resolve blocs via getIt<XBloc>(), so every route mount throws "GetIt: Object/factory with type XBloc is not registered". Re-enable after either setting up mock DI in this test or refactoring page-level BlocProvider to use context-supplied blocs.
00:08 +53 ~6: /Users/nguyenanhkiet/Playground/grex/test/core/routing/widgets/breadcrumb_navigation_test.dart: BreadcrumbNavigation should display custom breadcrumbs when provided
00:08 +53 ~6: /Users/nguyenanhkiet/Playground/grex/test/core/routing/app_router_test.dart: AppRouter should handle export route
  Skip: TODO(di): exercises real routes that resolve blocs via getIt<XBloc>(), so every route mount throws "GetIt: Object/factory with type XBloc is not registered". Re-enable after either setting up mock DI in this test or refactoring page-level BlocProvider to use context-supplied blocs.
00:08 +53 ~7: /Users/nguyenanhkiet/Playground/grex/test/core/routing/widgets/breadcrumb_navigation_test.dart: BreadcrumbNavigation should display custom breadcrumbs when provided
00:08 +53 ~7: /Users/nguyenanhkiet/Playground/grex/test/core/routing/app_router_test.dart: AppRouter should show error page for invalid routes
  Skip: TODO(di): exercises real routes that resolve blocs via getIt<XBloc>(), so every route mount throws "GetIt: Object/factory with type XBloc is not registered". Re-enable after either setting up mock DI in this test or refactoring page-level BlocProvider to use context-supplied blocs.
00:08 +53 ~8: /Users/nguyenanhkiet/Playground/grex/test/core/routing/widgets/breadcrumb_navigation_test.dart: BreadcrumbNavigation should display custom breadcrumbs when provided
00:08 +53 ~8: /Users/nguyenanhkiet/Playground/grex/test/core/routing/app_router_test.dart: AppRouter should handle nested routes correctly
  Skip: TODO(di): exercises real routes that resolve blocs via getIt<XBloc>(), so every route mount throws "GetIt: Object/factory with type XBloc is not registered". Re-enable after either setting up mock DI in this test or refactoring page-level BlocProvider to use context-supplied blocs.
00:08 +53 ~9: /Users/nguyenanhkiet/Playground/grex/test/core/routing/widgets/breadcrumb_navigation_test.dart: BreadcrumbNavigation should display custom breadcrumbs when provided
00:08 +53 ~9: /Users/nguyenanhkiet/Playground/grex/test/core/routing/app_router_test.dart: AppRouter should handle edit expense route
  Skip: TODO(di): exercises real routes that resolve blocs via getIt<XBloc>(), so every route mount throws "GetIt: Object/factory with type XBloc is not registered". Re-enable after either setting up mock DI in this test or refactoring page-level BlocProvider to use context-supplied blocs.
00:08 +53 ~10: /Users/nguyenanhkiet/Playground/grex/test/core/routing/widgets/breadcrumb_navigation_test.dart: BreadcrumbNavigation should display custom breadcrumbs when provided
00:08 +53 ~10: /Users/nguyenanhkiet/Playground/grex/test/core/routing/app_router_test.dart: AppRouter should handle settlement plan route
  Skip: TODO(di): exercises real routes that resolve blocs via getIt<XBloc>(), so every route mount throws "GetIt: Object/factory with type XBloc is not registered". Re-enable after either setting up mock DI in this test or refactoring page-level BlocProvider to use context-supplied blocs.
00:08 +53 ~11: /Users/nguyenanhkiet/Playground/grex/test/core/routing/widgets/breadcrumb_navigation_test.dart: BreadcrumbNavigation should display custom breadcrumbs when provided
00:08 +53 ~11: /Users/nguyenanhkiet/Playground/grex/test/core/routing/app_router_test.dart: AppRouter should handle group settings route
  Skip: TODO(di): exercises real routes that resolve blocs via getIt<XBloc>(), so every route mount throws "GetIt: Object/factory with type XBloc is not registered". Re-enable after either setting up mock DI in this test or refactoring page-level BlocProvider to use context-supplied blocs.
00:08 +53 ~12: /Users/nguyenanhkiet/Playground/grex/test/core/routing/widgets/breadcrumb_navigation_test.dart: BreadcrumbNavigation should display custom breadcrumbs when provided
00:08 +54 ~12: /Users/nguyenanhkiet/Playground/grex/test/core/routing/widgets/breadcrumb_navigation_test.dart: BreadcrumbNavigation should display custom breadcrumbs when provided
00:08 +55 ~12: /Users/nguyenanhkiet/Playground/grex/test/core/routing/widgets/breadcrumb_navigation_test.dart: BreadcrumbNavigation should display custom breadcrumbs when provided
00:08 +56 ~12: /Users/nguyenanhkiet/Playground/grex/test/core/routing/widgets/breadcrumb_navigation_test.dart: BreadcrumbNavigation should display custom breadcrumbs when provided
00:09 +57 ~12: /Users/nguyenanhkiet/Playground/grex/test/core/routing/navigation_extensions_test.dart: NavigationExtensions should navigate to groups
00:09 +58 ~12: /Users/nguyenanhkiet/Playground/grex/test/core/routing/widgets/breadcrumb_navigation_test.dart: BreadcrumbNavigation should show home breadcrumb when showHome is true
00:09 +59 ~12: /Users/nguyenanhkiet/Playground/grex/test/core/routing/navigation_extensions_test.dart: NavigationExtensions should navigate to create group
00:09 +60 ~12: /Users/nguyenanhkiet/Playground/grex/test/core/routing/widgets/breadcrumb_navigation_test.dart: BreadcrumbNavigation should not show home breadcrumb when showHome is false
00:09 +61 ~12: /Users/nguyenanhkiet/Playground/grex/test/core/routing/navigation_extensions_test.dart: NavigationExtensions should navigate to group details
00:09 +62 ~12: /Users/nguyenanhkiet/Playground/grex/test/core/routing/widgets/breadcrumb_navigation_test.dart: BreadcrumbNavigation should handle empty breadcrumbs
00:09 +63 ~12: /Users/nguyenanhkiet/Playground/grex/test/core/routing/navigation_extensions_test.dart: NavigationExtensions should navigate to group settings
00:09 +64 ~12: /Users/nguyenanhkiet/Playground/grex/test/core/routing/widgets/breadcrumb_navigation_test.dart: BreadcrumbNavigation should apply custom text color
00:09 +65 ~12: /Users/nguyenanhkiet/Playground/grex/test/core/routing/navigation_extensions_test.dart: NavigationExtensions should navigate to expenses
00:09 +66 ~12: /Users/nguyenanhkiet/Playground/grex/test/core/routing/widgets/breadcrumb_navigation_test.dart: BreadcrumbNavigation should apply custom separator color
00:09 +67 ~12: /Users/nguyenanhkiet/Playground/grex/test/core/routing/navigation_extensions_test.dart: NavigationExtensions should navigate to create expense
00:09 +68 ~12: /Users/nguyenanhkiet/Playground/grex/test/core/routing/widgets/breadcrumb_navigation_test.dart: BreadcrumbNavigation should handle tap on non-last breadcrumb items
00:09 +69 ~12: /Users/nguyenanhkiet/Playground/grex/test/core/routing/widgets/breadcrumb_navigation_test.dart: BreadcrumbNavigation should handle tap on non-last breadcrumb items
00:09 +70 ~12: /Users/nguyenanhkiet/Playground/grex/test/core/routing/widgets/breadcrumb_navigation_test.dart: BreadcrumbNavigation should handle tap on non-last breadcrumb items
00:09 +71 ~12: /Users/nguyenanhkiet/Playground/grex/test/core/routing/widgets/breadcrumb_navigation_test.dart: BreadcrumbNavigation should handle tap on non-last breadcrumb items
00:09 +72 ~12: /Users/nguyenanhkiet/Playground/grex/test/core/routing/widgets/breadcrumb_navigation_test.dart: BreadcrumbNavigation should handle tap on non-last breadcrumb items
00:09 +73 ~12: /Users/nguyenanhkiet/Playground/grex/test/core/routing/widgets/breadcrumb_navigation_test.dart: BreadcrumbNavigation should handle tap on non-last breadcrumb items
00:09 +74 ~12: /Users/nguyenanhkiet/Playground/grex/test/core/routing/widgets/breadcrumb_navigation_test.dart: BreadcrumbNavigation should handle tap on non-last breadcrumb items
00:09 +75 ~12: /Users/nguyenanhkiet/Playground/grex/test/core/routing/widgets/breadcrumb_navigation_test.dart: BreadcrumbNavigation should handle tap on non-last breadcrumb items
00:09 +76 ~12: /Users/nguyenanhkiet/Playground/grex/test/core/routing/widgets/breadcrumb_navigation_test.dart: BreadcrumbNavigation should handle tap on non-last breadcrumb items
00:09 +77 ~12: /Users/nguyenanhkiet/Playground/grex/test/core/routing/widgets/breadcrumb_navigation_test.dart: BreadcrumbNavigation should handle tap on non-last breadcrumb items
00:09 +78 ~12: /Users/nguyenanhkiet/Playground/grex/test/core/routing/widgets/breadcrumb_navigation_test.dart: BreadcrumbNavigation should handle tap on non-last breadcrumb items
00:09 +79 ~12: /Users/nguyenanhkiet/Playground/grex/test/core/routing/widgets/breadcrumb_navigation_test.dart: BreadcrumbNavigation should handle tap on non-last breadcrumb items
00:09 +80 ~12: /Users/nguyenanhkiet/Playground/grex/test/core/routing/widgets/breadcrumb_navigation_test.dart: BreadcrumbNavigation should handle tap on non-last breadcrumb items
00:09 +81 ~12: /Users/nguyenanhkiet/Playground/grex/test/core/routing/widgets/breadcrumb_navigation_test.dart: BreadcrumbNavigation should handle tap on non-last breadcrumb items
00:09 +82 ~12: /Users/nguyenanhkiet/Playground/grex/test/core/routing/widgets/breadcrumb_navigation_test.dart: BreadcrumbNavigation should not handle tap on last breadcrumb item
00:09 +83 ~12: /Users/nguyenanhkiet/Playground/grex/test/core/routing/widgets/breadcrumb_navigation_test.dart: CompactBreadcrumbNavigation should display limited number of breadcrumbs
00:09 +84 ~12: /Users/nguyenanhkiet/Playground/grex/test/core/routing/widgets/breadcrumb_navigation_test.dart: CompactBreadcrumbNavigation should not show more indicator when items fit
00:09 +85 ~12: /Users/nguyenanhkiet/Playground/grex/test/core/routing/widgets/breadcrumb_navigation_test.dart: CompactBreadcrumbNavigation should handle empty breadcrumbs
00:09 +86 ~12: /Users/nguyenanhkiet/Playground/grex/test/core/routing/widgets/breadcrumb_navigation_test.dart: CompactBreadcrumbNavigation should use smaller text style
00:09 +87 ~12: /Users/nguyenanhkiet/Playground/grex/test/core/routing/widgets/breadcrumb_navigation_test.dart: CompactBreadcrumbNavigation should handle tap on non-last items
00:09 +88 ~12: /Users/nguyenanhkiet/Playground/grex/test/core/routing/routing_providers_test.dart: RoutingProviders goRouterProvider should provide GoRouter instance
00:10 +89 ~12: /Users/nguyenanhkiet/Playground/grex/test/core/routing/routing_providers_test.dart: RoutingProviders currentRouteProvider should provide initial route
00:10 +90 ~12: /Users/nguyenanhkiet/Playground/grex/test/core/routing/routing_providers_test.dart: RoutingProviders navigationStateProvider should provide initial navigation state
00:10 +91 ~12: /Users/nguyenanhkiet/Playground/grex/test/core/routing/routing_providers_test.dart: NavigationState should create navigation state with all properties
00:10 +92 ~12: /Users/nguyenanhkiet/Playground/grex/test/core/routing/routing_providers_test.dart: NavigationState should copy navigation state with updated properties
00:10 +93 ~12: /Users/nguyenanhkiet/Playground/grex/test/core/routing/routing_providers_test.dart: NavigationState should copy navigation state without changes when no parameters provided
00:10 +94 ~12: /Users/nguyenanhkiet/Playground/grex/test/core/routing/routing_providers_test.dart: NavigationStateNotifier should initialize with default state
  Skip: TODO(riverpod): tests instantiate NavigationStateNotifier directly without a ProviderContainer, so the notifier raises "Tried to use a notifier in an uninitialized state". Re-enable after switching to ProviderContainer-based testing.
00:10 +94 ~13: /Users/nguyenanhkiet/Playground/grex/test/core/routing/routing_providers_test.dart: NavigationStateNotifier should update route with all parameters
  Skip: TODO(riverpod): tests instantiate NavigationStateNotifier directly without a ProviderContainer, so the notifier raises "Tried to use a notifier in an uninitialized state". Re-enable after switching to ProviderContainer-based testing.
00:10 +94 ~14: /Users/nguyenanhkiet/Playground/grex/test/core/routing/routing_providers_test.dart: NavigationStateNotifier should update route with partial parameters
  Skip: TODO(riverpod): tests instantiate NavigationStateNotifier directly without a ProviderContainer, so the notifier raises "Tried to use a notifier in an uninitialized state". Re-enable after switching to ProviderContainer-based testing.
00:10 +94 ~15: /Users/nguyenanhkiet/Playground/grex/test/core/routing/routing_providers_test.dart: NavigationStateNotifier should update canPop independently
  Skip: TODO(riverpod): tests instantiate NavigationStateNotifier directly without a ProviderContainer, so the notifier raises "Tried to use a notifier in an uninitialized state". Re-enable after switching to ProviderContainer-based testing.
00:10 +94 ~16: /Users/nguyenanhkiet/Playground/grex/test/core/routing/routing_providers_test.dart: NavigationStateNotifier should maintain state across multiple updates
  Skip: TODO(riverpod): tests instantiate NavigationStateNotifier directly without a ProviderContainer, so the notifier raises "Tried to use a notifier in an uninitialized state". Re-enable after switching to ProviderContainer-based testing.
00:10 +94 ~17: /Users/nguyenanhkiet/Playground/grex/test/core/routing/routing_providers_test.dart: NavigationStateNotifier should work with ProviderContainer
  Skip: TODO(riverpod): tests instantiate NavigationStateNotifier directly without a ProviderContainer, so the notifier raises "Tried to use a notifier in an uninitialized state". Re-enable after switching to ProviderContainer-based testing.
00:10 +94 ~18: /Users/nguyenanhkiet/Playground/grex/test/core/routing/routing_providers_test.dart: NavigationStateNotifier should notify listeners on state changes
  Skip: TODO(riverpod): tests instantiate NavigationStateNotifier directly without a ProviderContainer, so the notifier raises "Tried to use a notifier in an uninitialized state". Re-enable after switching to ProviderContainer-based testing.
00:11 +94 ~19: /Users/nguyenanhkiet/Playground/grex/test/core/services/export_service_property_test.dart: ExportService Property Tests Property 32: Data export includes complete information CSV export contains all group data
  Skip: TODO(test-infra): ExportService writes via path_provider which needs WidgetsFlutterBinding.ensureInitialized() + a fake platform channel for getTemporaryPath. Re-enable after mocking MethodChannelPathProvider in setUpAll.
00:11 +94 ~20: /Users/nguyenanhkiet/Playground/grex/test/core/services/export_service_property_test.dart: ExportService Property Tests Property 32: Data export includes complete information PDF export contains all group data
  Skip: TODO(test-infra): ExportService writes via path_provider which needs WidgetsFlutterBinding.ensureInitialized() + a fake platform channel for getTemporaryPath. Re-enable after mocking MethodChannelPathProvider in setUpAll.
00:11 +94 ~21: /Users/nguyenanhkiet/Playground/grex/test/core/services/export_service_property_test.dart: ExportService Property Tests Property 33: Export sharing options are available Export results provide sharing capabilities
  Skip: TODO(test-infra): ExportService writes via path_provider which needs WidgetsFlutterBinding.ensureInitialized() + a fake platform channel for getTemporaryPath. Re-enable after mocking MethodChannelPathProvider in setUpAll.
00:11 +94 ~22: /Users/nguyenanhkiet/Playground/grex/test/core/services/export_service_property_test.dart: ExportService Property Tests Property 33: Export sharing options are available Export file cleanup works correctly
  Skip: TODO(test-infra): ExportService writes via path_provider which needs WidgetsFlutterBinding.ensureInitialized() + a fake platform channel for getTemporaryPath. Re-enable after mocking MethodChannelPathProvider in setUpAll.
00:11 +94 ~23: /Users/nguyenanhkiet/Playground/grex/test/core/services/export_service_property_test.dart: ExportService Property Tests Export Progress Tracking Progress callback is called with valid values
  Skip: TODO(test-infra): ExportService writes via path_provider which needs WidgetsFlutterBinding.ensureInitialized() + a fake platform channel for getTemporaryPath. Re-enable after mocking MethodChannelPathProvider in setUpAll.
00:11 +94 ~24: /Users/nguyenanhkiet/Playground/grex/test/core/services/real_time_manager_test.dart: RealTimeManager Initialization should initialize and start real-time service
  Skip: TODO(supabase): RealTimeManager wraps SupabaseRealTimeService which depends on a real Supabase client. Re-enable after wiring a fake client or moving these to integration tests.
00:11 +94 ~25: /Users/nguyenanhkiet/Playground/grex/test/core/services/real_time_manager_test.dart: RealTimeManager Initialization should not initialize twice
  Skip: TODO(supabase): RealTimeManager wraps SupabaseRealTimeService which depends on a real Supabase client. Re-enable after wiring a fake client or moving these to integration tests.
00:11 +94 ~26: /Users/nguyenanhkiet/Playground/grex/test/core/services/real_time_manager_test.dart: RealTimeManager Initialization should provide connection state stream
  Skip: TODO(supabase): RealTimeManager wraps SupabaseRealTimeService which depends on a real Supabase client. Re-enable after wiring a fake client or moving these to integration tests.
00:11 +94 ~27: /Users/nguyenanhkiet/Playground/grex/test/core/services/real_time_manager_test.dart: RealTimeManager User Groups Subscription should subscribe to user groups
  Skip: TODO(supabase): RealTimeManager wraps SupabaseRealTimeService which depends on a real Supabase client. Re-enable after wiring a fake client or moving these to integration tests.
00:11 +94 ~28: /Users/nguyenanhkiet/Playground/grex/test/core/services/real_time_manager_test.dart: RealTimeManager User Groups Subscription should return existing stream for same user
  Skip: TODO(supabase): RealTimeManager wraps SupabaseRealTimeService which depends on a real Supabase client. Re-enable after wiring a fake client or moving these to integration tests.
00:11 +94 ~29: /Users/nguyenanhkiet/Playground/grex/test/core/services/real_time_manager_test.dart: RealTimeManager User Groups Subscription should handle data updates for user groups
  Skip: TODO(supabase): RealTimeManager wraps SupabaseRealTimeService which depends on a real Supabase client. Re-enable after wiring a fake client or moving these to integration tests.
00:11 +94 ~30: /Users/nguyenanhkiet/Playground/grex/test/core/services/real_time_manager_test.dart: RealTimeManager Group Members Subscription should subscribe to group members
  Skip: TODO(supabase): RealTimeManager wraps SupabaseRealTimeService which depends on a real Supabase client. Re-enable after wiring a fake client or moving these to integration tests.
00:11 +94 ~31: /Users/nguyenanhkiet/Playground/grex/test/core/services/real_time_manager_test.dart: RealTimeManager Group Members Subscription should handle member updates
  Skip: TODO(supabase): RealTimeManager wraps SupabaseRealTimeService which depends on a real Supabase client. Re-enable after wiring a fake client or moving these to integration tests.
00:11 +94 ~32: /Users/nguyenanhkiet/Playground/grex/test/core/services/real_time_manager_test.dart: RealTimeManager Group Expenses Subscription should subscribe to group expenses
  Skip: TODO(supabase): RealTimeManager wraps SupabaseRealTimeService which depends on a real Supabase client. Re-enable after wiring a fake client or moving these to integration tests.
00:11 +94 ~33: /Users/nguyenanhkiet/Playground/grex/test/core/services/real_time_manager_test.dart: RealTimeManager Group Expenses Subscription should handle expense updates
  Skip: TODO(supabase): RealTimeManager wraps SupabaseRealTimeService which depends on a real Supabase client. Re-enable after wiring a fake client or moving these to integration tests.
00:11 +94 ~34: /Users/nguyenanhkiet/Playground/grex/test/core/services/real_time_manager_test.dart: RealTimeManager Group Payments Subscription should subscribe to group payments
  Skip: TODO(supabase): RealTimeManager wraps SupabaseRealTimeService which depends on a real Supabase client. Re-enable after wiring a fake client or moving these to integration tests.
00:11 +94 ~35: /Users/nguyenanhkiet/Playground/grex/test/core/services/real_time_manager_test.dart: RealTimeManager Group Payments Subscription should handle payment updates
  Skip: TODO(supabase): RealTimeManager wraps SupabaseRealTimeService which depends on a real Supabase client. Re-enable after wiring a fake client or moving these to integration tests.
00:11 +94 ~36: /Users/nguyenanhkiet/Playground/grex/test/core/services/real_time_manager_test.dart: RealTimeManager Group Balances Subscription should subscribe to group balances (expenses and payments)
  Skip: TODO(supabase): RealTimeManager wraps SupabaseRealTimeService which depends on a real Supabase client. Re-enable after wiring a fake client or moving these to integration tests.
00:11 +94 ~37: /Users/nguyenanhkiet/Playground/grex/test/core/services/real_time_manager_test.dart: RealTimeManager Group Balances Subscription should handle balance-affecting updates
  Skip: TODO(supabase): RealTimeManager wraps SupabaseRealTimeService which depends on a real Supabase client. Re-enable after wiring a fake client or moving these to integration tests.
00:11 +94 ~38: /Users/nguyenanhkiet/Playground/grex/test/core/services/real_time_manager_test.dart: RealTimeManager Offline Queue Management should queue changes for offline sync
  Skip: TODO(supabase): RealTimeManager wraps SupabaseRealTimeService which depends on a real Supabase client. Re-enable after wiring a fake client or moving these to integration tests.
00:11 +94 ~39: /Users/nguyenanhkiet/Playground/grex/test/core/services/real_time_manager_test.dart: RealTimeManager Offline Queue Management should provide queued changes count
  Skip: TODO(supabase): RealTimeManager wraps SupabaseRealTimeService which depends on a real Supabase client. Re-enable after wiring a fake client or moving these to integration tests.
00:11 +94 ~40: /Users/nguyenanhkiet/Playground/grex/test/core/services/real_time_manager_test.dart: RealTimeManager Offline Queue Management should sync queued changes
  Skip: TODO(supabase): RealTimeManager wraps SupabaseRealTimeService which depends on a real Supabase client. Re-enable after wiring a fake client or moving these to integration tests.
00:11 +94 ~41: /Users/nguyenanhkiet/Playground/grex/test/core/services/real_time_manager_test.dart: RealTimeManager Offline Queue Management should handle sync errors
  Skip: TODO(supabase): RealTimeManager wraps SupabaseRealTimeService which depends on a real Supabase client. Re-enable after wiring a fake client or moving these to integration tests.
00:11 +94 ~42: /Users/nguyenanhkiet/Playground/grex/test/core/services/real_time_manager_test.dart: RealTimeManager Subscription Management should unsubscribe from specific subscription
  Skip: TODO(supabase): RealTimeManager wraps SupabaseRealTimeService which depends on a real Supabase client. Re-enable after wiring a fake client or moving these to integration tests.
00:11 +94 ~43: /Users/nguyenanhkiet/Playground/grex/test/core/services/real_time_manager_test.dart: RealTimeManager Subscription Management should unsubscribe from all group subscriptions
  Skip: TODO(supabase): RealTimeManager wraps SupabaseRealTimeService which depends on a real Supabase client. Re-enable after wiring a fake client or moving these to integration tests.
00:11 +94 ~44: /Users/nguyenanhkiet/Playground/grex/test/core/services/real_time_manager_test.dart: RealTimeManager Subscription Management should handle unsubscribe from non-existent subscription
  Skip: TODO(supabase): RealTimeManager wraps SupabaseRealTimeService which depends on a real Supabase client. Re-enable after wiring a fake client or moving these to integration tests.
00:11 +94 ~45: /Users/nguyenanhkiet/Playground/grex/test/core/services/real_time_manager_test.dart: RealTimeManager Error Handling should handle subscription errors
  Skip: TODO(supabase): RealTimeManager wraps SupabaseRealTimeService which depends on a real Supabase client. Re-enable after wiring a fake client or moving these to integration tests.
00:11 +94 ~46: /Users/nguyenanhkiet/Playground/grex/test/core/services/real_time_manager_test.dart: RealTimeManager Error Handling should handle closed controller gracefully
  Skip: TODO(supabase): RealTimeManager wraps SupabaseRealTimeService which depends on a real Supabase client. Re-enable after wiring a fake client or moving these to integration tests.
00:11 +94 ~47: /Users/nguyenanhkiet/Playground/grex/test/core/services/real_time_manager_test.dart: RealTimeManager Disposal should dispose all resources
  Skip: TODO(supabase): RealTimeManager wraps SupabaseRealTimeService which depends on a real Supabase client. Re-enable after wiring a fake client or moving these to integration tests.
00:11 +94 ~48: /Users/nguyenanhkiet/Playground/grex/test/core/services/real_time_manager_test.dart: RealTimeManager Disposal should handle multiple dispose calls
  Skip: TODO(supabase): RealTimeManager wraps SupabaseRealTimeService which depends on a real Supabase client. Re-enable after wiring a fake client or moving these to integration tests.
00:11 +94 ~49: /Users/nguyenanhkiet/Playground/grex/test/core/services/real_time_manager_test.dart: RealTimeManager Disposal should not initialize after disposal
  Skip: TODO(supabase): RealTimeManager wraps SupabaseRealTimeService which depends on a real Supabase client. Re-enable after wiring a fake client or moving these to integration tests.
00:11 +94 ~50: /Users/nguyenanhkiet/Playground/grex/test/core/services/export_service_test.dart: ExportService CSV Export should export group data to CSV format successfully
  Skip: TODO(test-infra): ExportService writes via path_provider which needs WidgetsFlutterBinding.ensureInitialized() + a fake platform channel for getTemporaryPath. Re-enable after mocking MethodChannelPathProvider in setUpAll.
00:11 +94 ~51: /Users/nguyenanhkiet/Playground/grex/test/core/services/export_service_test.dart: ExportService CSV Export should handle CSV export with empty data
  Skip: TODO(test-infra): ExportService writes via path_provider which needs WidgetsFlutterBinding.ensureInitialized() + a fake platform channel for getTemporaryPath. Re-enable after mocking MethodChannelPathProvider in setUpAll.
00:11 +94 ~52: /Users/nguyenanhkiet/Playground/grex/test/core/services/export_service_test.dart: ExportService CSV Export should escape CSV special characters correctly
  Skip: TODO(test-infra): ExportService writes via path_provider which needs WidgetsFlutterBinding.ensureInitialized() + a fake platform channel for getTemporaryPath. Re-enable after mocking MethodChannelPathProvider in setUpAll.
00:11 +94 ~53: /Users/nguyenanhkiet/Playground/grex/test/core/services/export_service_test.dart: ExportService PDF Export should export group data to PDF format successfully
  Skip: TODO(test-infra): ExportService writes via path_provider which needs WidgetsFlutterBinding.ensureInitialized() + a fake platform channel for getTemporaryPath. Re-enable after mocking MethodChannelPathProvider in setUpAll.
00:11 +94 ~54: /Users/nguyenanhkiet/Playground/grex/test/core/services/export_service_test.dart: ExportService PDF Export should handle PDF export with large datasets
  Skip: TODO(test-infra): ExportService writes via path_provider which needs WidgetsFlutterBinding.ensureInitialized() + a fake platform channel for getTemporaryPath. Re-enable after mocking MethodChannelPathProvider in setUpAll.
00:11 +94 ~55: /Users/nguyenanhkiet/Playground/grex/test/core/services/export_service_test.dart: ExportService File Management should delete export file successfully
  Skip: TODO(test-infra): ExportService writes via path_provider which needs WidgetsFlutterBinding.ensureInitialized() + a fake platform channel for getTemporaryPath. Re-enable after mocking MethodChannelPathProvider in setUpAll.
00:11 +94 ~56: /Users/nguyenanhkiet/Playground/grex/test/core/services/export_service_test.dart: ExportService File Management should handle deletion of non-existent file gracefully
  Skip: TODO(test-infra): ExportService writes via path_provider which needs WidgetsFlutterBinding.ensureInitialized() + a fake platform channel for getTemporaryPath. Re-enable after mocking MethodChannelPathProvider in setUpAll.
00:11 +94 ~57: /Users/nguyenanhkiet/Playground/grex/test/core/services/export_service_test.dart: ExportService Progress Tracking should call progress callback during CSV export
  Skip: TODO(test-infra): ExportService writes via path_provider which needs WidgetsFlutterBinding.ensureInitialized() + a fake platform channel for getTemporaryPath. Re-enable after mocking MethodChannelPathProvider in setUpAll.
00:11 +94 ~58: /Users/nguyenanhkiet/Playground/grex/test/core/services/export_service_test.dart: ExportService Progress Tracking should call progress callback during PDF export
  Skip: TODO(test-infra): ExportService writes via path_provider which needs WidgetsFlutterBinding.ensureInitialized() + a fake platform channel for getTemporaryPath. Re-enable after mocking MethodChannelPathProvider in setUpAll.
00:11 +94 ~59: /Users/nguyenanhkiet/Playground/grex/test/core/services/export_service_test.dart: ExportService Progress Tracking should work without progress callback
  Skip: TODO(test-infra): ExportService writes via path_provider which needs WidgetsFlutterBinding.ensureInitialized() + a fake platform channel for getTemporaryPath. Re-enable after mocking MethodChannelPathProvider in setUpAll.
00:11 +94 ~60: /Users/nguyenanhkiet/Playground/grex/test/core/services/export_service_test.dart: ExportService Error Handling should handle export errors gracefully
  Skip: TODO(test-infra): ExportService writes via path_provider which needs WidgetsFlutterBinding.ensureInitialized() + a fake platform channel for getTemporaryPath. Re-enable after mocking MethodChannelPathProvider in setUpAll.
00:11 +94 ~61: /Users/nguyenanhkiet/Playground/grex/test/core/services/export_service_test.dart: ExportService Data Formatting should format currency amounts correctly in CSV
  Skip: TODO(test-infra): ExportService writes via path_provider which needs WidgetsFlutterBinding.ensureInitialized() + a fake platform channel for getTemporaryPath. Re-enable after mocking MethodChannelPathProvider in setUpAll.
00:11 +94 ~62: /Users/nguyenanhkiet/Playground/grex/test/core/services/export_service_test.dart: ExportService Data Formatting should format dates correctly in exports
  Skip: TODO(test-infra): ExportService writes via path_provider which needs WidgetsFlutterBinding.ensureInitialized() + a fake platform channel for getTemporaryPath. Re-enable after mocking MethodChannelPathProvider in setUpAll.
00:11 +94 ~63: /Users/nguyenanhkiet/Playground/grex/test/core/services/export_service_test.dart: ExportResult should create success result correctly
00:11 +95 ~63: /Users/nguyenanhkiet/Playground/grex/test/core/services/export_service_test.dart: ExportResult should create error result correctly
00:11 +96 ~63: /Users/nguyenanhkiet/Playground/grex/test/core/services/export_service_test.dart: ExportFormat should have correct display names
00:11 +97 ~63: /Users/nguyenanhkiet/Playground/grex/test/core/services/export_service_test.dart: ExportFormat should have correct file extensions
00:11 +98 ~63: /Users/nguyenanhkiet/Playground/grex/test/core/services/export_service_test.dart: ExportFormat should have correct mime types
00:12 +99 ~63: /Users/nguyenanhkiet/Playground/grex/test/core/services/retry_service_test.dart: RetryService should execute operation successfully on first attempt
00:12 +100 ~63: /Users/nguyenanhkiet/Playground/grex/test/core/services/retry_service_test.dart: RetryService should retry operation on failure and succeed
00:12 +101 ~63: /Users/nguyenanhkiet/Playground/grex/test/core/services/retry_service_test.dart: RetryService should fail after max attempts
00:12 +102 ~63: /Users/nguyenanhkiet/Playground/grex/test/core/services/retry_service_test.dart: RetryService should respect shouldRetry callback
00:12 +103 ~63: /Users/nguyenanhkiet/Playground/grex/test/core/services/retry_service_test.dart: RetryService should call onRetry callback
00:12 +104 ~63: /Users/nguyenanhkiet/Playground/grex/test/core/services/retry_service_test.dart: RetryService should calculate exponential backoff correctly
00:13 +105 ~63: /Users/nguyenanhkiet/Playground/grex/test/core/services/retry_service_test.dart: RetryService should calculate exponential backoff correctly
00:13 +106 ~63: /Users/nguyenanhkiet/Playground/grex/test/core/services/retry_service_test.dart: RetryService should calculate exponential backoff correctly
00:13 +107 ~63: /Users/nguyenanhkiet/Playground/grex/test/core/services/retry_service_test.dart: RetryService should calculate exponential backoff correctly
00:13 +108 ~63: /Users/nguyenanhkiet/Playground/grex/test/core/services/retry_service_test.dart: RetryService should calculate exponential backoff correctly
00:13 +108 ~63: /Users/nguyenanhkiet/Playground/grex/test/core/services/real_time_service_test.dart: SupabaseRealTimeService Service Lifecycle should start service and emit connecting then connected state
  Skip: TODO(supabase): SupabaseRealTimeService depends on a real Supabase client; tests fail at construction because no Supabase instance is initialized in the test binding. Re-enable after wiring a fake Supabase client (or running these as integration tests).
00:13 +108 ~64: /Users/nguyenanhkiet/Playground/grex/test/core/services/retry_service_test.dart: RetryService should calculate exponential backoff correctly
00:13 +108 ~64: /Users/nguyenanhkiet/Playground/grex/test/core/services/real_time_service_test.dart: SupabaseRealTimeService Service Lifecycle should stop service and cleanup subscriptions
  Skip: TODO(supabase): SupabaseRealTimeService depends on a real Supabase client; tests fail at construction because no Supabase instance is initialized in the test binding. Re-enable after wiring a fake Supabase client (or running these as integration tests).
00:13 +108 ~65: /Users/nguyenanhkiet/Playground/grex/test/core/services/retry_service_test.dart: RetryService should calculate exponential backoff correctly
00:13 +108 ~65: /Users/nguyenanhkiet/Playground/grex/test/core/services/real_time_service_test.dart: SupabaseRealTimeService Service Lifecycle should dispose service and close streams
  Skip: TODO(supabase): SupabaseRealTimeService depends on a real Supabase client; tests fail at construction because no Supabase instance is initialized in the test binding. Re-enable after wiring a fake Supabase client (or running these as integration tests).
00:13 +108 ~66: /Users/nguyenanhkiet/Playground/grex/test/core/services/retry_service_test.dart: RetryService should calculate exponential backoff correctly
00:13 +108 ~66: /Users/nguyenanhkiet/Playground/grex/test/core/services/real_time_service_test.dart: SupabaseRealTimeService Table Subscriptions should subscribe to table without filter
  Skip: TODO(supabase): SupabaseRealTimeService depends on a real Supabase client; tests fail at construction because no Supabase instance is initialized in the test binding. Re-enable after wiring a fake Supabase client (or running these as integration tests).
00:13 +108 ~67: /Users/nguyenanhkiet/Playground/grex/test/core/services/retry_service_test.dart: RetryService should calculate exponential backoff correctly
00:13 +108 ~67: /Users/nguyenanhkiet/Playground/grex/test/core/services/real_time_service_test.dart: SupabaseRealTimeService Table Subscriptions should subscribe to table with filter
  Skip: TODO(supabase): SupabaseRealTimeService depends on a real Supabase client; tests fail at construction because no Supabase instance is initialized in the test binding. Re-enable after wiring a fake Supabase client (or running these as integration tests).
00:13 +108 ~68: /Users/nguyenanhkiet/Playground/grex/test/core/services/retry_service_test.dart: RetryService should calculate exponential backoff correctly
00:13 +108 ~68: /Users/nguyenanhkiet/Playground/grex/test/core/services/real_time_service_test.dart: SupabaseRealTimeService Table Subscriptions should handle subscription data callback
  Skip: TODO(supabase): SupabaseRealTimeService depends on a real Supabase client; tests fail at construction because no Supabase instance is initialized in the test binding. Re-enable after wiring a fake Supabase client (or running these as integration tests).
00:13 +108 ~69: /Users/nguyenanhkiet/Playground/grex/test/core/services/retry_service_test.dart: RetryService should calculate exponential backoff correctly
00:13 +108 ~69: /Users/nguyenanhkiet/Playground/grex/test/core/services/real_time_service_test.dart: SupabaseRealTimeService Table Subscriptions should handle subscription error callback
  Skip: TODO(supabase): SupabaseRealTimeService depends on a real Supabase client; tests fail at construction because no Supabase instance is initialized in the test binding. Re-enable after wiring a fake Supabase client (or running these as integration tests).
00:13 +108 ~70: /Users/nguyenanhkiet/Playground/grex/test/core/services/retry_service_test.dart: RetryService should calculate exponential backoff correctly
00:13 +108 ~70: /Users/nguyenanhkiet/Playground/grex/test/core/services/real_time_service_test.dart: SupabaseRealTimeService Table Subscriptions should subscribe to group-specific data
  Skip: TODO(supabase): SupabaseRealTimeService depends on a real Supabase client; tests fail at construction because no Supabase instance is initialized in the test binding. Re-enable after wiring a fake Supabase client (or running these as integration tests).
00:13 +108 ~71: /Users/nguyenanhkiet/Playground/grex/test/core/services/retry_service_test.dart: RetryService should calculate exponential backoff correctly
00:13 +108 ~71: /Users/nguyenanhkiet/Playground/grex/test/core/services/real_time_service_test.dart: SupabaseRealTimeService Table Subscriptions should unsubscribe existing channel when resubscribing
  Skip: TODO(supabase): SupabaseRealTimeService depends on a real Supabase client; tests fail at construction because no Supabase instance is initialized in the test binding. Re-enable after wiring a fake Supabase client (or running these as integration tests).
00:13 +108 ~72: /Users/nguyenanhkiet/Playground/grex/test/core/services/retry_service_test.dart: RetryService should calculate exponential backoff correctly
00:13 +108 ~72: /Users/nguyenanhkiet/Playground/grex/test/core/services/real_time_service_test.dart: SupabaseRealTimeService Offline Queue Management should queue change when offline
  Skip: TODO(supabase): SupabaseRealTimeService depends on a real Supabase client; tests fail at construction because no Supabase instance is initialized in the test binding. Re-enable after wiring a fake Supabase client (or running these as integration tests).
00:13 +108 ~73: /Users/nguyenanhkiet/Playground/grex/test/core/services/retry_service_test.dart: RetryService should calculate exponential backoff correctly
00:13 +108 ~73: /Users/nguyenanhkiet/Playground/grex/test/core/services/real_time_service_test.dart: SupabaseRealTimeService Offline Queue Management should load queued changes on start
  Skip: TODO(supabase): SupabaseRealTimeService depends on a real Supabase client; tests fail at construction because no Supabase instance is initialized in the test binding. Re-enable after wiring a fake Supabase client (or running these as integration tests).
00:13 +108 ~74: /Users/nguyenanhkiet/Playground/grex/test/core/services/retry_service_test.dart: RetryService should calculate exponential backoff correctly
00:13 +108 ~74: /Users/nguyenanhkiet/Playground/grex/test/core/services/real_time_service_test.dart: SupabaseRealTimeService Offline Queue Management should clear queued changes
  Skip: TODO(supabase): SupabaseRealTimeService depends on a real Supabase client; tests fail at construction because no Supabase instance is initialized in the test binding. Re-enable after wiring a fake Supabase client (or running these as integration tests).
00:13 +108 ~75: /Users/nguyenanhkiet/Playground/grex/test/core/services/retry_service_test.dart: RetryService should calculate exponential backoff correctly
00:13 +108 ~75: /Users/nguyenanhkiet/Playground/grex/test/core/services/real_time_service_test.dart: SupabaseRealTimeService Offline Queue Management should limit queue size to prevent memory issues
  Skip: TODO(supabase): SupabaseRealTimeService depends on a real Supabase client; tests fail at construction because no Supabase instance is initialized in the test binding. Re-enable after wiring a fake Supabase client (or running these as integration tests).
00:13 +108 ~76: /Users/nguyenanhkiet/Playground/grex/test/core/services/retry_service_test.dart: RetryService should calculate exponential backoff correctly
00:13 +108 ~76: /Users/nguyenanhkiet/Playground/grex/test/core/services/real_time_service_test.dart: SupabaseRealTimeService Change Synchronization should sync INSERT operation
  Skip: TODO(supabase): SupabaseRealTimeService depends on a real Supabase client; tests fail at construction because no Supabase instance is initialized in the test binding. Re-enable after wiring a fake Supabase client (or running these as integration tests).
00:13 +108 ~77: /Users/nguyenanhkiet/Playground/grex/test/core/services/retry_service_test.dart: RetryService should calculate exponential backoff correctly
00:13 +108 ~77: /Users/nguyenanhkiet/Playground/grex/test/core/services/real_time_service_test.dart: SupabaseRealTimeService Change Synchronization should sync UPDATE operation
  Skip: TODO(supabase): SupabaseRealTimeService depends on a real Supabase client; tests fail at construction because no Supabase instance is initialized in the test binding. Re-enable after wiring a fake Supabase client (or running these as integration tests).
00:13 +108 ~78: /Users/nguyenanhkiet/Playground/grex/test/core/services/retry_service_test.dart: RetryService should calculate exponential backoff correctly
00:13 +108 ~78: /Users/nguyenanhkiet/Playground/grex/test/core/services/real_time_service_test.dart: SupabaseRealTimeService Change Synchronization should sync DELETE operation
  Skip: TODO(supabase): SupabaseRealTimeService depends on a real Supabase client; tests fail at construction because no Supabase instance is initialized in the test binding. Re-enable after wiring a fake Supabase client (or running these as integration tests).
00:13 +108 ~79: /Users/nguyenanhkiet/Playground/grex/test/core/services/retry_service_test.dart: RetryService should calculate exponential backoff correctly
00:13 +108 ~79: /Users/nguyenanhkiet/Playground/grex/test/core/services/real_time_service_test.dart: SupabaseRealTimeService Change Synchronization should remove synced changes from queue
  Skip: TODO(supabase): SupabaseRealTimeService depends on a real Supabase client; tests fail at construction because no Supabase instance is initialized in the test binding. Re-enable after wiring a fake Supabase client (or running these as integration tests).
00:13 +108 ~80: /Users/nguyenanhkiet/Playground/grex/test/core/services/retry_service_test.dart: RetryService should calculate exponential backoff correctly
00:13 +108 ~80: /Users/nguyenanhkiet/Playground/grex/test/core/services/real_time_service_test.dart: SupabaseRealTimeService Change Synchronization should keep changes in queue if sync fails
  Skip: TODO(supabase): SupabaseRealTimeService depends on a real Supabase client; tests fail at construction because no Supabase instance is initialized in the test binding. Re-enable after wiring a fake Supabase client (or running these as integration tests).
00:13 +108 ~81: /Users/nguyenanhkiet/Playground/grex/test/core/services/retry_service_test.dart: RetryService should calculate exponential backoff correctly
00:13 +108 ~81: /Users/nguyenanhkiet/Playground/grex/test/core/services/real_time_service_test.dart: SupabaseRealTimeService Connection State Management should emit connection state changes
  Skip: TODO(supabase): SupabaseRealTimeService depends on a real Supabase client; tests fail at construction because no Supabase instance is initialized in the test binding. Re-enable after wiring a fake Supabase client (or running these as integration tests).
00:13 +108 ~82: /Users/nguyenanhkiet/Playground/grex/test/core/services/retry_service_test.dart: RetryService should calculate exponential backoff correctly
00:13 +108 ~82: /Users/nguyenanhkiet/Playground/grex/test/core/services/real_time_service_test.dart: SupabaseRealTimeService Connection State Management should handle reconnection attempts
  Skip: TODO(supabase): SupabaseRealTimeService depends on a real Supabase client; tests fail at construction because no Supabase instance is initialized in the test binding. Re-enable after wiring a fake Supabase client (or running these as integration tests).
00:13 +108 ~83: /Users/nguyenanhkiet/Playground/grex/test/core/services/retry_service_test.dart: RetryService should calculate exponential backoff correctly
00:13 +108 ~83: /Users/nguyenanhkiet/Playground/grex/test/core/services/real_time_service_test.dart: SupabaseRealTimeService Connection State Management should not start if already disposed
  Skip: TODO(supabase): SupabaseRealTimeService depends on a real Supabase client; tests fail at construction because no Supabase instance is initialized in the test binding. Re-enable after wiring a fake Supabase client (or running these as integration tests).
00:13 +108 ~84: /Users/nguyenanhkiet/Playground/grex/test/core/services/retry_service_test.dart: RetryService should calculate exponential backoff correctly
00:13 +108 ~84: /Users/nguyenanhkiet/Playground/grex/test/core/services/real_time_service_test.dart: SupabaseRealTimeService Error Handling should handle storage errors gracefully
  Skip: TODO(supabase): SupabaseRealTimeService depends on a real Supabase client; tests fail at construction because no Supabase instance is initialized in the test binding. Re-enable after wiring a fake Supabase client (or running these as integration tests).
00:13 +108 ~85: /Users/nguyenanhkiet/Playground/grex/test/core/services/retry_service_test.dart: RetryService should calculate exponential backoff correctly
00:13 +108 ~85: /Users/nguyenanhkiet/Playground/grex/test/core/services/real_time_service_test.dart: SupabaseRealTimeService Error Handling should handle load errors gracefully
  Skip: TODO(supabase): SupabaseRealTimeService depends on a real Supabase client; tests fail at construction because no Supabase instance is initialized in the test binding. Re-enable after wiring a fake Supabase client (or running these as integration tests).
00:13 +108 ~86: /Users/nguyenanhkiet/Playground/grex/test/core/services/retry_service_test.dart: RetryService should calculate exponential backoff correctly
00:13 +109 ~86: /Users/nguyenanhkiet/Playground/grex/test/core/services/retry_service_test.dart: RetryService should calculate exponential backoff correctly
00:13 +110 ~86: /Users/nguyenanhkiet/Playground/grex/test/core/services/retry_service_test.dart: RetryService should calculate exponential backoff correctly
00:13 +111 ~86: /Users/nguyenanhkiet/Playground/grex/test/core/services/retry_service_test.dart: RetryService should calculate exponential backoff correctly
00:13 +112 ~86: /Users/nguyenanhkiet/Playground/grex/test/core/services/real_time_service_property_test.dart: Real-time Service Property Tests Property 22: Offline changes queue for sync should handle queue operations atomically
00:13 +113 ~86: /Users/nguyenanhkiet/Playground/grex/test/core/services/retry_service_test.dart: RetryService should cap delay at maximum
00:13 +114 ~86: /Users/nguyenanhkiet/Playground/grex/test/core/services/retry_service_test.dart: RetryService should cap delay at maximum
00:14 +114 ~86: /Users/nguyenanhkiet/Playground/grex/test/core/widgets/error_display_widget_test.dart: ErrorDisplayWidget should display authentication error correctly
  Skip: TODO(failure-types): test passes feature-level AuthFailure subtypes (InvalidCredentialsFailure from features/auth/domain/entities) but ErrorDisplayWidget pattern-matches on the core/errors/failures.dart AuthFailure hierarchy. Two AuthFailure classes collide — unify the failure types before re-enabling.
00:14 +114 ~87: /Users/nguyenanhkiet/Playground/grex/test/core/services/retry_service_test.dart: RetryService should cap delay at maximum
00:14 +114 ~87: /Users/nguyenanhkiet/Playground/grex/test/core/widgets/error_display_widget_test.dart: ErrorDisplayWidget should display network error correctly
  Skip: TODO(failure-types): test passes feature-level AuthFailure subtypes (InvalidCredentialsFailure from features/auth/domain/entities) but ErrorDisplayWidget pattern-matches on the core/errors/failures.dart AuthFailure hierarchy. Two AuthFailure classes collide — unify the failure types before re-enabling.
00:14 +114 ~88: /Users/nguyenanhkiet/Playground/grex/test/core/services/retry_service_test.dart: RetryService should cap delay at maximum
00:14 +114 ~88: /Users/nguyenanhkiet/Playground/grex/test/core/widgets/error_display_widget_test.dart: ErrorDisplayWidget should display user error correctly
  Skip: TODO(failure-types): test passes feature-level AuthFailure subtypes (InvalidCredentialsFailure from features/auth/domain/entities) but ErrorDisplayWidget pattern-matches on the core/errors/failures.dart AuthFailure hierarchy. Two AuthFailure classes collide — unify the failure types before re-enabling.
00:14 +114 ~89: /Users/nguyenanhkiet/Playground/grex/test/core/services/retry_service_test.dart: RetryService should cap delay at maximum
00:14 +114 ~89: /Users/nguyenanhkiet/Playground/grex/test/core/widgets/error_display_widget_test.dart: ErrorDisplayWidget should display custom message when provided
  Skip: TODO(failure-types): test passes feature-level AuthFailure subtypes (InvalidCredentialsFailure from features/auth/domain/entities) but ErrorDisplayWidget pattern-matches on the core/errors/failures.dart AuthFailure hierarchy. Two AuthFailure classes collide — unify the failure types before re-enabling.
00:14 +114 ~90: /Users/nguyenanhkiet/Playground/grex/test/core/services/retry_service_test.dart: RetryService should cap delay at maximum
00:14 +114 ~90: /Users/nguyenanhkiet/Playground/grex/test/core/widgets/error_display_widget_test.dart: ErrorDisplayWidget should show dismiss button when enabled
  Skip: TODO(failure-types): test passes feature-level AuthFailure subtypes (InvalidCredentialsFailure from features/auth/domain/entities) but ErrorDisplayWidget pattern-matches on the core/errors/failures.dart AuthFailure hierarchy. Two AuthFailure classes collide — unify the failure types before re-enabling.
00:14 +114 ~91: /Users/nguyenanhkiet/Playground/grex/test/core/services/retry_service_test.dart: RetryService should cap delay at maximum
00:14 +114 ~91: /Users/nguyenanhkiet/Playground/grex/test/core/widgets/error_display_widget_test.dart: ErrorDisplayWidget should handle different auth failure types
  Skip: TODO(failure-types): test passes feature-level AuthFailure subtypes (InvalidCredentialsFailure from features/auth/domain/entities) but ErrorDisplayWidget pattern-matches on the core/errors/failures.dart AuthFailure hierarchy. Two AuthFailure classes collide — unify the failure types before re-enabling.
00:14 +114 ~92: /Users/nguyenanhkiet/Playground/grex/test/core/services/retry_service_test.dart: RetryService should cap delay at maximum
00:14 +114 ~92: /Users/nguyenanhkiet/Playground/grex/test/core/widgets/error_display_widget_test.dart: ErrorDisplayWidget should handle generic errors
  Skip: TODO(failure-types): test passes feature-level AuthFailure subtypes (InvalidCredentialsFailure from features/auth/domain/entities) but ErrorDisplayWidget pattern-matches on the core/errors/failures.dart AuthFailure hierarchy. Two AuthFailure classes collide — unify the failure types before re-enabling.
00:14 +114 ~93: /Users/nguyenanhkiet/Playground/grex/test/core/services/retry_service_test.dart: RetryService should cap delay at maximum
00:14 +114 ~93: /Users/nguyenanhkiet/Playground/grex/test/core/widgets/error_display_widget_test.dart: ErrorDisplayWidget should handle null errors gracefully
  Skip: TODO(failure-types): test passes feature-level AuthFailure subtypes (InvalidCredentialsFailure from features/auth/domain/entities) but ErrorDisplayWidget pattern-matches on the core/errors/failures.dart AuthFailure hierarchy. Two AuthFailure classes collide — unify the failure types before re-enabling.
00:14 +114 ~94: /Users/nguyenanhkiet/Playground/grex/test/core/services/retry_service_test.dart: RetryService should cap delay at maximum
00:14 +114 ~94: /Users/nguyenanhkiet/Playground/grex/test/core/widgets/error_display_widget_test.dart: ErrorDisplayWidget should apply correct styling for different error types
  Skip: TODO(failure-types): test passes feature-level AuthFailure subtypes (InvalidCredentialsFailure from features/auth/domain/entities) but ErrorDisplayWidget pattern-matches on the core/errors/failures.dart AuthFailure hierarchy. Two AuthFailure classes collide — unify the failure types before re-enabling.
00:14 +114 ~95: /Users/nguyenanhkiet/Playground/grex/test/core/services/retry_service_test.dart: RetryService should cap delay at maximum
00:14 +115 ~95: /Users/nguyenanhkiet/Playground/grex/test/core/services/retry_service_test.dart: RetryService should cap delay at maximum
00:14 +116 ~95: /Users/nguyenanhkiet/Playground/grex/test/core/services/retry_service_test.dart: RetryService should cap delay at maximum
00:14 +117 ~95: /Users/nguyenanhkiet/Playground/grex/test/core/services/retry_service_test.dart: RetryService should cap delay at maximum
00:14 +118 ~95: /Users/nguyenanhkiet/Playground/grex/test/core/services/retry_service_test.dart: RetryService should cap delay at maximum
00:14 +119 ~95: /Users/nguyenanhkiet/Playground/grex/test/core/services/retry_service_test.dart: RetryService should cap delay at maximum
00:14 +120 ~95: /Users/nguyenanhkiet/Playground/grex/test/core/services/retry_service_test.dart: RetryService should cap delay at maximum
00:14 +121 ~95: /Users/nguyenanhkiet/Playground/grex/test/core/services/retry_service_test.dart: RetryService should cap delay at maximum
00:14 +122 ~95: /Users/nguyenanhkiet/Playground/grex/test/core/services/retry_service_test.dart: RetryService should cap delay at maximum
00:14 +123 ~95: /Users/nguyenanhkiet/Playground/grex/test/core/services/retry_service_test.dart: RetryService should cap delay at maximum
00:14 +124 ~95: /Users/nguyenanhkiet/Playground/grex/test/core/services/retry_service_test.dart: RetryService should cap delay at maximum
00:14 +125 ~95: /Users/nguyenanhkiet/Playground/grex/test/core/services/retry_service_test.dart: RetryService should cap delay at maximum
00:14 +126 ~95: /Users/nguyenanhkiet/Playground/grex/test/core/services/retry_service_test.dart: RetryService should cap delay at maximum
00:14 +127 ~95: /Users/nguyenanhkiet/Playground/grex/test/core/services/retry_service_test.dart: RetryService should cap delay at maximum
00:14 +128 ~95: /Users/nguyenanhkiet/Playground/grex/test/core/services/retry_service_test.dart: RetryService should cap delay at maximum
00:14 +129 ~95: /Users/nguyenanhkiet/Playground/grex/test/core/services/retry_service_test.dart: RetryService should cap delay at maximum
00:14 +130 ~95: /Users/nguyenanhkiet/Playground/grex/test/core/services/retry_service_test.dart: RetryService should cap delay at maximum
00:15 +131 ~95: /Users/nguyenanhkiet/Playground/grex/test/core/services/retry_service_test.dart: RetryService should cap delay at maximum
00:15 +132 ~95: /Users/nguyenanhkiet/Playground/grex/test/core/services/retry_service_test.dart: RetryService should cap delay at maximum
00:15 +133 ~95: /Users/nguyenanhkiet/Playground/grex/test/core/services/retry_service_test.dart: RetryService should cap delay at maximum
00:15 +134 ~95: /Users/nguyenanhkiet/Playground/grex/test/core/services/retry_service_test.dart: RetryService should cap delay at maximum
00:15 +135 ~95: /Users/nguyenanhkiet/Playground/grex/test/core/services/retry_service_test.dart: RetryService should cap delay at maximum
00:15 +136 ~95: /Users/nguyenanhkiet/Playground/grex/test/core/services/retry_service_test.dart: RetryService should cap delay at maximum
00:15 +137 ~95: /Users/nguyenanhkiet/Playground/grex/test/core/services/retry_service_test.dart: RetryService should cap delay at maximum
00:15 +138 ~95: /Users/nguyenanhkiet/Playground/grex/test/core/services/retry_service_test.dart: RetryService should cap delay at maximum
00:15 +139 ~95: /Users/nguyenanhkiet/Playground/grex/test/core/services/retry_service_test.dart: RetryService should cap delay at maximum
00:15 +140 ~95: /Users/nguyenanhkiet/Playground/grex/test/core/services/retry_service_test.dart: RetryService should cap delay at maximum
00:15 +141 ~95: /Users/nguyenanhkiet/Playground/grex/test/core/services/retry_service_test.dart: RetryService should cap delay at maximum
00:15 +142 ~95: /Users/nguyenanhkiet/Playground/grex/test/core/services/retry_service_test.dart: RetryService should cap delay at maximum
00:15 +143 ~95: /Users/nguyenanhkiet/Playground/grex/test/core/services/retry_service_test.dart: RetryService should cap delay at maximum
00:15 +144 ~95: /Users/nguyenanhkiet/Playground/grex/test/core/services/retry_service_test.dart: RetryService should cap delay at maximum
00:15 +145 ~95: /Users/nguyenanhkiet/Playground/grex/test/core/services/retry_service_test.dart: RetryService should cap delay at maximum
00:15 +146 ~95: /Users/nguyenanhkiet/Playground/grex/test/core/services/retry_service_test.dart: RetryService should cap delay at maximum
00:15 +147 ~95: /Users/nguyenanhkiet/Playground/grex/test/core/services/retry_service_test.dart: RetryService should cap delay at maximum
00:15 +148 ~95: /Users/nguyenanhkiet/Playground/grex/test/core/services/retry_service_test.dart: RetryService should cap delay at maximum
00:15 +149 ~95: /Users/nguyenanhkiet/Playground/grex/test/core/services/retry_service_test.dart: RetryService should cap delay at maximum
00:15 +150 ~95: /Users/nguyenanhkiet/Playground/grex/test/core/services/retry_service_test.dart: RetryService should cap delay at maximum
00:15 +151 ~95: /Users/nguyenanhkiet/Playground/grex/test/core/services/retry_service_test.dart: RetryService should cap delay at maximum
00:15 +152 ~95: /Users/nguyenanhkiet/Playground/grex/test/core/services/retry_service_test.dart: RetryService should cap delay at maximum
00:15 +153 ~95: /Users/nguyenanhkiet/Playground/grex/test/core/services/retry_service_test.dart: RetryService should cap delay at maximum
00:15 +154 ~95: /Users/nguyenanhkiet/Playground/grex/test/core/services/retry_service_test.dart: RetryService should cap delay at maximum
00:15 +155 ~95: /Users/nguyenanhkiet/Playground/grex/test/core/services/retry_service_test.dart: RetryService should cap delay at maximum
00:15 +156 ~95: /Users/nguyenanhkiet/Playground/grex/test/core/services/retry_service_test.dart: RetryService should cap delay at maximum
00:15 +157 ~95: /Users/nguyenanhkiet/Playground/grex/test/core/services/retry_service_test.dart: RetryService should cap delay at maximum
00:15 +158 ~95: /Users/nguyenanhkiet/Playground/grex/test/core/services/retry_service_test.dart: RetryService should cap delay at maximum
00:15 +159 ~95: /Users/nguyenanhkiet/Playground/grex/test/core/services/retry_service_test.dart: RetryService should cap delay at maximum
00:15 +160 ~95: /Users/nguyenanhkiet/Playground/grex/test/core/services/retry_service_test.dart: RetryService should cap delay at maximum
00:15 +161 ~95: /Users/nguyenanhkiet/Playground/grex/test/core/services/retry_service_test.dart: RetryService should cap delay at maximum
00:15 +162 ~95: /Users/nguyenanhkiet/Playground/grex/test/core/services/retry_service_test.dart: RetryService should cap delay at maximum
00:15 +163 ~95: /Users/nguyenanhkiet/Playground/grex/test/core/services/retry_service_test.dart: RetryService should cap delay at maximum
00:15 +164 ~95: /Users/nguyenanhkiet/Playground/grex/test/core/services/retry_service_test.dart: RetryService should cap delay at maximum
00:15 +165 ~95: /Users/nguyenanhkiet/Playground/grex/test/core/services/retry_service_test.dart: RetryService should cap delay at maximum
00:15 +166 ~95: /Users/nguyenanhkiet/Playground/grex/test/core/services/retry_service_test.dart: RetryService should cap delay at maximum
00:15 +167 ~95: /Users/nguyenanhkiet/Playground/grex/test/core/services/retry_service_test.dart: RetryService should cap delay at maximum
00:15 +168 ~95: /Users/nguyenanhkiet/Playground/grex/test/core/services/retry_service_test.dart: RetryService should cap delay at maximum
00:15 +169 ~95: /Users/nguyenanhkiet/Playground/grex/test/core/services/retry_service_test.dart: RetryService should cap delay at maximum
00:15 +170 ~95: /Users/nguyenanhkiet/Playground/grex/test/core/services/retry_service_test.dart: RetryService should cap delay at maximum
00:15 +171 ~95: /Users/nguyenanhkiet/Playground/grex/test/core/services/retry_service_test.dart: RetryService should cap delay at maximum
00:15 +172 ~95: /Users/nguyenanhkiet/Playground/grex/test/core/services/retry_service_test.dart: RetryService should cap delay at maximum
00:15 +173 ~95: /Users/nguyenanhkiet/Playground/grex/test/core/services/retry_service_test.dart: RetryService should cap delay at maximum
00:15 +174 ~95: /Users/nguyenanhkiet/Playground/grex/test/core/services/retry_service_test.dart: RetryService should cap delay at maximum
00:16 +175 ~95: /Users/nguyenanhkiet/Playground/grex/test/core/services/retry_service_test.dart: RetryService shouldRetryError should retry network errors
00:16 +176 ~95: /Users/nguyenanhkiet/Playground/grex/test/core/services/retry_service_test.dart: RetryService shouldRetryError should retry timeout errors
00:16 +177 ~95: /Users/nguyenanhkiet/Playground/grex/test/core/services/retry_service_test.dart: RetryService shouldRetryError should retry connection errors
00:16 +178 ~95: /Users/nguyenanhkiet/Playground/grex/test/core/services/retry_service_test.dart: RetryService shouldRetryError should not retry auth errors
00:16 +179 ~95: /Users/nguyenanhkiet/Playground/grex/test/core/services/retry_service_test.dart: RetryService shouldRetryError should not retry validation errors
00:16 +180 ~95: /Users/nguyenanhkiet/Playground/grex/test/core/services/retry_service_test.dart: RetryService shouldRetryError should not retry unknown errors by default
00:16 +181 ~95: /Users/nguyenanhkiet/Playground/grex/test/core/services/retry_service_test.dart: RetryService RetryConfigs should have predefined network config
00:16 +182 ~95: /Users/nguyenanhkiet/Playground/grex/test/core/services/retry_service_test.dart: RetryService RetryConfigs should have predefined auth config
00:16 +183 ~95: /Users/nguyenanhkiet/Playground/grex/test/core/services/retry_service_test.dart: RetryService RetryConfigs should have predefined database config
00:16 +184 ~95: /Users/nguyenanhkiet/Playground/grex/test/core/services/retry_service_test.dart: RetryService RetryConfigs should have predefined quick config
00:16 +185 ~95: /Users/nguyenanhkiet/Playground/grex/test/core/services/retry_service_test.dart: RetryService should handle async operations correctly
00:16 +186 ~95: /Users/nguyenanhkiet/Playground/grex/test/core/services/retry_service_test.dart: RetryService should handle different return types
00:17 +187 ~95: /Users/nguyenanhkiet/Playground/grex/test/features/feature_flags/data/repositories/feature_flags_repository_impl_test.dart: FeatureFlagsRepositoryImpl getFlag should return local override when available
00:17 +188 ~95: /Users/nguyenanhkiet/Playground/grex/test/features/feature_flags/data/repositories/feature_flags_repository_impl_test.dart: FeatureFlagsRepositoryImpl getFlag should return remote config when local override not available
00:17 +189 ~95: /Users/nguyenanhkiet/Playground/grex/test/features/feature_flags/data/repositories/feature_flags_repository_impl_test.dart: FeatureFlagsRepositoryImpl getFlag should return local flag when remote and override not available
00:17 +190 ~95: /Users/nguyenanhkiet/Playground/grex/test/features/feature_flags/data/repositories/feature_flags_repository_impl_test.dart: FeatureFlagsRepositoryImpl getFlag should return local flag from LocalFeatureFlagsService when available
00:17 +191 ~95: /Users/nguyenanhkiet/Playground/grex/test/features/feature_flags/data/repositories/feature_flags_repository_impl_test.dart: FeatureFlagsRepositoryImpl getFlag should return NotFoundFailure when flag not found
00:17 +192 ~95: /Users/nguyenanhkiet/Playground/grex/test/features/feature_flags/data/repositories/feature_flags_repository_impl_test.dart: FeatureFlagsRepositoryImpl getFlag should handle exceptions and map to failures
00:17 +193 ~95: /Users/nguyenanhkiet/Playground/grex/test/features/feature_flags/data/repositories/feature_flags_repository_impl_test.dart: FeatureFlagsRepositoryImpl getFlags should return map of flags for multiple keys
00:17 +194 ~95: /Users/nguyenanhkiet/Playground/grex/test/features/feature_flags/data/repositories/feature_flags_repository_impl_test.dart: FeatureFlagsRepositoryImpl getFlags should skip flags that do not exist
00:17 +195 ~95: /Users/nguyenanhkiet/Playground/grex/test/features/feature_flags/data/repositories/feature_flags_repository_impl_test.dart: FeatureFlagsRepositoryImpl getFlags should handle exceptions
00:17 +196 ~95: /Users/nguyenanhkiet/Playground/grex/test/features/feature_flags/data/repositories/feature_flags_repository_impl_test.dart: FeatureFlagsRepositoryImpl getFlags should throw exception when getFlag returns non-NotFoundFailure
00:17 +197 ~95: /Users/nguyenanhkiet/Playground/grex/test/features/feature_flags/data/repositories/feature_flags_repository_impl_test.dart: FeatureFlagsRepositoryImpl getAllFlags should return all flags with correct priority
00:17 +198 ~95: /Users/nguyenanhkiet/Playground/grex/test/features/feature_flags/data/repositories/feature_flags_repository_impl_test.dart: FeatureFlagsRepositoryImpl getAllFlags should handle exceptions
00:17 +199 ~95: /Users/nguyenanhkiet/Playground/grex/test/features/feature_flags/data/services/local_feature_flags_service_test.dart: LocalFeatureFlagsService getLocalFlag should return flag with compile-time default
00:17 +200 ~95: /Users/nguyenanhkiet/Playground/grex/test/features/feature_flags/data/services/local_feature_flags_service_test.dart: LocalFeatureFlagsService getLocalFlag should return flag with compile-time default
00:17 +201 ~95: /Users/nguyenanhkiet/Playground/grex/test/features/feature_flags/data/services/local_feature_flags_service_test.dart: LocalFeatureFlagsService getLocalFlag should return flag with compile-time default
00:17 +202 ~95: /Users/nguyenanhkiet/Playground/grex/test/features/feature_flags/data/services/local_feature_flags_service_test.dart: LocalFeatureFlagsService getLocalFlag should return flag with compile-time default
00:17 +203 ~95: /Users/nguyenanhkiet/Playground/grex/test/features/feature_flags/data/services/local_feature_flags_service_test.dart: LocalFeatureFlagsService getLocalFlag should return flag with compile-time default
00:17 +204 ~95: /Users/nguyenanhkiet/Playground/grex/test/features/feature_flags/data/services/local_feature_flags_service_test.dart: LocalFeatureFlagsService getLocalFlag should return flag with compile-time default
00:17 +205 ~95: /Users/nguyenanhkiet/Playground/grex/test/features/feature_flags/data/services/local_feature_flags_service_test.dart: LocalFeatureFlagsService getLocalFlag should return flag with compile-time default
00:17 +206 ~95: /Users/nguyenanhkiet/Playground/grex/test/features/feature_flags/data/services/local_feature_flags_service_test.dart: LocalFeatureFlagsService getLocalFlag should return flag with compile-time default
00:17 +207 ~95: /Users/nguyenanhkiet/Playground/grex/test/features/feature_flags/data/services/local_feature_flags_service_test.dart: LocalFeatureFlagsService getLocalFlag should return flag with compile-time default
00:17 +208 ~95: /Users/nguyenanhkiet/Playground/grex/test/features/feature_flags/data/services/local_feature_flags_service_test.dart: LocalFeatureFlagsService getLocalFlag should return flag with compile-time default
00:17 +209 ~95: /Users/nguyenanhkiet/Playground/grex/test/features/feature_flags/data/services/local_feature_flags_service_test.dart: LocalFeatureFlagsService getLocalFlag should return flag with compile-time default
00:17 +210 ~95: /Users/nguyenanhkiet/Playground/grex/test/features/feature_flags/data/repositories/feature_flags_repository_impl_test.dart: FeatureFlagsRepositoryImpl isEnabled should handle exceptions
00:17 +211 ~95: /Users/nguyenanhkiet/Playground/grex/test/features/feature_flags/data/services/local_feature_flags_service_test.dart: LocalFeatureFlagsService getLocalFlag should return flag with debug default in debug mode
00:17 +212 ~95: /Users/nguyenanhkiet/Playground/grex/test/features/feature_flags/data/repositories/feature_flags_repository_impl_test.dart: FeatureFlagsRepositoryImpl initialize should initialize remote data source and fetch flags
00:17 +213 ~95: /Users/nguyenanhkiet/Playground/grex/test/features/feature_flags/data/repositories/feature_flags_repository_impl_test.dart: FeatureFlagsRepositoryImpl initialize should initialize remote data source and fetch flags
00:17 +214 ~95: /Users/nguyenanhkiet/Playground/grex/test/features/feature_flags/data/services/local_feature_flags_service_test.dart: LocalFeatureFlagsService getLocalFlag should return null when no defaults provided
00:17 +215 ~95: /Users/nguyenanhkiet/Playground/grex/test/features/feature_flags/data/repositories/feature_flags_repository_impl_test.dart: FeatureFlagsRepositoryImpl initialize should handle exceptions during initialization
00:17 +216 ~95: /Users/nguyenanhkiet/Playground/grex/test/features/feature_flags/data/services/local_feature_flags_service_test.dart: LocalFeatureFlagsService getLocalFlag should prioritize build mode over compile-time default
00:17 +217 ~95: /Users/nguyenanhkiet/Playground/grex/test/features/feature_flags/data/repositories/feature_flags_repository_impl_test.dart: FeatureFlagsRepositoryImpl initialize should handle exceptions during fetch
00:17 +218 ~95: /Users/nguyenanhkiet/Playground/grex/test/features/feature_flags/data/services/local_feature_flags_service_test.dart: LocalFeatureFlagsService getAllLocalFlags should return map of local flags
00:17 +219 ~95: /Users/nguyenanhkiet/Playground/grex/test/features/feature_flags/data/repositories/feature_flags_repository_impl_test.dart: FeatureFlagsRepositoryImpl initialize should handle non-Exception errors during initialization
00:17 +220 ~95: /Users/nguyenanhkiet/Playground/grex/test/features/feature_flags/data/services/local_feature_flags_service_test.dart: LocalFeatureFlagsService getAllLocalFlags should include debug menu flag
00:17 +221 ~95: /Users/nguyenanhkiet/Playground/grex/test/features/feature_flags/data/repositories/feature_flags_repository_impl_test.dart: FeatureFlagsRepositoryImpl Object catch blocks getFlag should handle non-Exception errors
00:17 +222 ~95: /Users/nguyenanhkiet/Playground/grex/test/features/feature_flags/data/services/local_feature_flags_service_test.dart: LocalFeatureFlagsService getAllLocalFlags should include experimental features flag
00:17 +223 ~95: /Users/nguyenanhkiet/Playground/grex/test/features/feature_flags/data/repositories/feature_flags_repository_impl_test.dart: FeatureFlagsRepositoryImpl Object catch blocks getFlags should handle non-Exception errors
00:17 +224 ~95: /Users/nguyenanhkiet/Playground/grex/test/features/feature_flags/data/services/local_feature_flags_service_test.dart: LocalFeatureFlagsService getAllLocalFlags should skip flags that return null from getLocalFlag
00:17 +225 ~95: /Users/nguyenanhkiet/Playground/grex/test/features/feature_flags/data/repositories/feature_flags_repository_impl_test.dart: FeatureFlagsRepositoryImpl Object catch blocks getAllFlags should handle non-Exception errors
00:17 +226 ~95: /Users/nguyenanhkiet/Playground/grex/test/features/feature_flags/data/services/local_feature_flags_service_test.dart: LocalFeatureFlagsService getAllLocalFlags should return empty map when no flag definitions exist
00:17 +227 ~95: /Users/nguyenanhkiet/Playground/grex/test/features/feature_flags/data/repositories/feature_flags_repository_impl_test.dart: FeatureFlagsRepositoryImpl Object catch blocks refreshRemoteFlags should handle non-Exception errors
00:17 +228 ~95: /Users/nguyenanhkiet/Playground/grex/test/features/feature_flags/data/repositories/feature_flags_repository_impl_test.dart: FeatureFlagsRepositoryImpl Object catch blocks refreshRemoteFlags should handle non-Exception errors
00:17 +229 ~95: /Users/nguyenanhkiet/Playground/grex/test/features/feature_flags/data/services/local_feature_flags_service_test.dart: LocalFeatureFlagsService LocalFlagDefinition should create definition with minimal properties
00:17 +230 ~95: /Users/nguyenanhkiet/Playground/grex/test/features/feature_flags/data/repositories/feature_flags_repository_impl_test.dart: FeatureFlagsRepositoryImpl Object catch blocks setLocalOverride should handle non-Exception errors
00:17 +231 ~95: /Users/nguyenanhkiet/Playground/grex/test/features/feature_flags/data/repositories/feature_flags_repository_impl_test.dart: FeatureFlagsRepositoryImpl Object catch blocks clearLocalOverride should handle non-Exception errors
00:17 +232 ~95: /Users/nguyenanhkiet/Playground/grex/test/features/feature_flags/data/repositories/feature_flags_repository_impl_test.dart: FeatureFlagsRepositoryImpl Object catch blocks clearAllLocalOverrides should handle non-Exception errors
00:17 +233 ~95: /Users/nguyenanhkiet/Playground/grex/test/features/feature_flags/data/repositories/feature_flags_repository_impl_test.dart: FeatureFlagsRepositoryImpl Object catch blocks isEnabled should handle non-Exception errors
00:17 +234 ~95: /Users/nguyenanhkiet/Playground/grex/test/features/feature_flags/data/repositories/feature_flags_repository_impl_test.dart: FeatureFlagsRepositoryImpl Object catch blocks initialize should handle non-Exception errors during fetch
00:17 +235 ~95: /Users/nguyenanhkiet/Playground/grex/test/features/feature_flags/domain/entities/feature_flag_test.dart: FeatureFlag should create feature flag with required fields
00:17 +236 ~95: /Users/nguyenanhkiet/Playground/grex/test/features/feature_flags/domain/entities/feature_flag_test.dart: FeatureFlag should create feature flag with all fields
00:17 +237 ~95: /Users/nguyenanhkiet/Playground/grex/test/features/feature_flags/domain/entities/feature_flag_test.dart: FeatureFlag should create feature flag with false value
00:17 +238 ~95: /Users/nguyenanhkiet/Playground/grex/test/features/feature_flags/domain/entities/feature_flag_test.dart: FeatureFlag copyWith should return new flag with same values when no changes
00:17 +239 ~95: /Users/nguyenanhkiet/Playground/grex/test/features/feature_flags/domain/entities/feature_flag_test.dart: FeatureFlag copyWith should update key
00:17 +240 ~95: /Users/nguyenanhkiet/Playground/grex/test/features/feature_flags/domain/entities/feature_flag_test.dart: FeatureFlag copyWith should update value
00:17 +241 ~95: /Users/nguyenanhkiet/Playground/grex/test/features/feature_flags/domain/entities/feature_flag_test.dart: FeatureFlag copyWith should update source
00:17 +242 ~95: /Users/nguyenanhkiet/Playground/grex/test/features/feature_flags/domain/entities/feature_flag_test.dart: FeatureFlag copyWith should update description
00:17 +243 ~95: /Users/nguyenanhkiet/Playground/grex/test/features/feature_flags/domain/entities/feature_flag_test.dart: FeatureFlag copyWith should keep original description when null is passed
00:17 +244 ~95: /Users/nguyenanhkiet/Playground/grex/test/features/feature_flags/domain/entities/feature_flag_test.dart: FeatureFlag copyWith should update defaultValue
00:17 +245 ~95: /Users/nguyenanhkiet/Playground/grex/test/features/feature_flags/domain/entities/feature_flag_test.dart: FeatureFlag copyWith should update lastUpdated
00:17 +246 ~95: /Users/nguyenanhkiet/Playground/grex/test/features/feature_flags/domain/entities/feature_flag_test.dart: FeatureFlag copyWith should update multiple fields
00:17 +247 ~95: /Users/nguyenanhkiet/Playground/grex/test/features/feature_flags/domain/entities/feature_flag_test.dart: FeatureFlag equality should be equal when key, value, and source are same
00:17 +248 ~95: /Users/nguyenanhkiet/Playground/grex/test/features/feature_flags/domain/entities/feature_flag_test.dart: FeatureFlag equality should not be equal when key is different
00:17 +249 ~95: /Users/nguyenanhkiet/Playground/grex/test/features/feature_flags/domain/entities/feature_flag_test.dart: FeatureFlag equality should not be equal when value is different
00:17 +250 ~95: /Users/nguyenanhkiet/Playground/grex/test/features/feature_flags/domain/entities/feature_flag_test.dart: FeatureFlag equality should not be equal when source is different
00:17 +251 ~95: /Users/nguyenanhkiet/Playground/grex/test/features/feature_flags/domain/entities/feature_flag_test.dart: FeatureFlag equality should be equal to itself
00:17 +252 ~95: /Users/nguyenanhkiet/Playground/grex/test/features/feature_flags/domain/entities/feature_flag_test.dart: FeatureFlag equality should not be equal to null
00:17 +253 ~95: /Users/nguyenanhkiet/Playground/grex/test/features/feature_flags/domain/entities/feature_flag_test.dart: FeatureFlag equality should not be equal to different type
00:17 +254 ~95: /Users/nguyenanhkiet/Playground/grex/test/features/feature_flags/domain/entities/feature_flag_test.dart: FeatureFlag equality should ignore description, defaultValue, and lastUpdated in equality
00:17 +255 ~95: /Users/nguyenanhkiet/Playground/grex/test/features/feature_flags/domain/entities/feature_flag_test.dart: FeatureFlag hashCode should have same hashCode for equal flags
00:17 +256 ~95: /Users/nguyenanhkiet/Playground/grex/test/features/feature_flags/domain/entities/feature_flag_test.dart: FeatureFlag hashCode should have different hashCode for different keys
00:17 +257 ~95: /Users/nguyenanhkiet/Playground/grex/test/features/feature_flags/domain/entities/feature_flag_test.dart: FeatureFlag hashCode should have different hashCode for different values
00:17 +258 ~95: /Users/nguyenanhkiet/Playground/grex/test/features/feature_flags/domain/entities/feature_flag_test.dart: FeatureFlag hashCode should have different hashCode for different sources
00:17 +259 ~95: /Users/nguyenanhkiet/Playground/grex/test/features/feature_flags/domain/entities/feature_flag_test.dart: FeatureFlag toString should return string representation
00:17 +260 ~95: /Users/nguyenanhkiet/Playground/grex/test/features/feature_flags/domain/entities/feature_flag_test.dart: FeatureFlag toString should include all relevant fields in toString
00:17 +261 ~95: /Users/nguyenanhkiet/Playground/grex/test/features/feature_flags/domain/entities/feature_flag_test.dart: FeatureFlag FeatureFlagSource enum should have all expected values
00:17 +262 ~95: /Users/nguyenanhkiet/Playground/grex/test/features/feature_flags/domain/entities/feature_flag_test.dart: FeatureFlag FeatureFlagSource enum should work with all source types
00:17 +263 ~95: /Users/nguyenanhkiet/Playground/grex/test/features/feature_flags/domain/entities/feature_flag_test.dart: FeatureFlag edge cases should handle empty key
00:17 +264 ~95: /Users/nguyenanhkiet/Playground/grex/test/features/feature_flags/domain/entities/feature_flag_test.dart: FeatureFlag edge cases should handle long key
00:17 +265 ~95: /Users/nguyenanhkiet/Playground/grex/test/features/feature_flags/domain/entities/feature_flag_test.dart: FeatureFlag edge cases should handle special characters in key
00:17 +266 ~95: /Users/nguyenanhkiet/Playground/grex/test/features/feature_flags/domain/entities/feature_flag_test.dart: FeatureFlag edge cases should handle unicode characters in key
00:17 +267 ~95: /Users/nguyenanhkiet/Playground/grex/test/features/feature_flags/domain/entities/feature_flag_test.dart: FeatureFlag edge cases should handle null description
00:17 +268 ~95: /Users/nguyenanhkiet/Playground/grex/test/features/feature_flags/domain/entities/feature_flag_test.dart: FeatureFlag edge cases should handle empty description
00:17 +269 ~95: /Users/nguyenanhkiet/Playground/grex/test/features/feature_flags/domain/entities/feature_flag_test.dart: FeatureFlag edge cases should handle null defaultValue
00:17 +270 ~95: /Users/nguyenanhkiet/Playground/grex/test/features/feature_flags/domain/entities/feature_flag_test.dart: FeatureFlag edge cases should handle null lastUpdated
00:17 +271 ~95: /Users/nguyenanhkiet/Playground/grex/test/features/feature_flags/domain/entities/feature_flag_test.dart: FeatureFlag immutability should be immutable (final fields)
00:17 +272 ~95: /Users/nguyenanhkiet/Playground/grex/test/features/feature_flags/domain/entities/feature_flag_test.dart: FeatureFlag immutability should allow instances in collections
00:18 +273 ~95: /Users/nguyenanhkiet/Playground/grex/test/features/feature_flags/presentation/providers/feature_flags_providers_test.dart: Feature Flags Providers Data Source Providers featureFlagsLocalDataSourceProvider should provide FeatureFlagsLocalDataSource
00:19 +274 ~95: /Users/nguyenanhkiet/Playground/grex/test/features/feature_flags/presentation/providers/feature_flags_providers_test.dart: Feature Flags Providers Data Source Providers featureFlagsRemoteDataSourceProvider should provide FeatureFlagsRemoteDataSource
00:19 +275 ~95: /Users/nguyenanhkiet/Playground/grex/test/features/feature_flags/presentation/providers/feature_flags_providers_test.dart: Feature Flags Providers Repository Provider featureFlagsRepositoryProvider should provide FeatureFlagsRepository
00:19 +276 ~95: /Users/nguyenanhkiet/Playground/grex/test/features/feature_flags/presentation/providers/feature_flags_providers_test.dart: Feature Flags Providers Manager Provider featureFlagsManagerProvider should provide FeatureFlagsManager
00:19 +277 ~95: /Users/nguyenanhkiet/Playground/grex/test/features/feature_flags/presentation/providers/feature_flags_providers_test.dart: Feature Flags Providers Initialization Provider featureFlagsInitializationProvider should initialize repository
00:19 +278 ~95: /Users/nguyenanhkiet/Playground/grex/test/features/feature_flags/presentation/providers/feature_flags_providers_test.dart: Feature Flags Providers Feature Flag Providers isFeatureEnabledProvider should provide boolean for feature key
00:19 +279 ~95: /Users/nguyenanhkiet/Playground/grex/test/features/feature_flags/presentation/providers/feature_flags_providers_test.dart: Feature Flags Providers Feature Flag Providers featureFlagProvider should provide FeatureFlag for feature key
00:19 +280 ~95: /Users/nguyenanhkiet/Playground/grex/test/features/feature_flags/presentation/providers/feature_flags_providers_test.dart: Feature Flags Providers Feature Flag Providers allFeatureFlagsProvider should provide map of feature flags
00:19 +281 ~95: /Users/nguyenanhkiet/Playground/grex/test/features/feature_flags/presentation/providers/feature_flags_providers_test.dart: Feature Flags Providers Feature Flag Providers allFeatureFlagsProvider should return empty map on failure
00:19 +282 ~95: /Users/nguyenanhkiet/Playground/grex/test/features/feature_flags/presentation/screens/feature_flags_debug_screen_test.dart: (setUpAll)
00:19 +282 ~95: /Users/nguyenanhkiet/Playground/grex/test/features/feature_flags/presentation/screens/feature_flags_debug_screen_test.dart: FeatureFlagsDebugScreen should display app bar with title
00:20 +282 ~95: /Users/nguyenanhkiet/Playground/grex/test/features/payments/domain/repositories/payment_repository_property_test.dart: PaymentRepository Property Tests placeholder
  Skip: TODO(mockito-null-safety): rewrite using @GenerateMocks or mocktail any<T>() so argument types match Supabase builder signatures.
00:20 +282 ~96: /Users/nguyenanhkiet/Playground/grex/test/features/feature_flags/presentation/screens/feature_flags_debug_screen_test.dart: FeatureFlagsDebugScreen should display app bar with title
00:20 +283 ~96: /Users/nguyenanhkiet/Playground/grex/test/features/feature_flags/presentation/screens/feature_flags_debug_screen_test.dart: FeatureFlagsDebugScreen should display app bar with title
00:20 +284 ~96: /Users/nguyenanhkiet/Playground/grex/test/features/feature_flags/presentation/screens/feature_flags_debug_screen_test.dart: FeatureFlagsDebugScreen should display app bar with title
00:20 +285 ~96: /Users/nguyenanhkiet/Playground/grex/test/features/feature_flags/presentation/screens/feature_flags_debug_screen_test.dart: FeatureFlagsDebugScreen should display app bar with title
00:20 +286 ~96: /Users/nguyenanhkiet/Playground/grex/test/features/feature_flags/presentation/screens/feature_flags_debug_screen_test.dart: FeatureFlagsDebugScreen should display app bar with title
00:20 +287 ~96: /Users/nguyenanhkiet/Playground/grex/test/features/feature_flags/presentation/widgets/feature_flag_builder_test.dart: FeatureFlagBuilder should show disabled builder on error
00:20 +288 ~96: /Users/nguyenanhkiet/Playground/grex/test/features/feature_flags/presentation/widgets/feature_flag_builder_test.dart: FeatureFlagBuilder should show disabled builder on error
00:21 +289 ~96: /Users/nguyenanhkiet/Playground/grex/test/features/feature_flags/presentation/screens/feature_flags_debug_screen_test.dart: FeatureFlagsDebugScreen should display error message when error occurs
00:21 +290 ~96: /Users/nguyenanhkiet/Playground/grex/test/features/feature_flags/presentation/screens/feature_flags_debug_screen_test.dart: FeatureFlagsDebugScreen should display error message when error occurs
00:21 +291 ~96: /Users/nguyenanhkiet/Playground/grex/test/features/feature_flags/presentation/screens/feature_flags_debug_screen_test.dart: FeatureFlagsDebugScreen should display error message when error occurs
00:21 +292 ~96: /Users/nguyenanhkiet/Playground/grex/test/features/feature_flags/presentation/screens/feature_flags_debug_screen_test.dart: FeatureFlagsDebugScreen should display error message when error occurs
00:21 +293 ~96: /Users/nguyenanhkiet/Playground/grex/test/features/feature_flags/presentation/screens/feature_flags_debug_screen_test.dart: FeatureFlagsDebugScreen should display error message when error occurs
00:21 +293 ~96: /Users/nguyenanhkiet/Playground/grex/test/features/payments/presentation/pages/create_payment_page_test.dart: CreatePaymentPage Widget Tests should display create payment form
  Skip: TODO(mock-migration): manual `class MockPaymentBloc extends Mock implements PaymentBloc` pattern broken under mockito null-safety. Migrate to bloc_test MockBloc + mocktail whenListen (see group_list_page_test.dart for the template).
00:21 +293 ~97: /Users/nguyenanhkiet/Playground/grex/test/features/feature_flags/presentation/screens/feature_flags_debug_screen_test.dart: FeatureFlagsDebugScreen should display error message when error occurs
00:21 +293 ~97: /Users/nguyenanhkiet/Playground/grex/test/features/payments/presentation/pages/create_payment_page_test.dart: CreatePaymentPage Widget Tests should load group members on init
  Skip: TODO(mock-migration): manual `class MockPaymentBloc extends Mock implements PaymentBloc` pattern broken under mockito null-safety. Migrate to bloc_test MockBloc + mocktail whenListen (see group_list_page_test.dart for the template).
00:21 +293 ~98: /Users/nguyenanhkiet/Playground/grex/test/features/feature_flags/presentation/screens/feature_flags_debug_screen_test.dart: FeatureFlagsDebugScreen should display error message when error occurs
00:21 +293 ~98: /Users/nguyenanhkiet/Playground/grex/test/features/payments/presentation/pages/create_payment_page_test.dart: CreatePaymentPage Widget Tests should display loading indicator when loading members
  Skip: TODO(mock-migration): manual `class MockPaymentBloc extends Mock implements PaymentBloc` pattern broken under mockito null-safety. Migrate to bloc_test MockBloc + mocktail whenListen (see group_list_page_test.dart for the template).
00:21 +293 ~99: /Users/nguyenanhkiet/Playground/grex/test/features/feature_flags/presentation/screens/feature_flags_debug_screen_test.dart: FeatureFlagsDebugScreen should display error message when error occurs
00:21 +293 ~99: /Users/nguyenanhkiet/Playground/grex/test/features/payments/presentation/pages/create_payment_page_test.dart: CreatePaymentPage Widget Tests should display error when loading members fails
  Skip: TODO(mock-migration): manual `class MockPaymentBloc extends Mock implements PaymentBloc` pattern broken under mockito null-safety. Migrate to bloc_test MockBloc + mocktail whenListen (see group_list_page_test.dart for the template).
00:21 +293 ~100: /Users/nguyenanhkiet/Playground/grex/test/features/feature_flags/presentation/screens/feature_flags_debug_screen_test.dart: FeatureFlagsDebugScreen should display error message when error occurs
00:21 +293 ~100: /Users/nguyenanhkiet/Playground/grex/test/features/payments/presentation/pages/create_payment_page_test.dart: CreatePaymentPage Widget Tests should display member dropdowns when loaded
  Skip: TODO(mock-migration): manual `class MockPaymentBloc extends Mock implements PaymentBloc` pattern broken under mockito null-safety. Migrate to bloc_test MockBloc + mocktail whenListen (see group_list_page_test.dart for the template).
00:21 +293 ~101: /Users/nguyenanhkiet/Playground/grex/test/features/feature_flags/presentation/screens/feature_flags_debug_screen_test.dart: FeatureFlagsDebugScreen should display error message when error occurs
00:21 +293 ~101: /Users/nguyenanhkiet/Playground/grex/test/features/payments/presentation/pages/create_payment_page_test.dart: CreatePaymentPage Widget Tests should validate required fields
  Skip: TODO(mock-migration): manual `class MockPaymentBloc extends Mock implements PaymentBloc` pattern broken under mockito null-safety. Migrate to bloc_test MockBloc + mocktail whenListen (see group_list_page_test.dart for the template).
00:21 +293 ~102: /Users/nguyenanhkiet/Playground/grex/test/features/feature_flags/presentation/screens/feature_flags_debug_screen_test.dart: FeatureFlagsDebugScreen should display error message when error occurs
00:21 +293 ~102: /Users/nguyenanhkiet/Playground/grex/test/features/payments/presentation/pages/create_payment_page_test.dart: CreatePaymentPage Widget Tests should validate positive amount
  Skip: TODO(mock-migration): manual `class MockPaymentBloc extends Mock implements PaymentBloc` pattern broken under mockito null-safety. Migrate to bloc_test MockBloc + mocktail whenListen (see group_list_page_test.dart for the template).
00:21 +293 ~103: /Users/nguyenanhkiet/Playground/grex/test/features/feature_flags/presentation/screens/feature_flags_debug_screen_test.dart: FeatureFlagsDebugScreen should display error message when error occurs
00:21 +293 ~103: /Users/nguyenanhkiet/Playground/grex/test/features/payments/presentation/pages/create_payment_page_test.dart: CreatePaymentPage Widget Tests should validate that payer and recipient are different
  Skip: TODO(mock-migration): manual `class MockPaymentBloc extends Mock implements PaymentBloc` pattern broken under mockito null-safety. Migrate to bloc_test MockBloc + mocktail whenListen (see group_list_page_test.dart for the template).
00:21 +293 ~104: /Users/nguyenanhkiet/Playground/grex/test/features/feature_flags/presentation/screens/feature_flags_debug_screen_test.dart: FeatureFlagsDebugScreen should display error message when error occurs
00:21 +293 ~104: /Users/nguyenanhkiet/Playground/grex/test/features/payments/presentation/pages/create_payment_page_test.dart: CreatePaymentPage Widget Tests should display currency symbol in amount field
  Skip: TODO(mock-migration): manual `class MockPaymentBloc extends Mock implements PaymentBloc` pattern broken under mockito null-safety. Migrate to bloc_test MockBloc + mocktail whenListen (see group_list_page_test.dart for the template).
00:21 +293 ~105: /Users/nguyenanhkiet/Playground/grex/test/features/feature_flags/presentation/screens/feature_flags_debug_screen_test.dart: FeatureFlagsDebugScreen should display error message when error occurs
00:21 +293 ~105: /Users/nguyenanhkiet/Playground/grex/test/features/payments/presentation/pages/create_payment_page_test.dart: CreatePaymentPage Widget Tests should display VND currency symbol for VND group
  Skip: TODO(mock-migration): manual `class MockPaymentBloc extends Mock implements PaymentBloc` pattern broken under mockito null-safety. Migrate to bloc_test MockBloc + mocktail whenListen (see group_list_page_test.dart for the template).
00:21 +293 ~106: /Users/nguyenanhkiet/Playground/grex/test/features/feature_flags/presentation/screens/feature_flags_debug_screen_test.dart: FeatureFlagsDebugScreen should display error message when error occurs
00:21 +293 ~106: /Users/nguyenanhkiet/Playground/grex/test/features/payments/presentation/pages/create_payment_page_test.dart: CreatePaymentPage Widget Tests should show loading state during payment creation
  Skip: TODO(mock-migration): manual `class MockPaymentBloc extends Mock implements PaymentBloc` pattern broken under mockito null-safety. Migrate to bloc_test MockBloc + mocktail whenListen (see group_list_page_test.dart for the template).
00:21 +293 ~107: /Users/nguyenanhkiet/Playground/grex/test/features/feature_flags/presentation/screens/feature_flags_debug_screen_test.dart: FeatureFlagsDebugScreen should display error message when error occurs
00:21 +293 ~107: /Users/nguyenanhkiet/Playground/grex/test/features/payments/presentation/pages/create_payment_page_test.dart: CreatePaymentPage Widget Tests should show success message when payment is created
  Skip: TODO(mock-migration): manual `class MockPaymentBloc extends Mock implements PaymentBloc` pattern broken under mockito null-safety. Migrate to bloc_test MockBloc + mocktail whenListen (see group_list_page_test.dart for the template).
00:21 +293 ~108: /Users/nguyenanhkiet/Playground/grex/test/features/feature_flags/presentation/screens/feature_flags_debug_screen_test.dart: FeatureFlagsDebugScreen should display error message when error occurs
00:21 +293 ~108: /Users/nguyenanhkiet/Playground/grex/test/features/payments/presentation/pages/create_payment_page_test.dart: CreatePaymentPage Widget Tests should show error message when payment creation fails
  Skip: TODO(mock-migration): manual `class MockPaymentBloc extends Mock implements PaymentBloc` pattern broken under mockito null-safety. Migrate to bloc_test MockBloc + mocktail whenListen (see group_list_page_test.dart for the template).
00:21 +293 ~109: /Users/nguyenanhkiet/Playground/grex/test/features/feature_flags/presentation/screens/feature_flags_debug_screen_test.dart: FeatureFlagsDebugScreen should display error message when error occurs
00:21 +293 ~109: /Users/nguyenanhkiet/Playground/grex/test/features/payments/presentation/pages/create_payment_page_test.dart: CreatePaymentPage Widget Tests should dispatch create payment event with correct data
  Skip: TODO(mock-migration): manual `class MockPaymentBloc extends Mock implements PaymentBloc` pattern broken under mockito null-safety. Migrate to bloc_test MockBloc + mocktail whenListen (see group_list_page_test.dart for the template).
00:21 +293 ~110: /Users/nguyenanhkiet/Playground/grex/test/features/feature_flags/presentation/screens/feature_flags_debug_screen_test.dart: FeatureFlagsDebugScreen should display error message when error occurs
00:21 +293 ~110: /Users/nguyenanhkiet/Playground/grex/test/features/payments/presentation/pages/create_payment_page_test.dart: CreatePaymentPage Widget Tests should handle optional description field
  Skip: TODO(mock-migration): manual `class MockPaymentBloc extends Mock implements PaymentBloc` pattern broken under mockito null-safety. Migrate to bloc_test MockBloc + mocktail whenListen (see group_list_page_test.dart for the template).
00:21 +293 ~111: /Users/nguyenanhkiet/Playground/grex/test/features/feature_flags/presentation/screens/feature_flags_debug_screen_test.dart: FeatureFlagsDebugScreen should display error message when error occurs
00:21 +293 ~111: /Users/nguyenanhkiet/Playground/grex/test/features/payments/presentation/pages/create_payment_page_test.dart: CreatePaymentPage Widget Tests should disable submit button when loading
  Skip: TODO(mock-migration): manual `class MockPaymentBloc extends Mock implements PaymentBloc` pattern broken under mockito null-safety. Migrate to bloc_test MockBloc + mocktail whenListen (see group_list_page_test.dart for the template).
00:21 +293 ~112: /Users/nguyenanhkiet/Playground/grex/test/features/feature_flags/presentation/screens/feature_flags_debug_screen_test.dart: FeatureFlagsDebugScreen should display error message when error occurs
00:21 +293 ~112: /Users/nguyenanhkiet/Playground/grex/test/features/payments/presentation/pages/create_payment_page_test.dart: CreatePaymentPage Widget Tests should display all group members in dropdowns
  Skip: TODO(mock-migration): manual `class MockPaymentBloc extends Mock implements PaymentBloc` pattern broken under mockito null-safety. Migrate to bloc_test MockBloc + mocktail whenListen (see group_list_page_test.dart for the template).
00:21 +293 ~113: /Users/nguyenanhkiet/Playground/grex/test/features/feature_flags/presentation/screens/feature_flags_debug_screen_test.dart: FeatureFlagsDebugScreen should display error message when error occurs
00:21 +293 ~113: /Users/nguyenanhkiet/Playground/grex/test/features/payments/presentation/pages/create_payment_page_test.dart: CreatePaymentPage Widget Tests should update recipient options when payer is selected
  Skip: TODO(mock-migration): manual `class MockPaymentBloc extends Mock implements PaymentBloc` pattern broken under mockito null-safety. Migrate to bloc_test MockBloc + mocktail whenListen (see group_list_page_test.dart for the template).
00:21 +293 ~114: /Users/nguyenanhkiet/Playground/grex/test/features/feature_flags/presentation/screens/feature_flags_debug_screen_test.dart: FeatureFlagsDebugScreen should display error message when error occurs
00:21 +293 ~114: /Users/nguyenanhkiet/Playground/grex/test/features/payments/presentation/pages/create_payment_page_test.dart: CreatePaymentPage Widget Tests should handle decimal amounts correctly
  Skip: TODO(mock-migration): manual `class MockPaymentBloc extends Mock implements PaymentBloc` pattern broken under mockito null-safety. Migrate to bloc_test MockBloc + mocktail whenListen (see group_list_page_test.dart for the template).
00:21 +293 ~115: /Users/nguyenanhkiet/Playground/grex/test/features/feature_flags/presentation/screens/feature_flags_debug_screen_test.dart: FeatureFlagsDebugScreen should display error message when error occurs
00:21 +293 ~115: /Users/nguyenanhkiet/Playground/grex/test/features/payments/presentation/pages/create_payment_page_test.dart: CreatePaymentPage Widget Tests should show proper form layout and styling
  Skip: TODO(mock-migration): manual `class MockPaymentBloc extends Mock implements PaymentBloc` pattern broken under mockito null-safety. Migrate to bloc_test MockBloc + mocktail whenListen (see group_list_page_test.dart for the template).
00:21 +293 ~116: /Users/nguyenanhkiet/Playground/grex/test/features/feature_flags/presentation/screens/feature_flags_debug_screen_test.dart: FeatureFlagsDebugScreen should display error message when error occurs
00:21 +293 ~116: /Users/nguyenanhkiet/Playground/grex/test/features/payments/presentation/pages/create_payment_page_test.dart: CreatePaymentPage Widget Tests should handle keyboard input correctly
  Skip: TODO(mock-migration): manual `class MockPaymentBloc extends Mock implements PaymentBloc` pattern broken under mockito null-safety. Migrate to bloc_test MockBloc + mocktail whenListen (see group_list_page_test.dart for the template).
00:21 +293 ~117: /Users/nguyenanhkiet/Playground/grex/test/features/feature_flags/presentation/screens/feature_flags_debug_screen_test.dart: FeatureFlagsDebugScreen should display error message when error occurs
00:21 +293 ~117: /Users/nguyenanhkiet/Playground/grex/test/features/payments/presentation/pages/create_payment_page_test.dart: CreatePaymentPage Widget Tests should clear form after successful submission
  Skip: TODO(mock-migration): manual `class MockPaymentBloc extends Mock implements PaymentBloc` pattern broken under mockito null-safety. Migrate to bloc_test MockBloc + mocktail whenListen (see group_list_page_test.dart for the template).
00:21 +293 ~118: /Users/nguyenanhkiet/Playground/grex/test/features/feature_flags/presentation/screens/feature_flags_debug_screen_test.dart: FeatureFlagsDebugScreen should display error message when error occurs
00:21 +294 ~118: /Users/nguyenanhkiet/Playground/grex/test/features/feature_flags/presentation/screens/feature_flags_debug_screen_test.dart: FeatureFlagsDebugScreen should display empty message when no flags
00:21 +295 ~118: /Users/nguyenanhkiet/Playground/grex/test/features/feature_flags/presentation/screens/feature_flags_debug_screen_test.dart: FeatureFlagsDebugScreen should display feature flags list
00:22 +296 ~118: /Users/nguyenanhkiet/Playground/grex/test/features/feature_flags/presentation/screens/feature_flags_debug_screen_test.dart: FeatureFlagsDebugScreen should refresh flags when refresh button is tapped
00:22 +297 ~118: /Users/nguyenanhkiet/Playground/grex/test/features/feature_flags/presentation/screens/feature_flags_debug_screen_test.dart: FeatureFlagsDebugScreen should show clear all dialog when clear button is tapped
00:22 +298 ~118: /Users/nguyenanhkiet/Playground/grex/test/features/feature_flags/presentation/screens/feature_flags_debug_screen_test.dart: FeatureFlagsDebugScreen should clear all overrides when confirmed
00:22 +299 ~118: /Users/nguyenanhkiet/Playground/grex/test/features/feature_flags/presentation/screens/feature_flags_debug_screen_test.dart: FeatureFlagsDebugScreen should not clear when cancel is tapped
00:22 +300 ~118: /Users/nguyenanhkiet/Playground/grex/test/features/feature_flags/presentation/screens/feature_flags_debug_screen_test.dart: FeatureFlagsDebugScreen should toggle flag when switch is tapped
00:22 +301 ~118: /Users/nguyenanhkiet/Playground/grex/test/features/feature_flags/presentation/screens/feature_flags_debug_screen_test.dart: FeatureFlagsDebugScreen should retry when retry button is tapped
00:22 +301 ~118: /Users/nguyenanhkiet/Playground/grex/test/features/payments/presentation/pages/payment_list_page_test.dart: PaymentListPage Widget Tests should display app bar with title and add button
  Skip: TODO(mock-migration): manual `class MockPaymentBloc extends Mock implements PaymentBloc` pattern broken under mockito null-safety. Migrate to bloc_test MockBloc + mocktail whenListen (see group_list_page_test.dart for the template).
00:22 +301 ~119: /Users/nguyenanhkiet/Playground/grex/test/features/feature_flags/presentation/screens/feature_flags_debug_screen_test.dart: FeatureFlagsDebugScreen should retry when retry button is tapped
00:22 +301 ~119: /Users/nguyenanhkiet/Playground/grex/test/features/payments/presentation/pages/payment_list_page_test.dart: PaymentListPage Widget Tests should display loading indicator when loading
  Skip: TODO(mock-migration): manual `class MockPaymentBloc extends Mock implements PaymentBloc` pattern broken under mockito null-safety. Migrate to bloc_test MockBloc + mocktail whenListen (see group_list_page_test.dart for the template).
00:22 +301 ~120: /Users/nguyenanhkiet/Playground/grex/test/features/feature_flags/presentation/screens/feature_flags_debug_screen_test.dart: FeatureFlagsDebugScreen should retry when retry button is tapped
00:22 +301 ~120: /Users/nguyenanhkiet/Playground/grex/test/features/payments/presentation/pages/payment_list_page_test.dart: PaymentListPage Widget Tests should display error state with retry button
  Skip: TODO(mock-migration): manual `class MockPaymentBloc extends Mock implements PaymentBloc` pattern broken under mockito null-safety. Migrate to bloc_test MockBloc + mocktail whenListen (see group_list_page_test.dart for the template).
00:22 +301 ~121: /Users/nguyenanhkiet/Playground/grex/test/features/feature_flags/presentation/screens/feature_flags_debug_screen_test.dart: FeatureFlagsDebugScreen should retry when retry button is tapped
00:22 +301 ~121: /Users/nguyenanhkiet/Playground/grex/test/features/payments/presentation/pages/payment_list_page_test.dart: PaymentListPage Widget Tests should retry loading when retry button is tapped
  Skip: TODO(mock-migration): manual `class MockPaymentBloc extends Mock implements PaymentBloc` pattern broken under mockito null-safety. Migrate to bloc_test MockBloc + mocktail whenListen (see group_list_page_test.dart for the template).
00:22 +301 ~122: /Users/nguyenanhkiet/Playground/grex/test/features/feature_flags/presentation/screens/feature_flags_debug_screen_test.dart: FeatureFlagsDebugScreen should retry when retry button is tapped
00:22 +301 ~122: /Users/nguyenanhkiet/Playground/grex/test/features/payments/presentation/pages/payment_list_page_test.dart: PaymentListPage Widget Tests should display empty state when no payments
  Skip: TODO(mock-migration): manual `class MockPaymentBloc extends Mock implements PaymentBloc` pattern broken under mockito null-safety. Migrate to bloc_test MockBloc + mocktail whenListen (see group_list_page_test.dart for the template).
00:22 +301 ~123: /Users/nguyenanhkiet/Playground/grex/test/features/feature_flags/presentation/screens/feature_flags_debug_screen_test.dart: FeatureFlagsDebugScreen should retry when retry button is tapped
00:22 +301 ~123: /Users/nguyenanhkiet/Playground/grex/test/features/payments/presentation/pages/payment_list_page_test.dart: PaymentListPage Widget Tests should display list of payments when loaded
  Skip: TODO(mock-migration): manual `class MockPaymentBloc extends Mock implements PaymentBloc` pattern broken under mockito null-safety. Migrate to bloc_test MockBloc + mocktail whenListen (see group_list_page_test.dart for the template).
00:22 +301 ~124: /Users/nguyenanhkiet/Playground/grex/test/features/feature_flags/presentation/screens/feature_flags_debug_screen_test.dart: FeatureFlagsDebugScreen should retry when retry button is tapped
00:22 +301 ~124: /Users/nguyenanhkiet/Playground/grex/test/features/payments/presentation/pages/payment_list_page_test.dart: PaymentListPage Widget Tests should display filter button when payments exist
  Skip: TODO(mock-migration): manual `class MockPaymentBloc extends Mock implements PaymentBloc` pattern broken under mockito null-safety. Migrate to bloc_test MockBloc + mocktail whenListen (see group_list_page_test.dart for the template).
00:22 +301 ~125: /Users/nguyenanhkiet/Playground/grex/test/features/feature_flags/presentation/screens/feature_flags_debug_screen_test.dart: FeatureFlagsDebugScreen should retry when retry button is tapped
00:22 +301 ~125: /Users/nguyenanhkiet/Playground/grex/test/features/payments/presentation/pages/payment_list_page_test.dart: PaymentListPage Widget Tests should open filter sheet when filter button is tapped
  Skip: TODO(mock-migration): manual `class MockPaymentBloc extends Mock implements PaymentBloc` pattern broken under mockito null-safety. Migrate to bloc_test MockBloc + mocktail whenListen (see group_list_page_test.dart for the template).
00:22 +301 ~126: /Users/nguyenanhkiet/Playground/grex/test/features/feature_flags/presentation/screens/feature_flags_debug_screen_test.dart: FeatureFlagsDebugScreen should retry when retry button is tapped
00:22 +301 ~126: /Users/nguyenanhkiet/Playground/grex/test/features/payments/presentation/pages/payment_list_page_test.dart: PaymentListPage Widget Tests should navigate to create payment when add button is tapped
  Skip: TODO(mock-migration): manual `class MockPaymentBloc extends Mock implements PaymentBloc` pattern broken under mockito null-safety. Migrate to bloc_test MockBloc + mocktail whenListen (see group_list_page_test.dart for the template).
00:22 +301 ~127: /Users/nguyenanhkiet/Playground/grex/test/features/feature_flags/presentation/screens/feature_flags_debug_screen_test.dart: FeatureFlagsDebugScreen should retry when retry button is tapped
00:22 +301 ~127: /Users/nguyenanhkiet/Playground/grex/test/features/payments/presentation/pages/payment_list_page_test.dart: PaymentListPage Widget Tests should navigate to create payment from empty state
  Skip: TODO(mock-migration): manual `class MockPaymentBloc extends Mock implements PaymentBloc` pattern broken under mockito null-safety. Migrate to bloc_test MockBloc + mocktail whenListen (see group_list_page_test.dart for the template).
00:22 +301 ~128: /Users/nguyenanhkiet/Playground/grex/test/features/feature_flags/presentation/screens/feature_flags_debug_screen_test.dart: FeatureFlagsDebugScreen should retry when retry button is tapped
00:22 +301 ~128: /Users/nguyenanhkiet/Playground/grex/test/features/payments/presentation/pages/payment_list_page_test.dart: PaymentListPage Widget Tests should refresh payments on pull to refresh
  Skip: TODO(mock-migration): manual `class MockPaymentBloc extends Mock implements PaymentBloc` pattern broken under mockito null-safety. Migrate to bloc_test MockBloc + mocktail whenListen (see group_list_page_test.dart for the template).
00:22 +301 ~129: /Users/nguyenanhkiet/Playground/grex/test/features/feature_flags/presentation/screens/feature_flags_debug_screen_test.dart: FeatureFlagsDebugScreen should retry when retry button is tapped
00:22 +301 ~129: /Users/nguyenanhkiet/Playground/grex/test/features/payments/presentation/pages/payment_list_page_test.dart: PaymentListPage Widget Tests should show delete confirmation dialog
  Skip: TODO(mock-migration): manual `class MockPaymentBloc extends Mock implements PaymentBloc` pattern broken under mockito null-safety. Migrate to bloc_test MockBloc + mocktail whenListen (see group_list_page_test.dart for the template).
00:22 +301 ~130: /Users/nguyenanhkiet/Playground/grex/test/features/feature_flags/presentation/screens/feature_flags_debug_screen_test.dart: FeatureFlagsDebugScreen should retry when retry button is tapped
00:22 +301 ~130: /Users/nguyenanhkiet/Playground/grex/test/features/payments/presentation/pages/payment_list_page_test.dart: PaymentListPage Widget Tests should dispatch delete event when confirmed
  Skip: TODO(mock-migration): manual `class MockPaymentBloc extends Mock implements PaymentBloc` pattern broken under mockito null-safety. Migrate to bloc_test MockBloc + mocktail whenListen (see group_list_page_test.dart for the template).
00:22 +301 ~131: /Users/nguyenanhkiet/Playground/grex/test/features/feature_flags/presentation/screens/feature_flags_debug_screen_test.dart: FeatureFlagsDebugScreen should retry when retry button is tapped
00:22 +301 ~131: /Users/nguyenanhkiet/Playground/grex/test/features/payments/presentation/pages/payment_list_page_test.dart: PaymentListPage Widget Tests should show success message when payment is deleted
  Skip: TODO(mock-migration): manual `class MockPaymentBloc extends Mock implements PaymentBloc` pattern broken under mockito null-safety. Migrate to bloc_test MockBloc + mocktail whenListen (see group_list_page_test.dart for the template).
00:22 +301 ~132: /Users/nguyenanhkiet/Playground/grex/test/features/feature_flags/presentation/screens/feature_flags_debug_screen_test.dart: FeatureFlagsDebugScreen should retry when retry button is tapped
00:22 +301 ~132: /Users/nguyenanhkiet/Playground/grex/test/features/payments/presentation/pages/payment_list_page_test.dart: PaymentListPage Widget Tests should show error message when deletion fails
  Skip: TODO(mock-migration): manual `class MockPaymentBloc extends Mock implements PaymentBloc` pattern broken under mockito null-safety. Migrate to bloc_test MockBloc + mocktail whenListen (see group_list_page_test.dart for the template).
00:22 +301 ~133: /Users/nguyenanhkiet/Playground/grex/test/features/feature_flags/presentation/screens/feature_flags_debug_screen_test.dart: FeatureFlagsDebugScreen should retry when retry button is tapped
00:22 +301 ~133: /Users/nguyenanhkiet/Playground/grex/test/features/payments/presentation/pages/payment_list_page_test.dart: PaymentListPage Widget Tests should load payments on init
  Skip: TODO(mock-migration): manual `class MockPaymentBloc extends Mock implements PaymentBloc` pattern broken under mockito null-safety. Migrate to bloc_test MockBloc + mocktail whenListen (see group_list_page_test.dart for the template).
00:22 +301 ~134: /Users/nguyenanhkiet/Playground/grex/test/features/feature_flags/presentation/screens/feature_flags_debug_screen_test.dart: FeatureFlagsDebugScreen should retry when retry button is tapped
00:22 +301 ~134: /Users/nguyenanhkiet/Playground/grex/test/features/payments/presentation/pages/payment_list_page_test.dart: PaymentListPage Widget Tests should display payments in chronological order
  Skip: TODO(mock-migration): manual `class MockPaymentBloc extends Mock implements PaymentBloc` pattern broken under mockito null-safety. Migrate to bloc_test MockBloc + mocktail whenListen (see group_list_page_test.dart for the template).
00:22 +301 ~135: /Users/nguyenanhkiet/Playground/grex/test/features/feature_flags/presentation/screens/feature_flags_debug_screen_test.dart: FeatureFlagsDebugScreen should retry when retry button is tapped
00:22 +301 ~135: /Users/nguyenanhkiet/Playground/grex/test/features/payments/presentation/pages/payment_list_page_test.dart: PaymentListPage Widget Tests should handle large number of payments
  Skip: TODO(mock-migration): manual `class MockPaymentBloc extends Mock implements PaymentBloc` pattern broken under mockito null-safety. Migrate to bloc_test MockBloc + mocktail whenListen (see group_list_page_test.dart for the template).
00:22 +301 ~136: /Users/nguyenanhkiet/Playground/grex/test/features/feature_flags/presentation/screens/feature_flags_debug_screen_test.dart: FeatureFlagsDebugScreen should retry when retry button is tapped
00:22 +301 ~136: /Users/nguyenanhkiet/Playground/grex/test/features/payments/presentation/pages/payment_list_page_test.dart: PaymentListPage Widget Tests should display floating action button
  Skip: TODO(mock-migration): manual `class MockPaymentBloc extends Mock implements PaymentBloc` pattern broken under mockito null-safety. Migrate to bloc_test MockBloc + mocktail whenListen (see group_list_page_test.dart for the template).
00:22 +301 ~137: /Users/nguyenanhkiet/Playground/grex/test/features/feature_flags/presentation/screens/feature_flags_debug_screen_test.dart: FeatureFlagsDebugScreen should retry when retry button is tapped
00:22 +301 ~137: /Users/nguyenanhkiet/Playground/grex/test/features/payments/presentation/pages/payment_list_page_test.dart: PaymentListPage Widget Tests should handle real-time payment updates
  Skip: TODO(mock-migration): manual `class MockPaymentBloc extends Mock implements PaymentBloc` pattern broken under mockito null-safety. Migrate to bloc_test MockBloc + mocktail whenListen (see group_list_page_test.dart for the template).
00:22 +301 ~138: /Users/nguyenanhkiet/Playground/grex/test/features/feature_flags/presentation/screens/feature_flags_debug_screen_test.dart: FeatureFlagsDebugScreen should retry when retry button is tapped
00:22 +301 ~138: /Users/nguyenanhkiet/Playground/grex/test/features/payments/presentation/pages/payment_list_page_test.dart: PaymentListPage Widget Tests should maintain scroll position during updates
  Skip: TODO(mock-migration): manual `class MockPaymentBloc extends Mock implements PaymentBloc` pattern broken under mockito null-safety. Migrate to bloc_test MockBloc + mocktail whenListen (see group_list_page_test.dart for the template).
00:22 +301 ~139: /Users/nguyenanhkiet/Playground/grex/test/features/feature_flags/presentation/screens/feature_flags_debug_screen_test.dart: FeatureFlagsDebugScreen should retry when retry button is tapped
00:23 +302 ~139: /Users/nguyenanhkiet/Playground/grex/test/features/payments/presentation/widgets/empty_payments_widget_test.dart: EmptyPaymentsWidget Tests shows the default empty-state copy and illustration
00:23 +303 ~139: /Users/nguyenanhkiet/Playground/grex/test/features/payments/presentation/widgets/empty_payments_widget_test.dart: EmptyPaymentsWidget Tests shows the default empty-state copy and illustration
00:23 +304 ~139: /Users/nguyenanhkiet/Playground/grex/test/features/payments/presentation/widgets/empty_payments_widget_test.dart: EmptyPaymentsWidget Tests shows the default empty-state copy and illustration
00:23 +305 ~139: /Users/nguyenanhkiet/Playground/grex/test/features/payments/presentation/widgets/empty_payments_widget_test.dart: EmptyPaymentsWidget Tests shows the default empty-state copy and illustration
00:24 +306 ~139: /Users/nguyenanhkiet/Playground/grex/test/features/payments/presentation/widgets/empty_payments_widget_test.dart: EmptyPaymentsWidget Tests swaps copy when there are active filters
00:24 +307 ~139: /Users/nguyenanhkiet/Playground/grex/test/features/payments/presentation/widgets/empty_payments_widget_test.dart: EmptyPaymentsWidget Tests hides the CTA when onAddPayment is null
00:24 +308 ~139: /Users/nguyenanhkiet/Playground/grex/test/features/payments/presentation/widgets/empty_payments_widget_test.dart: EmptyPaymentsWidget Tests renders the add CTA when onAddPayment is provided
00:24 +309 ~139: /Users/nguyenanhkiet/Playground/grex/test/features/payments/presentation/widgets/empty_payments_widget_test.dart: EmptyPaymentsWidget Tests renders the illustration at the standard size
00:24 +310 ~139: /Users/nguyenanhkiet/Playground/grex/test/features/payments/presentation/widgets/empty_payments_widget_test.dart: EmptyPaymentsWidget Tests center-aligns the title text
00:24 +311 ~139: /Users/nguyenanhkiet/Playground/grex/test/features/payments/presentation/widgets/empty_payments_widget_test.dart: EmptyPaymentsWidget Tests works under a dark theme
00:24 +311 ~139: /Users/nguyenanhkiet/Playground/grex/test/features/payments/presentation/widgets/payment_list_item_test.dart: PaymentListItem Widget Tests should display payment information correctly
  Skip: TODO(payment-widget): assertions in this file do not match what the current PaymentListItem renders (date format, currency symbol, amount formatting). Update assertions or product before re-enabling.
00:24 +311 ~140: /Users/nguyenanhkiet/Playground/grex/test/features/payments/presentation/widgets/empty_payments_widget_test.dart: EmptyPaymentsWidget Tests works under a dark theme
00:24 +311 ~140: /Users/nguyenanhkiet/Playground/grex/test/features/payments/presentation/widgets/payment_list_item_test.dart: PaymentListItem Widget Tests should display formatted currency amount
  Skip: TODO(payment-widget): assertions in this file do not match what the current PaymentListItem renders (date format, currency symbol, amount formatting). Update assertions or product before re-enabling.
00:24 +311 ~141: /Users/nguyenanhkiet/Playground/grex/test/features/payments/presentation/widgets/empty_payments_widget_test.dart: EmptyPaymentsWidget Tests works under a dark theme
00:24 +311 ~141: /Users/nguyenanhkiet/Playground/grex/test/features/payments/presentation/widgets/payment_list_item_test.dart: PaymentListItem Widget Tests should display payment date correctly
  Skip: TODO(payment-widget): assertions in this file do not match what the current PaymentListItem renders (date format, currency symbol, amount formatting). Update assertions or product before re-enabling.
00:24 +311 ~142: /Users/nguyenanhkiet/Playground/grex/test/features/payments/presentation/widgets/empty_payments_widget_test.dart: EmptyPaymentsWidget Tests works under a dark theme
00:24 +311 ~142: /Users/nguyenanhkiet/Playground/grex/test/features/payments/presentation/widgets/payment_list_item_test.dart: PaymentListItem Widget Tests should display today for today payments
  Skip: TODO(payment-widget): assertions in this file do not match what the current PaymentListItem renders (date format, currency symbol, amount formatting). Update assertions or product before re-enabling.
00:24 +311 ~143: /Users/nguyenanhkiet/Playground/grex/test/features/payments/presentation/widgets/empty_payments_widget_test.dart: EmptyPaymentsWidget Tests works under a dark theme
00:24 +311 ~143: /Users/nguyenanhkiet/Playground/grex/test/features/payments/presentation/widgets/payment_list_item_test.dart: PaymentListItem Widget Tests should display yesterday for yesterday payments
  Skip: TODO(payment-widget): assertions in this file do not match what the current PaymentListItem renders (date format, currency symbol, amount formatting). Update assertions or product before re-enabling.
00:24 +311 ~144: /Users/nguyenanhkiet/Playground/grex/test/features/payments/presentation/widgets/empty_payments_widget_test.dart: EmptyPaymentsWidget Tests works under a dark theme
00:24 +311 ~144: /Users/nguyenanhkiet/Playground/grex/test/features/payments/presentation/widgets/payment_list_item_test.dart: PaymentListItem Widget Tests should display payment direction with arrow
  Skip: TODO(payment-widget): assertions in this file do not match what the current PaymentListItem renders (date format, currency symbol, amount formatting). Update assertions or product before re-enabling.
00:24 +311 ~145: /Users/nguyenanhkiet/Playground/grex/test/features/payments/presentation/widgets/empty_payments_widget_test.dart: EmptyPaymentsWidget Tests works under a dark theme
00:24 +311 ~145: /Users/nguyenanhkiet/Playground/grex/test/features/payments/presentation/widgets/payment_list_item_test.dart: PaymentListItem Widget Tests should display payment icon
  Skip: TODO(payment-widget): assertions in this file do not match what the current PaymentListItem renders (date format, currency symbol, amount formatting). Update assertions or product before re-enabling.
00:24 +311 ~146: /Users/nguyenanhkiet/Playground/grex/test/features/payments/presentation/widgets/empty_payments_widget_test.dart: EmptyPaymentsWidget Tests works under a dark theme
00:24 +311 ~146: /Users/nguyenanhkiet/Playground/grex/test/features/payments/presentation/widgets/payment_list_item_test.dart: PaymentListItem Widget Tests should display delete button when enabled
  Skip: TODO(payment-widget): assertions in this file do not match what the current PaymentListItem renders (date format, currency symbol, amount formatting). Update assertions or product before re-enabling.
00:24 +311 ~147: /Users/nguyenanhkiet/Playground/grex/test/features/payments/presentation/widgets/empty_payments_widget_test.dart: EmptyPaymentsWidget Tests works under a dark theme
00:24 +311 ~147: /Users/nguyenanhkiet/Playground/grex/test/features/payments/presentation/widgets/payment_list_item_test.dart: PaymentListItem Widget Tests should hide delete button when onDelete is null
  Skip: TODO(payment-widget): assertions in this file do not match what the current PaymentListItem renders (date format, currency symbol, amount formatting). Update assertions or product before re-enabling.
00:24 +311 ~148: /Users/nguyenanhkiet/Playground/grex/test/features/payments/presentation/widgets/empty_payments_widget_test.dart: EmptyPaymentsWidget Tests works under a dark theme
00:24 +311 ~148: /Users/nguyenanhkiet/Playground/grex/test/features/payments/presentation/widgets/payment_list_item_test.dart: PaymentListItem Widget Tests should call onTap when payment item is tapped
  Skip: TODO(payment-widget): assertions in this file do not match what the current PaymentListItem renders (date format, currency symbol, amount formatting). Update assertions or product before re-enabling.
00:24 +311 ~149: /Users/nguyenanhkiet/Playground/grex/test/features/payments/presentation/widgets/empty_payments_widget_test.dart: EmptyPaymentsWidget Tests works under a dark theme
00:24 +311 ~149: /Users/nguyenanhkiet/Playground/grex/test/features/payments/presentation/widgets/payment_list_item_test.dart: PaymentListItem Widget Tests should call onDelete when delete button is tapped
  Skip: TODO(payment-widget): assertions in this file do not match what the current PaymentListItem renders (date format, currency symbol, amount formatting). Update assertions or product before re-enabling.
00:24 +311 ~150: /Users/nguyenanhkiet/Playground/grex/test/features/payments/presentation/widgets/empty_payments_widget_test.dart: EmptyPaymentsWidget Tests works under a dark theme
00:24 +311 ~150: /Users/nguyenanhkiet/Playground/grex/test/features/payments/presentation/widgets/payment_list_item_test.dart: PaymentListItem Widget Tests should display description when available
  Skip: TODO(payment-widget): assertions in this file do not match what the current PaymentListItem renders (date format, currency symbol, amount formatting). Update assertions or product before re-enabling.
00:24 +311 ~151: /Users/nguyenanhkiet/Playground/grex/test/features/payments/presentation/widgets/empty_payments_widget_test.dart: EmptyPaymentsWidget Tests works under a dark theme
00:24 +311 ~151: /Users/nguyenanhkiet/Playground/grex/test/features/payments/presentation/widgets/payment_list_item_test.dart: PaymentListItem Widget Tests should handle empty description gracefully
  Skip: TODO(payment-widget): assertions in this file do not match what the current PaymentListItem renders (date format, currency symbol, amount formatting). Update assertions or product before re-enabling.
00:24 +311 ~152: /Users/nguyenanhkiet/Playground/grex/test/features/payments/presentation/widgets/empty_payments_widget_test.dart: EmptyPaymentsWidget Tests works under a dark theme
00:24 +311 ~152: /Users/nguyenanhkiet/Playground/grex/test/features/payments/presentation/widgets/payment_list_item_test.dart: PaymentListItem Widget Tests should display proper styling for payment amount
  Skip: TODO(payment-widget): assertions in this file do not match what the current PaymentListItem renders (date format, currency symbol, amount formatting). Update assertions or product before re-enabling.
00:24 +311 ~153: /Users/nguyenanhkiet/Playground/grex/test/features/payments/presentation/widgets/empty_payments_widget_test.dart: EmptyPaymentsWidget Tests works under a dark theme
00:24 +311 ~153: /Users/nguyenanhkiet/Playground/grex/test/features/payments/presentation/widgets/payment_list_item_test.dart: PaymentListItem Widget Tests should display proper card elevation and styling
  Skip: TODO(payment-widget): assertions in this file do not match what the current PaymentListItem renders (date format, currency symbol, amount formatting). Update assertions or product before re-enabling.
00:24 +311 ~154: /Users/nguyenanhkiet/Playground/grex/test/features/payments/presentation/widgets/empty_payments_widget_test.dart: EmptyPaymentsWidget Tests works under a dark theme
00:24 +311 ~154: /Users/nguyenanhkiet/Playground/grex/test/features/payments/presentation/widgets/payment_list_item_test.dart: PaymentListItem Widget Tests should handle long names gracefully
  Skip: TODO(payment-widget): assertions in this file do not match what the current PaymentListItem renders (date format, currency symbol, amount formatting). Update assertions or product before re-enabling.
00:24 +311 ~155: /Users/nguyenanhkiet/Playground/grex/test/features/payments/presentation/widgets/empty_payments_widget_test.dart: EmptyPaymentsWidget Tests works under a dark theme
00:24 +311 ~155: /Users/nguyenanhkiet/Playground/grex/test/features/payments/presentation/widgets/payment_list_item_test.dart: PaymentListItem Widget Tests should display time for recent payments
  Skip: TODO(payment-widget): assertions in this file do not match what the current PaymentListItem renders (date format, currency symbol, amount formatting). Update assertions or product before re-enabling.
00:24 +311 ~156: /Users/nguyenanhkiet/Playground/grex/test/features/payments/presentation/widgets/empty_payments_widget_test.dart: EmptyPaymentsWidget Tests works under a dark theme
00:24 +311 ~156: /Users/nguyenanhkiet/Playground/grex/test/features/payments/presentation/widgets/payment_list_item_test.dart: PaymentListItem Widget Tests should handle different currencies correctly
  Skip: TODO(payment-widget): assertions in this file do not match what the current PaymentListItem renders (date format, currency symbol, amount formatting). Update assertions or product before re-enabling.
00:24 +311 ~157: /Users/nguyenanhkiet/Playground/grex/test/features/payments/presentation/widgets/empty_payments_widget_test.dart: EmptyPaymentsWidget Tests works under a dark theme
00:24 +311 ~157: /Users/nguyenanhkiet/Playground/grex/test/features/payments/presentation/widgets/payment_list_item_test.dart: PaymentListItem Widget Tests should display proper visual hierarchy
  Skip: TODO(payment-widget): assertions in this file do not match what the current PaymentListItem renders (date format, currency symbol, amount formatting). Update assertions or product before re-enabling.
00:24 +311 ~158: /Users/nguyenanhkiet/Playground/grex/test/features/payments/presentation/widgets/empty_payments_widget_test.dart: EmptyPaymentsWidget Tests works under a dark theme
00:24 +311 ~158: /Users/nguyenanhkiet/Playground/grex/test/features/payments/presentation/widgets/payment_list_item_test.dart: PaymentListItem Widget Tests should handle tap and delete interactions independently
  Skip: TODO(payment-widget): assertions in this file do not match what the current PaymentListItem renders (date format, currency symbol, amount formatting). Update assertions or product before re-enabling.
00:24 +311 ~159: /Users/nguyenanhkiet/Playground/grex/test/features/payments/presentation/widgets/empty_payments_widget_test.dart: EmptyPaymentsWidget Tests works under a dark theme
00:24 +311 ~159: /Users/nguyenanhkiet/Playground/grex/test/features/payments/presentation/widgets/payment_list_item_test.dart: PaymentListItem Widget Tests should display payment metadata correctly
  Skip: TODO(payment-widget): assertions in this file do not match what the current PaymentListItem renders (date format, currency symbol, amount formatting). Update assertions or product before re-enabling.
00:24 +311 ~160: /Users/nguyenanhkiet/Playground/grex/test/features/payments/presentation/widgets/empty_payments_widget_test.dart: EmptyPaymentsWidget Tests works under a dark theme
00:24 +311 ~160: /Users/nguyenanhkiet/Playground/grex/test/features/payments/presentation/widgets/payment_list_item_test.dart: PaymentListItem Widget Tests should handle null callbacks gracefully
  Skip: TODO(payment-widget): assertions in this file do not match what the current PaymentListItem renders (date format, currency symbol, amount formatting). Update assertions or product before re-enabling.
00:24 +311 ~161: /Users/nguyenanhkiet/Playground/grex/test/features/payments/presentation/widgets/empty_payments_widget_test.dart: EmptyPaymentsWidget Tests works under a dark theme
00:24 +311 ~161: /Users/nguyenanhkiet/Playground/grex/test/features/payments/presentation/widgets/payment_list_item_test.dart: PaymentListItem Widget Tests should display consistent layout structure
  Skip: TODO(payment-widget): assertions in this file do not match what the current PaymentListItem renders (date format, currency symbol, amount formatting). Update assertions or product before re-enabling.
00:24 +311 ~162: /Users/nguyenanhkiet/Playground/grex/test/features/payments/presentation/widgets/empty_payments_widget_test.dart: EmptyPaymentsWidget Tests works under a dark theme
00:25 +312 ~162: /Users/nguyenanhkiet/Playground/grex/test/features/payments/presentation/bloc/payment_bloc_test.dart: PaymentBloc PaymentsLoadRequested should emit [PaymentLoading, PaymentsLoaded] when payments are loaded successfully
00:25 +313 ~162: /Users/nguyenanhkiet/Playground/grex/test/features/payments/presentation/bloc/payment_bloc_test.dart: PaymentBloc PaymentsLoadRequested should emit [PaymentLoading, PaymentError] when loading fails
00:25 +314 ~162: /Users/nguyenanhkiet/Playground/grex/test/features/payments/presentation/bloc/payment_bloc_test.dart: PaymentBloc PaymentCreateRequested should emit [PaymentLoading, PaymentOperationSuccess] when payment is created successfully
00:25 +315 ~162: /Users/nguyenanhkiet/Playground/grex/test/features/payments/presentation/bloc/payment_bloc_test.dart: PaymentBloc PaymentCreateRequested should emit [PaymentLoading, PaymentError] when creation fails
00:25 +316 ~162: /Users/nguyenanhkiet/Playground/grex/test/features/payments/presentation/bloc/payment_bloc_test.dart: PaymentBloc PaymentDeleteRequested should emit [PaymentLoading, PaymentOperationSuccess] when payment is deleted successfully
00:25 +317 ~162: /Users/nguyenanhkiet/Playground/grex/test/features/payments/presentation/bloc/payment_bloc_test.dart: PaymentBloc PaymentDeleteRequested should emit [PaymentLoading, PaymentError] when deletion fails
00:25 +318 ~162: /Users/nguyenanhkiet/Playground/grex/test/features/payments/presentation/bloc/payment_bloc_test.dart: PaymentBloc PaymentLoadRequested should emit [PaymentLoading, PaymentDetailLoaded] when payment is loaded successfully
00:25 +319 ~162: /Users/nguyenanhkiet/Playground/grex/test/features/payments/presentation/bloc/payment_bloc_test.dart: PaymentBloc PaymentLoadRequested should emit [PaymentLoading, PaymentError] when loading fails
00:25 +320 ~162: /Users/nguyenanhkiet/Playground/grex/test/features/payments/presentation/bloc/payment_bloc_test.dart: PaymentBloc PaymentFilterRequested should apply filters to payments
00:25 +321 ~162: /Users/nguyenanhkiet/Playground/grex/test/features/payments/presentation/bloc/payment_bloc_test.dart: PaymentBloc PaymentFilterRequested should clear filters when all criteria are null
00:25 +322 ~162: /Users/nguyenanhkiet/Playground/grex/test/features/payments/presentation/bloc/payment_bloc_test.dart: PaymentBloc PaymentFilterCleared should clear all filters
00:25 +323 ~162: /Users/nguyenanhkiet/Playground/grex/test/features/payments/presentation/bloc/payment_bloc_test.dart: PaymentBloc PaymentSortRequested should sort payments by date ascending
00:25 +324 ~162: /Users/nguyenanhkiet/Playground/grex/test/features/payments/presentation/bloc/payment_bloc_test.dart: PaymentBloc PaymentSortRequested should sort payments by amount descending
00:25 +325 ~162: /Users/nguyenanhkiet/Playground/grex/test/features/payments/presentation/bloc/payment_bloc_test.dart: PaymentBloc PaymentSortRequested should sort payments by payer name ascending
00:25 +326 ~162: /Users/nguyenanhkiet/Playground/grex/test/features/payments/presentation/bloc/payment_bloc_test.dart: PaymentBloc PaymentRefreshRequested should trigger PaymentsLoadRequested when refresh is requested
00:25 +327 ~162: /Users/nguyenanhkiet/Playground/grex/test/features/payments/presentation/bloc/payment_bloc_test.dart: PaymentBloc Helper Methods canDeletePayment should return true when payment exists
00:25 +328 ~162: /Users/nguyenanhkiet/Playground/grex/test/features/payments/presentation/bloc/payment_bloc_test.dart: PaymentBloc Helper Methods getFilterSummary should return correct summary
00:25 +329 ~162: /Users/nguyenanhkiet/Playground/grex/test/features/payments/presentation/bloc/payment_bloc_test.dart: PaymentBloc Helper Methods getPaymentsByUser should return correct payments
00:25 +330 ~162: /Users/nguyenanhkiet/Playground/grex/test/features/payments/presentation/bloc/payment_bloc_test.dart: PaymentBloc Helper Methods getTotalPaidByUser should return correct amount
00:25 +331 ~162: /Users/nguyenanhkiet/Playground/grex/test/features/payments/presentation/bloc/payment_bloc_test.dart: PaymentBloc Helper Methods getTotalReceivedByUser should return correct amount
00:25 +332 ~162: /Users/nguyenanhkiet/Playground/grex/test/features/payments/presentation/bloc/payment_bloc_test.dart: PaymentBloc Helper Methods getNetPaymentForUser should return correct net amount
00:25 +333 ~162: /Users/nguyenanhkiet/Playground/grex/test/features/payments/presentation/bloc/payment_bloc_test.dart: PaymentBloc Real-time Updates should handle real-time payment updates
00:25 +334 ~162: /Users/nguyenanhkiet/Playground/grex/test/features/payments/presentation/bloc/payment_bloc_test.dart: PaymentBloc Real-time Updates should handle real-time connection errors gracefully
00:25 +335 ~162: /Users/nguyenanhkiet/Playground/grex/test/features/payments/presentation/bloc/payment_bloc_test.dart: PaymentBloc State Transitions PaymentsLoaded state helper methods work correctly
00:25 +336 ~162: /Users/nguyenanhkiet/Playground/grex/test/features/payments/presentation/bloc/payment_bloc_test.dart: PaymentBloc State Transitions PaymentFilter matches method works correctly
00:25 +337 ~162: /Users/nguyenanhkiet/Playground/grex/test/features/payments/presentation/bloc/payment_bloc_test.dart: PaymentBloc State Transitions PaymentFilter description works correctly
00:25 +338 ~162: /Users/nguyenanhkiet/Playground/grex/test/features/payments/presentation/bloc/payment_bloc_property_test.dart: PaymentBloc Property-Based Tests Property 16: Payment listing includes timestamps should include valid timestamps for all payments with 1000+ iterations
  Skip: TODO(payment-property-tests): iteration count is now small enough to run, but each test uses `expectLater(paymentBloc.stream, ...)` AFTER `paymentBloc.add(...)` and bloc.stream is a broadcast stream that does not replay — the Loading/Loaded emits race the test subscriber and the stream closes by the time the test listens. Restructure with bloc_test's blocTest (which subscribes first) or subscribe before dispatching to re-enable.
00:25 +338 ~163: /Users/nguyenanhkiet/Playground/grex/test/features/payments/presentation/bloc/payment_bloc_property_test.dart: PaymentBloc Property-Based Tests Property 16: Payment listing includes timestamps should maintain timestamp consistency during sorting with 500+ iterations
  Skip: TODO(payment-property-tests): iteration count is now small enough to run, but each test uses `expectLater(paymentBloc.stream, ...)` AFTER `paymentBloc.add(...)` and bloc.stream is a broadcast stream that does not replay — the Loading/Loaded emits race the test subscriber and the stream closes by the time the test listens. Restructure with bloc_test's blocTest (which subscribes first) or subscribe before dispatching to re-enable.
00:25 +338 ~164: /Users/nguyenanhkiet/Playground/grex/test/features/payments/presentation/bloc/payment_bloc_property_test.dart: PaymentBloc Property-Based Tests Property 16: Payment listing includes timestamps should preserve timestamps during filtering with 500+ iterations
  Skip: TODO(payment-property-tests): iteration count is now small enough to run, but each test uses `expectLater(paymentBloc.stream, ...)` AFTER `paymentBloc.add(...)` and bloc.stream is a broadcast stream that does not replay — the Loading/Loaded emits race the test subscriber and the stream closes by the time the test listens. Restructure with bloc_test's blocTest (which subscribes first) or subscribe before dispatching to re-enable.
00:25 +338 ~165: /Users/nguyenanhkiet/Playground/grex/test/features/payments/presentation/bloc/payment_bloc_property_test.dart: PaymentBloc Property-Based Tests Property 16: Payment listing includes timestamps should handle real-time updates with valid timestamps with 300+ iterations
  Skip: TODO(payment-property-tests): iteration count is now small enough to run, but each test uses `expectLater(paymentBloc.stream, ...)` AFTER `paymentBloc.add(...)` and bloc.stream is a broadcast stream that does not replay — the Loading/Loaded emits race the test subscriber and the stream closes by the time the test listens. Restructure with bloc_test's blocTest (which subscribes first) or subscribe before dispatching to re-enable.
00:25 +338 ~166: /Users/nguyenanhkiet/Playground/grex/test/features/payments/presentation/bloc/payment_bloc_property_test.dart: PaymentBloc Property-Based Tests Property 16: Payment listing includes timestamps should maintain timestamp integrity across operations with 200+ iterations
  Skip: TODO(payment-property-tests): iteration count is now small enough to run, but each test uses `expectLater(paymentBloc.stream, ...)` AFTER `paymentBloc.add(...)` and bloc.stream is a broadcast stream that does not replay — the Loading/Loaded emits race the test subscriber and the stream closes by the time the test listens. Restructure with bloc_test's blocTest (which subscribes first) or subscribe before dispatching to re-enable.
00:26 +338 ~167: /Users/nguyenanhkiet/Playground/grex/test/features/auth/integration/auth_integration_test.dart: End-to-End Authentication Tests Complete registration flow from UI to database
  Skip: TODO(integration): pumps the full MyApp tree without ProviderScope/locale/mock-wiring, so assertions fail before reaching the UI under test. Re-enable after auth integration setup is rebuilt around pumpAuthWidget and profile pages are i18n-wired.
00:26 +338 ~168: /Users/nguyenanhkiet/Playground/grex/test/features/auth/integration/auth_integration_test.dart: End-to-End Authentication Tests Complete login flow with session establishment
  Skip: TODO(integration): pumps the full MyApp tree without ProviderScope/locale/mock-wiring, so assertions fail before reaching the UI under test. Re-enable after auth integration setup is rebuilt around pumpAuthWidget and profile pages are i18n-wired.
00:26 +338 ~169: /Users/nguyenanhkiet/Playground/grex/test/features/auth/integration/auth_integration_test.dart: End-to-End Authentication Tests Password reset flow end-to-end
  Skip: TODO(integration): pumps the full MyApp tree without ProviderScope/locale/mock-wiring, so assertions fail before reaching the UI under test. Re-enable after auth integration setup is rebuilt around pumpAuthWidget and profile pages are i18n-wired.
00:26 +338 ~170: /Users/nguyenanhkiet/Playground/grex/test/features/auth/integration/auth_integration_test.dart: End-to-End Authentication Tests Email verification flow
  Skip: TODO(integration): pumps the full MyApp tree without ProviderScope/locale/mock-wiring, so assertions fail before reaching the UI under test. Re-enable after auth integration setup is rebuilt around pumpAuthWidget and profile pages are i18n-wired.
00:26 +338 ~171: /Users/nguyenanhkiet/Playground/grex/test/features/auth/integration/auth_integration_test.dart: End-to-End Authentication Tests Registration with validation errors
  Skip: TODO(integration): pumps the full MyApp tree without ProviderScope/locale/mock-wiring, so assertions fail before reaching the UI under test. Re-enable after auth integration setup is rebuilt around pumpAuthWidget and profile pages are i18n-wired.
00:26 +338 ~172: /Users/nguyenanhkiet/Playground/grex/test/features/auth/integration/auth_integration_test.dart: End-to-End Authentication Tests Login with authentication failure
  Skip: TODO(integration): pumps the full MyApp tree without ProviderScope/locale/mock-wiring, so assertions fail before reaching the UI under test. Re-enable after auth integration setup is rebuilt around pumpAuthWidget and profile pages are i18n-wired.
00:27 +338 ~173: /Users/nguyenanhkiet/Playground/grex/test/features/auth/integration/auth_flow_integration_test.dart: Authentication Flow Integration Tests Complete registration flow from UI to repository
  Skip: TODO(integration): pumps the full MyApp tree without ProviderScope/locale/mock-wiring, so assertions fail before reaching the UI under test. Re-enable after auth integration setup is rebuilt around pumpAuthWidget and profile pages are i18n-wired.
00:27 +338 ~174: /Users/nguyenanhkiet/Playground/grex/test/features/auth/integration/auth_flow_integration_test.dart: Authentication Flow Integration Tests Complete login flow with session establishment
  Skip: TODO(integration): pumps the full MyApp tree without ProviderScope/locale/mock-wiring, so assertions fail before reaching the UI under test. Re-enable after auth integration setup is rebuilt around pumpAuthWidget and profile pages are i18n-wired.
00:27 +338 ~175: /Users/nguyenanhkiet/Playground/grex/test/features/auth/integration/auth_flow_integration_test.dart: Authentication Flow Integration Tests Login with authentication failure shows error
  Skip: TODO(integration): pumps the full MyApp tree without ProviderScope/locale/mock-wiring, so assertions fail before reaching the UI under test. Re-enable after auth integration setup is rebuilt around pumpAuthWidget and profile pages are i18n-wired.
00:27 +338 ~176: /Users/nguyenanhkiet/Playground/grex/test/features/auth/integration/auth_flow_integration_test.dart: Authentication Flow Integration Tests Registration with validation errors
  Skip: TODO(integration): pumps the full MyApp tree without ProviderScope/locale/mock-wiring, so assertions fail before reaching the UI under test. Re-enable after auth integration setup is rebuilt around pumpAuthWidget and profile pages are i18n-wired.
00:27 +338 ~177: /Users/nguyenanhkiet/Playground/grex/test/features/auth/integration/auth_flow_integration_test.dart: Profile Management Integration Tests Profile loading from repository
  Skip: TODO(integration): see file-level note on the auth flow group — same root cause (no ProviderScope, no locale, no mock-wiring).
00:27 +338 ~178: /Users/nguyenanhkiet/Playground/grex/test/features/auth/integration/auth_flow_integration_test.dart: Profile Management Integration Tests Profile update with repository persistence
  Skip: TODO(integration): see file-level note on the auth flow group — same root cause (no ProviderScope, no locale, no mock-wiring).
00:27 +338 ~179: /Users/nguyenanhkiet/Playground/grex/test/features/auth/integration/auth_flow_integration_test.dart: Profile Management Integration Tests Profile error scenarios
  Skip: TODO(integration): see file-level note on the auth flow group — same root cause (no ProviderScope, no locale, no mock-wiring).
00:27 +338 ~180: /Users/nguyenanhkiet/Playground/grex/test/features/auth/integration/auth_flow_integration_test.dart: Session Management Integration Tests Session initialization on app start
  Skip: TODO(integration): see file-level note on the auth flow group — same root cause (no ProviderScope, no locale, no mock-wiring).
00:27 +338 ~181: /Users/nguyenanhkiet/Playground/grex/test/features/auth/integration/auth_flow_integration_test.dart: Session Management Integration Tests Session cleanup on logout
  Skip: TODO(integration): see file-level note on the auth flow group — same root cause (no ProviderScope, no locale, no mock-wiring).
00:27 +338 ~182: /Users/nguyenanhkiet/Playground/grex/test/features/auth/integration/auth_flow_integration_test.dart: Session Management Integration Tests Session expiration handling
  Skip: TODO(integration): see file-level note on the auth flow group — same root cause (no ProviderScope, no locale, no mock-wiring).
00:27 +338 ~183: /Users/nguyenanhkiet/Playground/grex/test/features/auth/integration/profile_flow_integration_test.dart: Profile Management Flow Integration Tests Profile display flow - load and show data
  Skip: TODO(integration): pumps the full MyApp tree without ProviderScope/locale/mock-wiring, so assertions fail before reaching the UI under test. Re-enable after auth integration setup is rebuilt around pumpAuthWidget and profile pages are i18n-wired.
00:27 +338 ~184: /Users/nguyenanhkiet/Playground/grex/test/features/auth/integration/profile_flow_integration_test.dart: Profile Management Flow Integration Tests Profile edit flow - update and persist changes
  Skip: TODO(integration): pumps the full MyApp tree without ProviderScope/locale/mock-wiring, so assertions fail before reaching the UI under test. Re-enable after auth integration setup is rebuilt around pumpAuthWidget and profile pages are i18n-wired.
00:27 +338 ~185: /Users/nguyenanhkiet/Playground/grex/test/features/auth/integration/profile_flow_integration_test.dart: Profile Management Flow Integration Tests Profile validation flow - prevent invalid updates
  Skip: TODO(integration): pumps the full MyApp tree without ProviderScope/locale/mock-wiring, so assertions fail before reaching the UI under test. Re-enable after auth integration setup is rebuilt around pumpAuthWidget and profile pages are i18n-wired.
00:27 +338 ~186: /Users/nguyenanhkiet/Playground/grex/test/features/auth/integration/profile_flow_integration_test.dart: Profile Management Flow Integration Tests Profile error handling flow - network failure
  Skip: TODO(integration): pumps the full MyApp tree without ProviderScope/locale/mock-wiring, so assertions fail before reaching the UI under test. Re-enable after auth integration setup is rebuilt around pumpAuthWidget and profile pages are i18n-wired.
00:27 +338 ~187: /Users/nguyenanhkiet/Playground/grex/test/features/auth/integration/profile_flow_integration_test.dart: Profile Management Flow Integration Tests Profile retry flow - recover from error
  Skip: TODO(integration): pumps the full MyApp tree without ProviderScope/locale/mock-wiring, so assertions fail before reaching the UI under test. Re-enable after auth integration setup is rebuilt around pumpAuthWidget and profile pages are i18n-wired.
00:27 +338 ~188: /Users/nguyenanhkiet/Playground/grex/test/features/auth/integration/profile_flow_integration_test.dart: Profile Management Flow Integration Tests Profile update error flow - handle update failure
  Skip: TODO(integration): pumps the full MyApp tree without ProviderScope/locale/mock-wiring, so assertions fail before reaching the UI under test. Re-enable after auth integration setup is rebuilt around pumpAuthWidget and profile pages are i18n-wired.
00:27 +338 ~189: /Users/nguyenanhkiet/Playground/grex/test/features/auth/integration/profile_flow_integration_test.dart: Profile Management Flow Integration Tests Profile optimistic update flow - rollback on failure
  Skip: TODO(integration): pumps the full MyApp tree without ProviderScope/locale/mock-wiring, so assertions fail before reaching the UI under test. Re-enable after auth integration setup is rebuilt around pumpAuthWidget and profile pages are i18n-wired.
00:27 +338 ~190: /Users/nguyenanhkiet/Playground/grex/test/features/auth/integration/profile_flow_integration_test.dart: Profile Management Flow Integration Tests Profile data consistency flow - multiple operations
  Skip: TODO(integration): pumps the full MyApp tree without ProviderScope/locale/mock-wiring, so assertions fail before reaching the UI under test. Re-enable after auth integration setup is rebuilt around pumpAuthWidget and profile pages are i18n-wired.
00:27 +338 ~191: /Users/nguyenanhkiet/Playground/grex/test/features/auth/integration/session_flow_integration_test.dart: Session Management Flow Integration Tests Session persistence flow - app restart with valid session
  Skip: TODO(integration): pumps the full MyApp tree without ProviderScope/locale/mock-wiring, so assertions fail before reaching the UI under test. Re-enable after auth integration setup is rebuilt around pumpAuthWidget and profile pages are i18n-wired.
00:27 +338 ~192: /Users/nguyenanhkiet/Playground/grex/test/features/auth/integration/session_flow_integration_test.dart: Session Management Flow Integration Tests Session expiration flow - handle expired session
  Skip: TODO(integration): pumps the full MyApp tree without ProviderScope/locale/mock-wiring, so assertions fail before reaching the UI under test. Re-enable after auth integration setup is rebuilt around pumpAuthWidget and profile pages are i18n-wired.
00:27 +338 ~193: /Users/nguyenanhkiet/Playground/grex/test/features/auth/integration/session_flow_integration_test.dart: Session Management Flow Integration Tests Session refresh flow - automatic token refresh
  Skip: TODO(integration): pumps the full MyApp tree without ProviderScope/locale/mock-wiring, so assertions fail before reaching the UI under test. Re-enable after auth integration setup is rebuilt around pumpAuthWidget and profile pages are i18n-wired.
00:27 +338 ~194: /Users/nguyenanhkiet/Playground/grex/test/features/auth/integration/session_flow_integration_test.dart: Session Management Flow Integration Tests Session cleanup flow - logout clears session
  Skip: TODO(integration): pumps the full MyApp tree without ProviderScope/locale/mock-wiring, so assertions fail before reaching the UI under test. Re-enable after auth integration setup is rebuilt around pumpAuthWidget and profile pages are i18n-wired.
00:27 +338 ~195: /Users/nguyenanhkiet/Playground/grex/test/features/auth/integration/session_flow_integration_test.dart: Session Management Flow Integration Tests Session integrity flow - handle corrupted session data
  Skip: TODO(integration): pumps the full MyApp tree without ProviderScope/locale/mock-wiring, so assertions fail before reaching the UI under test. Re-enable after auth integration setup is rebuilt around pumpAuthWidget and profile pages are i18n-wired.
00:27 +338 ~196: /Users/nguyenanhkiet/Playground/grex/test/features/auth/integration/session_flow_integration_test.dart: Session Management Flow Integration Tests Session validation flow - periodic validation
  Skip: TODO(integration): pumps the full MyApp tree without ProviderScope/locale/mock-wiring, so assertions fail before reaching the UI under test. Re-enable after auth integration setup is rebuilt around pumpAuthWidget and profile pages are i18n-wired.
00:27 +338 ~197: /Users/nguyenanhkiet/Playground/grex/test/features/auth/integration/session_flow_integration_test.dart: Session Management Flow Integration Tests Session start flow - new authentication session
  Skip: TODO(integration): pumps the full MyApp tree without ProviderScope/locale/mock-wiring, so assertions fail before reaching the UI under test. Re-enable after auth integration setup is rebuilt around pumpAuthWidget and profile pages are i18n-wired.
00:27 +338 ~198: /Users/nguyenanhkiet/Playground/grex/test/features/auth/integration/session_flow_integration_test.dart: Session Management Flow Integration Tests Session manager integration with AuthBloc
  Skip: TODO(integration): pumps the full MyApp tree without ProviderScope/locale/mock-wiring, so assertions fail before reaching the UI under test. Re-enable after auth integration setup is rebuilt around pumpAuthWidget and profile pages are i18n-wired.
00:27 +338 ~199: /Users/nguyenanhkiet/Playground/grex/test/features/auth/integration/session_flow_integration_test.dart: Session Management Flow Integration Tests Session expiry information flow
  Skip: TODO(integration): pumps the full MyApp tree without ProviderScope/locale/mock-wiring, so assertions fail before reaching the UI under test. Re-enable after auth integration setup is rebuilt around pumpAuthWidget and profile pages are i18n-wired.
00:27 +338 ~200: /Users/nguyenanhkiet/Playground/grex/test/features/auth/integration/session_flow_integration_test.dart: Session Management Flow Integration Tests Session refresh failure flow - handle refresh errors
  Skip: TODO(integration): pumps the full MyApp tree without ProviderScope/locale/mock-wiring, so assertions fail before reaching the UI under test. Re-enable after auth integration setup is rebuilt around pumpAuthWidget and profile pages are i18n-wired.
00:27 +338 ~201: /Users/nguyenanhkiet/Playground/grex/test/features/auth/integration/session_flow_integration_test.dart: Session Management Flow Integration Tests Session current data flow - get active session
  Skip: TODO(integration): pumps the full MyApp tree without ProviderScope/locale/mock-wiring, so assertions fail before reaching the UI under test. Re-enable after auth integration setup is rebuilt around pumpAuthWidget and profile pages are i18n-wired.
00:28 +338 ~202: /Users/nguyenanhkiet/Playground/grex/test/features/auth/data/utils/social_auth_error_mapper_test.dart: SocialAuthErrorMapper mapError should map Supabase AuthException with network error
00:28 +338 ~202: /Users/nguyenanhkiet/Playground/grex/test/features/auth/integration/session_integration_test.dart: Session Management Integration Tests Session persistence across app restarts
  Skip: TODO(integration): pumps the full MyApp tree without ProviderScope/locale/mock-wiring, so assertions fail before reaching the UI under test. Re-enable after auth integration setup is rebuilt around pumpAuthWidget and profile pages are i18n-wired.
00:28 +338 ~203: /Users/nguyenanhkiet/Playground/grex/test/features/auth/data/utils/social_auth_error_mapper_test.dart: SocialAuthErrorMapper mapError should map Supabase AuthException with network error
00:28 +338 ~203: /Users/nguyenanhkiet/Playground/grex/test/features/auth/integration/session_integration_test.dart: Session Management Integration Tests Session expiration handling
  Skip: TODO(integration): pumps the full MyApp tree without ProviderScope/locale/mock-wiring, so assertions fail before reaching the UI under test. Re-enable after auth integration setup is rebuilt around pumpAuthWidget and profile pages are i18n-wired.
00:28 +338 ~204: /Users/nguyenanhkiet/Playground/grex/test/features/auth/data/utils/social_auth_error_mapper_test.dart: SocialAuthErrorMapper mapError should map Supabase AuthException with network error
00:28 +338 ~204: /Users/nguyenanhkiet/Playground/grex/test/features/auth/integration/session_integration_test.dart: Session Management Integration Tests Automatic session refresh
  Skip: TODO(integration): pumps the full MyApp tree without ProviderScope/locale/mock-wiring, so assertions fail before reaching the UI under test. Re-enable after auth integration setup is rebuilt around pumpAuthWidget and profile pages are i18n-wired.
00:28 +338 ~205: /Users/nguyenanhkiet/Playground/grex/test/features/auth/data/utils/social_auth_error_mapper_test.dart: SocialAuthErrorMapper mapError should map Supabase AuthException with network error
00:28 +338 ~205: /Users/nguyenanhkiet/Playground/grex/test/features/auth/integration/session_integration_test.dart: Session Management Integration Tests Session cleanup on logout
  Skip: TODO(integration): pumps the full MyApp tree without ProviderScope/locale/mock-wiring, so assertions fail before reaching the UI under test. Re-enable after auth integration setup is rebuilt around pumpAuthWidget and profile pages are i18n-wired.
00:28 +338 ~206: /Users/nguyenanhkiet/Playground/grex/test/features/auth/data/utils/social_auth_error_mapper_test.dart: SocialAuthErrorMapper mapError should map Supabase AuthException with network error
00:28 +338 ~206: /Users/nguyenanhkiet/Playground/grex/test/features/auth/integration/session_integration_test.dart: Session Management Integration Tests Session integrity validation
  Skip: TODO(integration): pumps the full MyApp tree without ProviderScope/locale/mock-wiring, so assertions fail before reaching the UI under test. Re-enable after auth integration setup is rebuilt around pumpAuthWidget and profile pages are i18n-wired.
00:28 +338 ~207: /Users/nguyenanhkiet/Playground/grex/test/features/auth/data/utils/social_auth_error_mapper_test.dart: SocialAuthErrorMapper mapError should map Supabase AuthException with network error
00:28 +338 ~207: /Users/nguyenanhkiet/Playground/grex/test/features/auth/integration/session_integration_test.dart: Session Management Integration Tests Multiple session refresh attempts
  Skip: TODO(integration): pumps the full MyApp tree without ProviderScope/locale/mock-wiring, so assertions fail before reaching the UI under test. Re-enable after auth integration setup is rebuilt around pumpAuthWidget and profile pages are i18n-wired.
00:28 +338 ~208: /Users/nguyenanhkiet/Playground/grex/test/features/auth/data/utils/social_auth_error_mapper_test.dart: SocialAuthErrorMapper mapError should map Supabase AuthException with network error
00:28 +338 ~208: /Users/nguyenanhkiet/Playground/grex/test/features/auth/integration/session_integration_test.dart: Session Management Integration Tests Session validation on app resume
  Skip: TODO(integration): pumps the full MyApp tree without ProviderScope/locale/mock-wiring, so assertions fail before reaching the UI under test. Re-enable after auth integration setup is rebuilt around pumpAuthWidget and profile pages are i18n-wired.
00:28 +338 ~209: /Users/nguyenanhkiet/Playground/grex/test/features/auth/data/utils/social_auth_error_mapper_test.dart: SocialAuthErrorMapper mapError should map Supabase AuthException with network error
00:28 +338 ~209: /Users/nguyenanhkiet/Playground/grex/test/features/auth/integration/session_integration_test.dart: Session Management Integration Tests Concurrent session operations
  Skip: TODO(integration): pumps the full MyApp tree without ProviderScope/locale/mock-wiring, so assertions fail before reaching the UI under test. Re-enable after auth integration setup is rebuilt around pumpAuthWidget and profile pages are i18n-wired.
00:28 +338 ~210: /Users/nguyenanhkiet/Playground/grex/test/features/auth/data/utils/social_auth_error_mapper_test.dart: SocialAuthErrorMapper mapError should map Supabase AuthException with network error
00:28 +339 ~210: /Users/nguyenanhkiet/Playground/grex/test/features/auth/data/utils/social_auth_error_mapper_test.dart: SocialAuthErrorMapper mapError should map Supabase AuthException with timeout error
00:28 +340 ~210: /Users/nguyenanhkiet/Playground/grex/test/features/auth/data/utils/social_auth_error_mapper_test.dart: SocialAuthErrorMapper mapError should map Supabase AuthException with cancellation error
00:28 +341 ~210: /Users/nguyenanhkiet/Playground/grex/test/features/auth/data/utils/social_auth_error_mapper_test.dart: SocialAuthErrorMapper mapError should map Supabase AuthException with access denied
00:28 +342 ~210: /Users/nguyenanhkiet/Playground/grex/test/features/auth/data/utils/social_auth_error_mapper_test.dart: SocialAuthErrorMapper mapError should map Supabase AuthException with account linking error
00:28 +343 ~210: /Users/nguyenanhkiet/Playground/grex/test/features/auth/data/utils/social_auth_error_mapper_test.dart: SocialAuthErrorMapper mapError should map Supabase AuthException with OAuth provider error
00:28 +344 ~210: /Users/nguyenanhkiet/Playground/grex/test/features/auth/data/utils/social_auth_error_mapper_test.dart: SocialAuthErrorMapper mapError should map generic Supabase AuthException
00:28 +345 ~210: /Users/nguyenanhkiet/Playground/grex/test/features/auth/data/utils/social_auth_error_mapper_test.dart: SocialAuthErrorMapper mapError should map TimeoutException
00:28 +346 ~210: /Users/nguyenanhkiet/Playground/grex/test/features/auth/data/utils/social_auth_error_mapper_test.dart: SocialAuthErrorMapper mapError should map network-related generic exceptions
00:28 +347 ~210: /Users/nguyenanhkiet/Playground/grex/test/features/auth/data/utils/social_auth_error_mapper_test.dart: SocialAuthErrorMapper mapError should map socket exceptions
00:28 +348 ~210: /Users/nguyenanhkiet/Playground/grex/test/features/auth/data/utils/social_auth_error_mapper_test.dart: SocialAuthErrorMapper mapError should map timeout-related generic exceptions
00:28 +349 ~210: /Users/nguyenanhkiet/Playground/grex/test/features/auth/data/utils/social_auth_error_mapper_test.dart: SocialAuthErrorMapper mapError should map cancellation-related generic exceptions
00:28 +350 ~210: /Users/nguyenanhkiet/Playground/grex/test/features/auth/data/utils/social_auth_error_mapper_test.dart: SocialAuthErrorMapper mapError should map account linking generic exceptions
00:28 +351 ~210: /Users/nguyenanhkiet/Playground/grex/test/features/auth/data/utils/social_auth_error_mapper_test.dart: SocialAuthErrorMapper mapError should map unknown exceptions to generic social auth failure
00:28 +352 ~210: /Users/nguyenanhkiet/Playground/grex/test/features/auth/data/utils/social_auth_error_mapper_test.dart: SocialAuthErrorMapper specific mapping methods mapNetworkError should return SocialAuthNetworkFailure
00:28 +353 ~210: /Users/nguyenanhkiet/Playground/grex/test/features/auth/data/utils/social_auth_error_mapper_test.dart: SocialAuthErrorMapper specific mapping methods mapTimeoutError should return SocialAuthTimeoutFailure
00:28 +354 ~210: /Users/nguyenanhkiet/Playground/grex/test/features/auth/data/utils/social_auth_error_mapper_test.dart: SocialAuthErrorMapper specific mapping methods mapAccountLinkingError should return AccountLinkingFailure
00:28 +355 ~210: /Users/nguyenanhkiet/Playground/grex/test/features/auth/data/utils/social_auth_error_mapper_test.dart: SocialAuthErrorMapper specific mapping methods mapCancellationError should return SocialAuthCancelledFailure
00:28 +356 ~210: /Users/nguyenanhkiet/Playground/grex/test/features/auth/data/utils/social_auth_error_mapper_test.dart: SocialAuthErrorMapper message sanitization should remove technical prefixes from error messages
00:28 +357 ~210: /Users/nguyenanhkiet/Playground/grex/test/features/auth/data/utils/social_auth_error_mapper_test.dart: SocialAuthErrorMapper message sanitization should remove stack trace information
00:28 +358 ~210: /Users/nguyenanhkiet/Playground/grex/test/features/auth/data/utils/social_auth_error_mapper_test.dart: SocialAuthErrorMapper message sanitization should remove technical error codes in brackets
00:28 +359 ~210: /Users/nguyenanhkiet/Playground/grex/test/features/auth/data/utils/social_auth_error_mapper_test.dart: SocialAuthErrorMapper message sanitization should remove URLs from error messages
00:28 +360 ~210: /Users/nguyenanhkiet/Playground/grex/test/features/auth/data/utils/social_auth_error_mapper_test.dart: SocialAuthErrorMapper message sanitization should remove technical identifiers
00:28 +361 ~210: /Users/nguyenanhkiet/Playground/grex/test/features/auth/data/utils/social_auth_error_mapper_test.dart: SocialAuthErrorMapper message sanitization should ensure proper capitalization
00:28 +362 ~210: /Users/nguyenanhkiet/Playground/grex/test/features/auth/data/utils/social_auth_error_mapper_test.dart: SocialAuthErrorMapper message sanitization should provide fallback message for empty sanitized strings
00:28 +363 ~210: /Users/nguyenanhkiet/Playground/grex/test/features/auth/data/utils/social_auth_error_mapper_test.dart: SocialAuthErrorMapper error detection helpers should correctly identify network errors
00:28 +364 ~210: /Users/nguyenanhkiet/Playground/grex/test/features/auth/data/utils/social_auth_error_mapper_test.dart: SocialAuthErrorMapper error detection helpers should correctly identify timeout errors
00:28 +365 ~210: /Users/nguyenanhkiet/Playground/grex/test/features/auth/data/utils/social_auth_error_mapper_test.dart: SocialAuthErrorMapper error detection helpers should correctly identify cancellation errors
00:28 +366 ~210: /Users/nguyenanhkiet/Playground/grex/test/features/auth/data/utils/social_auth_error_mapper_test.dart: SocialAuthErrorMapper error detection helpers should correctly identify account linking errors
00:28 +367 ~210: /Users/nguyenanhkiet/Playground/grex/test/features/auth/data/utils/social_auth_error_mapper_test.dart: SocialAuthErrorMapper edge cases should handle null error messages
00:28 +368 ~210: /Users/nguyenanhkiet/Playground/grex/test/features/auth/data/utils/social_auth_error_mapper_test.dart: SocialAuthErrorMapper edge cases should handle very long error messages
00:28 +369 ~210: /Users/nguyenanhkiet/Playground/grex/test/features/auth/data/utils/social_auth_error_mapper_test.dart: SocialAuthErrorMapper edge cases should handle error messages with special characters
00:28 +370 ~210: /Users/nguyenanhkiet/Playground/grex/test/features/auth/data/utils/social_auth_error_mapper_test.dart: SocialAuthErrorMapper edge cases should handle error messages with unicode characters
00:28 +371 ~210: /Users/nguyenanhkiet/Playground/grex/test/features/auth/integration/profile_integration_test.dart: Profile Management Integration Tests Profile loading from database
  Skip: TODO(integration): pumps the full MyApp tree without ProviderScope/locale/mock-wiring, so assertions fail before reaching the UI under test. Re-enable after auth integration setup is rebuilt around pumpAuthWidget and profile pages are i18n-wired.
00:28 +371 ~211: /Users/nguyenanhkiet/Playground/grex/test/features/auth/integration/profile_integration_test.dart: Profile Management Integration Tests Profile updates with database persistence
  Skip: TODO(integration): pumps the full MyApp tree without ProviderScope/locale/mock-wiring, so assertions fail before reaching the UI under test. Re-enable after auth integration setup is rebuilt around pumpAuthWidget and profile pages are i18n-wired.
00:28 +371 ~212: /Users/nguyenanhkiet/Playground/grex/test/features/auth/integration/profile_integration_test.dart: Profile Management Integration Tests Profile error scenarios
  Skip: TODO(integration): pumps the full MyApp tree without ProviderScope/locale/mock-wiring, so assertions fail before reaching the UI under test. Re-enable after auth integration setup is rebuilt around pumpAuthWidget and profile pages are i18n-wired.
00:28 +371 ~213: /Users/nguyenanhkiet/Playground/grex/test/features/auth/integration/profile_integration_test.dart: Profile Management Integration Tests Profile update validation errors
  Skip: TODO(integration): pumps the full MyApp tree without ProviderScope/locale/mock-wiring, so assertions fail before reaching the UI under test. Re-enable after auth integration setup is rebuilt around pumpAuthWidget and profile pages are i18n-wired.
00:28 +371 ~214: /Users/nguyenanhkiet/Playground/grex/test/features/auth/integration/profile_integration_test.dart: Profile Management Integration Tests Profile update network error handling
  Skip: TODO(integration): pumps the full MyApp tree without ProviderScope/locale/mock-wiring, so assertions fail before reaching the UI under test. Re-enable after auth integration setup is rebuilt around pumpAuthWidget and profile pages are i18n-wired.
00:28 +371 ~215: /Users/nguyenanhkiet/Playground/grex/test/features/auth/integration/profile_integration_test.dart: Profile Management Integration Tests Profile update optimistic updates and rollback
  Skip: TODO(integration): pumps the full MyApp tree without ProviderScope/locale/mock-wiring, so assertions fail before reaching the UI under test. Re-enable after auth integration setup is rebuilt around pumpAuthWidget and profile pages are i18n-wired.
00:28 +371 ~216: /Users/nguyenanhkiet/Playground/grex/test/features/auth/integration/profile_integration_test.dart: Profile Management Integration Tests Profile data consistency across navigation
  Skip: TODO(integration): pumps the full MyApp tree without ProviderScope/locale/mock-wiring, so assertions fail before reaching the UI under test. Re-enable after auth integration setup is rebuilt around pumpAuthWidget and profile pages are i18n-wired.
00:29 +371 ~217: /Users/nguyenanhkiet/Playground/grex/test/features/auth/data/utils/social_auth_error_mapper_property_test.dart: Property 26: OAuth Errors Map to User-Friendly Messages should map all error types to user-friendly messages with 100 iterations
00:30 +372 ~217: /Users/nguyenanhkiet/Playground/grex/test/features/auth/data/utils/social_auth_error_mapper_property_test.dart: Property 26: OAuth Errors Map to User-Friendly Messages should handle Supabase AuthException with 100+ iterations
00:30 +373 ~217: /Users/nguyenanhkiet/Playground/grex/test/features/auth/data/utils/social_auth_error_mapper_property_test.dart: Property 26: OAuth Errors Map to User-Friendly Messages should sanitize error messages with 100+ iterations
00:30 +374 ~217: /Users/nguyenanhkiet/Playground/grex/test/features/auth/data/utils/social_auth_error_mapper_property_test.dart: Property 26: OAuth Errors Map to User-Friendly Messages should handle network errors consistently with 100+ iterations
00:30 +375 ~217: /Users/nguyenanhkiet/Playground/grex/test/features/auth/data/utils/social_auth_error_mapper_property_test.dart: Property 26: OAuth Errors Map to User-Friendly Messages should handle timeout errors consistently with 100+ iterations
00:30 +376 ~217: /Users/nguyenanhkiet/Playground/grex/test/features/auth/data/utils/social_auth_error_mapper_property_test.dart: Property 26: OAuth Errors Map to User-Friendly Messages should handle cancellation errors silently with 100+ iterations
00:30 +377 ~217: /Users/nguyenanhkiet/Playground/grex/test/features/auth/data/repositories/social_auth_repository_oauth_session_property_test.dart: Property Test: Successful OAuth Establishes Valid Session Property 2: Successful OAuth Session Contains Valid User Data - Google
00:30 +378 ~217: /Users/nguyenanhkiet/Playground/grex/test/features/auth/data/repositories/social_auth_repository_oauth_initiation_property_test.dart: Property Test: OAuth Initiation Triggers Correct Provider Flow Property 1: OAuth Provider Parameters Are Consistent
00:30 +379 ~217: /Users/nguyenanhkiet/Playground/grex/test/features/auth/data/repositories/social_auth_repository_oauth_initiation_property_test.dart: Property Test: OAuth Initiation Triggers Correct Provider Flow Property 1: OAuth Provider Parameters Are Consistent
00:30 +380 ~217: /Users/nguyenanhkiet/Playground/grex/test/features/auth/data/repositories/social_auth_repository_oauth_session_property_test.dart: Property Test: Successful OAuth Establishes Valid Session Property 2: Valid Session Contains Required User Metadata
00:30 +381 ~217: /Users/nguyenanhkiet/Playground/grex/test/features/auth/data/repositories/social_auth_repository_oauth_session_property_test.dart: Property Test: Successful OAuth Establishes Valid Session Property 2: Valid Session Contains Required User Metadata
00:30 +382 ~217: /Users/nguyenanhkiet/Playground/grex/test/features/auth/data/repositories/social_auth_repository_oauth_session_property_test.dart: Property Test: Successful OAuth Establishes Valid Session Property 2: Valid Session Contains Required User Metadata
00:30 +383 ~217: /Users/nguyenanhkiet/Playground/grex/test/features/auth/data/repositories/social_auth_repository_oauth_initiation_property_test.dart: Property Test: OAuth Initiation Triggers Correct Provider Flow Property 1: OAuth Provider Enumeration Is Complete
00:30 +384 ~217: /Users/nguyenanhkiet/Playground/grex/test/features/auth/data/repositories/social_auth_repository_oauth_session_property_test.dart: Property Test: Successful OAuth Establishes Valid Session Property 2: Session Establishment Is Consistent Across Providers
00:30 +385 ~217: /Users/nguyenanhkiet/Playground/grex/test/features/auth/data/repositories/social_auth_repository_oauth_session_property_test.dart: Property Test: Successful OAuth Establishes Valid Session Property 2: Session Establishment Is Consistent Across Providers
00:30 +386 ~217: /Users/nguyenanhkiet/Playground/grex/test/features/auth/data/repositories/social_auth_repository_oauth_session_property_test.dart: Property Test: Successful OAuth Establishes Valid Session Property 2: OAuth Display Name Extraction Works Correctly
00:31 +387 ~217: /Users/nguyenanhkiet/Playground/grex/test/features/auth/data/repositories/supabase_user_repository_test.dart: (setUpAll)
00:31 +387 ~217: /Users/nguyenanhkiet/Playground/grex/test/features/auth/data/repositories/supabase_user_repository_test.dart: SupabaseUserRepository Property Test 6: Profile updates are atomic should successfully update profile with valid data
00:31 +388 ~217: /Users/nguyenanhkiet/Playground/grex/test/features/auth/data/repositories/supabase_user_repository_social_test.dart: SupabaseUserRepository Social Login Methods getUserProfileByEmail should successfully get user profile by email
00:31 +389 ~217: /Users/nguyenanhkiet/Playground/grex/test/features/auth/data/repositories/supabase_user_repository_social_test.dart: SupabaseUserRepository Social Login Methods getUserProfileByEmail should successfully get user profile by email
00:31 +390 ~217: /Users/nguyenanhkiet/Playground/grex/test/features/auth/data/repositories/supabase_user_repository_social_test.dart: SupabaseUserRepository Social Login Methods getUserProfileByEmail should successfully get user profile by email
00:31 +391 ~217: /Users/nguyenanhkiet/Playground/grex/test/features/auth/data/repositories/supabase_user_repository_social_test.dart: SupabaseUserRepository Social Login Methods getUserProfileByEmail should successfully get user profile by email
00:31 +392 ~217: /Users/nguyenanhkiet/Playground/grex/test/features/auth/data/repositories/supabase_user_repository_social_test.dart: SupabaseUserRepository Social Login Methods getUserProfileByEmail should successfully get user profile by email
00:31 +392 ~217: /Users/nguyenanhkiet/Playground/grex/test/features/auth/data/repositories/supabase_user_repository_test.dart: SupabaseUserRepository createUserProfile should successfully create user profile
  Skip: Repo now uses two-step insert+select; chainable mock pattern doesn't represent that. Rewrite as integration test.
00:31 +392 ~218: /Users/nguyenanhkiet/Playground/grex/test/features/auth/data/repositories/supabase_user_repository_social_test.dart: SupabaseUserRepository Social Login Methods getUserProfileByEmail should successfully get user profile by email
00:31 +393 ~218: /Users/nguyenanhkiet/Playground/grex/test/features/auth/data/repositories/supabase_user_repository_test.dart: SupabaseUserRepository createUserProfile should handle duplicate profile creation
00:31 +394 ~218: /Users/nguyenanhkiet/Playground/grex/test/features/auth/data/repositories/supabase_user_repository_test.dart: SupabaseUserRepository createUserProfile should handle duplicate profile creation
00:31 +395 ~218: /Users/nguyenanhkiet/Playground/grex/test/features/auth/data/repositories/supabase_user_repository_social_test.dart: SupabaseUserRepository Social Login Methods getUserProfileByEmail should handle database errors when getting profile by email
00:31 +396 ~218: /Users/nguyenanhkiet/Playground/grex/test/features/auth/data/repositories/supabase_user_repository_test.dart: SupabaseUserRepository getUserProfileByEmail should successfully get user profile by email
00:31 +397 ~218: /Users/nguyenanhkiet/Playground/grex/test/features/auth/data/repositories/supabase_user_repository_test.dart: SupabaseUserRepository getUserProfileByEmail should successfully get user profile by email
00:31 +398 ~218: /Users/nguyenanhkiet/Playground/grex/test/features/auth/data/repositories/supabase_user_repository_social_test.dart: SupabaseUserRepository Social Login Methods createSocialUserProfile should handle duplicate email errors when creating social profile
00:31 +399 ~218: /Users/nguyenanhkiet/Playground/grex/test/features/auth/data/repositories/supabase_user_repository_test.dart: SupabaseUserRepository getUserProfileByEmail should return null when no profile exists with email
00:31 +400 ~218: /Users/nguyenanhkiet/Playground/grex/test/features/auth/data/repositories/supabase_user_repository_social_test.dart: SupabaseUserRepository Social Login Methods createSocialUserProfile should handle network errors when creating social profile
00:31 +401 ~218: /Users/nguyenanhkiet/Playground/grex/test/features/auth/data/repositories/supabase_user_repository_test.dart: SupabaseUserRepository getUserProfileByEmail should handle database errors when getting profile by email
00:31 +402 ~218: /Users/nguyenanhkiet/Playground/grex/test/features/auth/data/repositories/supabase_user_repository_test.dart: SupabaseUserRepository createSocialUserProfile should successfully create social user profile
  Skip: Repo now uses two-step insert+select; chainable mock pattern doesn't represent that. Rewrite as integration test.
00:31 +402 ~219: /Users/nguyenanhkiet/Playground/grex/test/features/auth/data/repositories/supabase_user_repository_test.dart: SupabaseUserRepository createSocialUserProfile should handle duplicate email errors when creating social profile
00:31 +403 ~219: /Users/nguyenanhkiet/Playground/grex/test/features/auth/data/repositories/supabase_user_repository_test.dart: SupabaseUserRepository createSocialUserProfile should handle network errors when creating social profile
00:31 +404 ~219: /Users/nguyenanhkiet/Playground/grex/test/features/auth/data/repositories/supabase_user_repository_test.dart: (tearDownAll)
00:31 +404 ~219: /Users/nguyenanhkiet/Playground/grex/test/features/auth/data/repositories/supabase_auth_repository_test.dart: (setUpAll)
00:31 +404 ~219: /Users/nguyenanhkiet/Playground/grex/test/features/auth/data/repositories/supabase_auth_repository_test.dart: SupabaseAuthRepository Property Test 1: Registration creates account and profile should successfully register user with valid credentials
00:31 +405 ~219: /Users/nguyenanhkiet/Playground/grex/test/features/auth/data/repositories/supabase_auth_repository_test.dart: SupabaseAuthRepository Property Test 1: Registration creates account and profile should handle registration failure with existing email
00:31 +406 ~219: /Users/nguyenanhkiet/Playground/grex/test/features/auth/data/repositories/supabase_auth_repository_test.dart: SupabaseAuthRepository Property Test 1: Registration creates account and profile should handle weak password during registration
00:31 +407 ~219: /Users/nguyenanhkiet/Playground/grex/test/features/auth/data/repositories/supabase_auth_repository_test.dart: SupabaseAuthRepository signInWithEmail should successfully sign in with valid credentials
00:31 +408 ~219: /Users/nguyenanhkiet/Playground/grex/test/features/auth/data/repositories/supabase_auth_repository_test.dart: SupabaseAuthRepository signInWithEmail should handle invalid credentials
00:31 +409 ~219: /Users/nguyenanhkiet/Playground/grex/test/features/auth/data/repositories/supabase_auth_repository_test.dart: SupabaseAuthRepository signOut should successfully sign out user
00:31 +410 ~219: /Users/nguyenanhkiet/Playground/grex/test/features/auth/data/repositories/supabase_auth_repository_test.dart: SupabaseAuthRepository signOut should handle sign out failure
00:31 +411 ~219: /Users/nguyenanhkiet/Playground/grex/test/features/auth/data/repositories/supabase_auth_repository_test.dart: SupabaseAuthRepository resetPassword should successfully send reset password email
00:31 +412 ~219: /Users/nguyenanhkiet/Playground/grex/test/features/auth/data/repositories/supabase_auth_repository_test.dart: SupabaseAuthRepository currentUser should return current user when authenticated
00:31 +413 ~219: /Users/nguyenanhkiet/Playground/grex/test/features/auth/data/repositories/supabase_auth_repository_test.dart: SupabaseAuthRepository currentUser should return null when not authenticated
00:31 +414 ~219: /Users/nguyenanhkiet/Playground/grex/test/features/auth/data/repositories/supabase_auth_repository_test.dart: (tearDownAll)
00:33 +414 ~219: /Users/nguyenanhkiet/Playground/grex/test/features/auth/data/repositories/social_auth_repository_security_test.dart: (setUpAll)
00:33 +414 ~219: /Users/nguyenanhkiet/Playground/grex/test/features/auth/data/repositories/social_auth_repository_security_test.dart: SocialAuthRepository - Security Features OAuth scope validation should validate HTTPS transmission before Google OAuth
00:33 +415 ~219: /Users/nguyenanhkiet/Playground/grex/test/features/auth/data/repositories/social_auth_repository_security_test.dart: SocialAuthRepository - Security Features OAuth scope validation should validate HTTPS transmission before Apple OAuth
00:33 +416 ~219: /Users/nguyenanhkiet/Playground/grex/test/features/auth/data/repositories/social_auth_repository_security_test.dart: SocialAuthRepository - Security Features OAuth scope validation should proceed with Google OAuth when HTTPS is used
00:33 +417 ~219: /Users/nguyenanhkiet/Playground/grex/test/features/auth/data/repositories/social_auth_repository_security_test.dart: SocialAuthRepository - Security Features Token storage security should validate secure storage after successful Google OAuth
00:33 +418 ~219: /Users/nguyenanhkiet/Playground/grex/test/features/auth/data/repositories/social_auth_repository_security_test.dart: SocialAuthRepository - Security Features Token storage security should validate secure storage after successful Apple OAuth
00:33 +419 ~219: /Users/nguyenanhkiet/Playground/grex/test/features/auth/data/repositories/social_auth_repository_security_test.dart: SocialAuthRepository - Security Features Token exposure prevention in errors should sanitize AuthException messages in Google OAuth
00:33 +420 ~219: /Users/nguyenanhkiet/Playground/grex/test/features/auth/data/repositories/social_auth_repository_security_test.dart: SocialAuthRepository - Security Features Token exposure prevention in errors should sanitize AuthException messages in Apple OAuth
00:33 +421 ~219: /Users/nguyenanhkiet/Playground/grex/test/features/auth/data/repositories/social_auth_repository_security_test.dart: SocialAuthRepository - Security Features Token exposure prevention in errors should sanitize generic exception messages
00:33 +422 ~219: /Users/nguyenanhkiet/Playground/grex/test/features/auth/data/repositories/social_auth_repository_security_test.dart: SocialAuthRepository - Security Features Token exposure prevention in errors should sanitize error messages in profile creation
00:33 +423 ~219: /Users/nguyenanhkiet/Playground/grex/test/features/auth/data/repositories/social_auth_repository_security_test.dart: SocialAuthRepository - Security Features Token exposure prevention in errors should sanitize error messages in account linking
00:33 +424 ~219: /Users/nguyenanhkiet/Playground/grex/test/features/auth/data/repositories/social_auth_repository_security_test.dart: SocialAuthRepository - Security Features Revoked access handling should handle revoked tokens gracefully in Google OAuth
00:33 +425 ~219: /Users/nguyenanhkiet/Playground/grex/test/features/auth/data/repositories/social_auth_repository_security_test.dart: SocialAuthRepository - Security Features Revoked access handling should handle revoked tokens gracefully in Apple OAuth
00:33 +426 ~219: /Users/nguyenanhkiet/Playground/grex/test/features/auth/data/repositories/social_auth_repository_security_test.dart: SocialAuthRepository - Security Features Revoked access handling should provide appropriate error message for revocation
00:33 +427 ~219: /Users/nguyenanhkiet/Playground/grex/test/features/auth/data/repositories/social_auth_repository_security_test.dart: SocialAuthRepository - Security Features Security configuration validation should use external browser launch mode for Google OAuth
00:33 +428 ~219: /Users/nguyenanhkiet/Playground/grex/test/features/auth/data/repositories/social_auth_repository_security_test.dart: SocialAuthRepository - Security Features Security configuration validation should use external browser launch mode for Apple OAuth
00:33 +429 ~219: /Users/nguyenanhkiet/Playground/grex/test/features/auth/data/repositories/social_auth_repository_security_test.dart: SocialAuthRepository - Security Features Security configuration validation should use secure callback URL scheme
00:33 +430 ~219: /Users/nguyenanhkiet/Playground/grex/test/features/auth/data/repositories/social_auth_repository_security_test.dart: (tearDownAll)
00:33 +430 ~219: /Users/nguyenanhkiet/Playground/grex/test/features/auth/data/handlers/auth_deep_link_handler_interception_property_test.dart: Property 7: Deep Link Handler Intercepts OAuth Callbacks should intercept valid OAuth callbacks and ignore non-OAuth links
00:33 +431 ~219: /Users/nguyenanhkiet/Playground/grex/test/features/auth/data/repositories/supabase_social_auth_repository_nonce_property_test.dart: Property 5: Hashed Nonce Sent to Provider Property 5: Generated nonces have distinct plain and hashed values
00:33 +432 ~219: /Users/nguyenanhkiet/Playground/grex/test/features/auth/data/repositories/supabase_social_auth_repository_nonce_property_test.dart: Property 5: Hashed Nonce Sent to Provider Property 5: Hashed nonces are consistently 64 characters (SHA-256)
00:33 +433 ~219: /Users/nguyenanhkiet/Playground/grex/test/features/auth/data/repositories/supabase_social_auth_repository_nonce_property_test.dart: Property 5: Hashed Nonce Sent to Provider Property 5: All generated hashed nonces are unique
00:33 +434 ~219: /Users/nguyenanhkiet/Playground/grex/test/features/auth/data/repositories/supabase_social_auth_repository_nonce_property_test.dart: Property 5: Hashed Nonce Sent to Provider Property 5: Hashed nonce format is suitable for OAuth providers
00:33 +435 ~219: /Users/nguyenanhkiet/Playground/grex/test/features/auth/data/repositories/supabase_social_auth_repository_nonce_property_test.dart: Property 5: Hashed Nonce Sent to Provider Property 5: Plain nonce format is suitable for Supabase validation
00:33 +436 ~219: /Users/nguyenanhkiet/Playground/grex/test/features/auth/data/repositories/supabase_social_auth_repository_nonce_property_test.dart: Property 5: Hashed Nonce Sent to Provider Property 5: Nonce pair maintains cryptographic relationship
00:34 +437 ~219: /Users/nguyenanhkiet/Playground/grex/test/features/auth/data/handlers/auth_deep_link_handler_test.dart: AuthDeepLinkHandler callback URL validation should validate correct OAuth callback URLs
00:34 +438 ~219: /Users/nguyenanhkiet/Playground/grex/test/features/auth/data/handlers/auth_deep_link_handler_test.dart: AuthDeepLinkHandler callback URL validation should reject invalid OAuth callback URLs
00:34 +439 ~219: /Users/nguyenanhkiet/Playground/grex/test/features/auth/data/handlers/auth_deep_link_handler_test.dart: AuthDeepLinkHandler error handling should handle malformed URLs gracefully
00:34 +440 ~219: /Users/nguyenanhkiet/Playground/grex/test/features/auth/data/handlers/auth_deep_link_handler_test.dart: AuthDeepLinkHandler error handling should handle empty query parameters
00:34 +441 ~219: /Users/nguyenanhkiet/Playground/grex/test/features/auth/data/handlers/auth_deep_link_handler_test.dart: AuthDeepLinkHandler error handling should handle case sensitivity correctly
00:34 +442 ~219: /Users/nguyenanhkiet/Playground/grex/test/features/auth/data/handlers/auth_deep_link_handler_test.dart: AuthDeepLinkHandler subscription cleanup should handle multiple dispose calls gracefully
00:34 +443 ~219: /Users/nguyenanhkiet/Playground/grex/test/features/auth/data/handlers/auth_deep_link_handler_test.dart: AuthDeepLinkHandler subscription cleanup should handle dispose before initialize
00:34 +444 ~219: /Users/nguyenanhkiet/Playground/grex/test/features/auth/data/handlers/auth_deep_link_handler_test.dart: AuthDeepLinkHandler callback processing should process valid OAuth callback through onDeepLink
00:34 +445 ~219: /Users/nguyenanhkiet/Playground/grex/test/features/auth/data/handlers/auth_deep_link_handler_test.dart: AuthDeepLinkHandler callback processing should not process invalid callbacks
00:34 +446 ~219: /Users/nguyenanhkiet/Playground/grex/test/features/auth/data/handlers/auth_deep_link_handler_test.dart: AuthDeepLinkHandler callback processing should handle callback with complex query parameters
00:34 +447 ~219: /Users/nguyenanhkiet/Playground/grex/test/features/auth/data/handlers/auth_deep_link_handler_test.dart: AuthDeepLinkHandler callback processing should handle multiple callbacks
00:34 +448 ~219: /Users/nguyenanhkiet/Playground/grex/test/features/auth/data/handlers/auth_deep_link_handler_test.dart: AuthDeepLinkHandler edge cases should handle URLs with fragments
00:34 +449 ~219: /Users/nguyenanhkiet/Playground/grex/test/features/auth/data/handlers/auth_deep_link_handler_test.dart: AuthDeepLinkHandler edge cases should handle URLs with ports
00:34 +450 ~219: /Users/nguyenanhkiet/Playground/grex/test/features/auth/data/handlers/auth_deep_link_handler_test.dart: AuthDeepLinkHandler edge cases should handle URLs with paths
00:34 +451 ~219: /Users/nguyenanhkiet/Playground/grex/test/features/auth/data/handlers/auth_deep_link_handler_test.dart: AuthDeepLinkHandler edge cases should handle URLs with userinfo
00:34 +452 ~219: /Users/nguyenanhkiet/Playground/grex/test/features/auth/data/handlers/auth_deep_link_handler_invalid_callback_property_test.dart: Property 8: Invalid OAuth Callbacks Prompt Retry should handle invalid callbacks with appropriate error messages and retry prompts
00:34 +453 ~219: /Users/nguyenanhkiet/Playground/grex/test/features/auth/data/handlers/auth_deep_link_handler_invalid_callback_property_test.dart: Property 8: Invalid OAuth Callbacks Prompt Retry should differentiate between different types of invalid callbacks
00:34 +454 ~219: /Users/nguyenanhkiet/Playground/grex/test/features/auth/data/handlers/auth_deep_link_handler_callback_failures_property_test.dart: Property 29: Callback Processing Failures Display Generic Error should display generic error for callback processing failures with 100+ iterations
00:34 +455 ~219: /Users/nguyenanhkiet/Playground/grex/test/features/auth/data/handlers/auth_deep_link_handler_callback_failures_property_test.dart: Property 29: Callback Processing Failures Display Generic Error should log detailed error information with 100+ iterations
00:34 +456 ~219: /Users/nguyenanhkiet/Playground/grex/test/features/auth/data/handlers/auth_deep_link_handler_callback_failures_property_test.dart: Property 29: Callback Processing Failures Display Generic Error should not expose sensitive information in errors with 100+ iterations
00:34 +457 ~219: /Users/nguyenanhkiet/Playground/grex/test/features/auth/data/handlers/auth_deep_link_handler_callback_failures_property_test.dart: Property 29: Callback Processing Failures Display Generic Error should handle malformed callback URLs with 100+ iterations
00:34 +458 ~219: /Users/nguyenanhkiet/Playground/grex/test/features/auth/data/handlers/auth_deep_link_handler_callback_failures_property_test.dart: Property 29: Callback Processing Failures Display Generic Error should handle callback processing timeouts with 100+ iterations
00:34 +459 ~219: /Users/nguyenanhkiet/Playground/grex/test/features/auth/data/handlers/auth_deep_link_handler_callback_failures_property_test.dart: Property 29: Callback Processing Failures Display Generic Error should maintain error consistency across failure types with 100+ iterations
00:35 +460 ~219: /Users/nguyenanhkiet/Playground/grex/test/features/auth/data/services/nonce_generator_property_test.dart: NonceGenerator Property Tests Property 1: All generated nonces are ≥32 chars and match valid pattern
00:35 +461 ~219: /Users/nguyenanhkiet/Playground/grex/test/features/auth/data/services/nonce_generator_property_test.dart: NonceGenerator Property Tests Property 2: Nonces pass statistical randomness tests
00:35 +462 ~219: /Users/nguyenanhkiet/Playground/grex/test/features/auth/data/services/nonce_generator_property_test.dart: NonceGenerator Property Tests Property 3: SHA-256 hash matches expected result
00:35 +463 ~219: /Users/nguyenanhkiet/Playground/grex/test/features/auth/data/services/nonce_generator_test.dart: NonceGeneratorImpl should generate nonce with minimum 32 characters
00:35 +464 ~219: /Users/nguyenanhkiet/Playground/grex/test/features/auth/data/services/nonce_generator_test.dart: NonceGeneratorImpl should generate nonce with minimum 32 characters
00:35 +465 ~219: /Users/nguyenanhkiet/Playground/grex/test/features/auth/data/services/nonce_generator_test.dart: NonceGeneratorImpl should generate nonce with minimum 32 characters
00:35 +466 ~219: /Users/nguyenanhkiet/Playground/grex/test/features/auth/data/services/nonce_generator_test.dart: NonceGeneratorImpl should generate unique nonces
00:36 +467 ~219: /Users/nguyenanhkiet/Playground/grex/test/features/auth/data/services/nonce_generator_test.dart: NonceGeneratorImpl should validate correct nonce format
00:36 +468 ~219: /Users/nguyenanhkiet/Playground/grex/test/features/auth/data/services/nonce_generator_test.dart: NonceGeneratorImpl should reject nonce shorter than 32 characters
00:36 +469 ~219: /Users/nguyenanhkiet/Playground/grex/test/features/auth/data/services/nonce_generator_test.dart: NonceGeneratorImpl should reject nonce with invalid characters
00:36 +470 ~219: /Users/nguyenanhkiet/Playground/grex/test/features/auth/data/services/nonce_generator_test.dart: NonceGeneratorImpl should clear used nonces
00:36 +471 ~219: /Users/nguyenanhkiet/Playground/grex/test/features/auth/data/services/nonce_generator_test.dart: NonceGeneratorImpl should generate nonce with custom length
00:36 +472 ~219: /Users/nguyenanhkiet/Playground/grex/test/features/auth/data/services/nonce_generator_test.dart: NonceGeneratorImpl should throw error for length less than 32
00:36 +473 ~219: /Users/nguyenanhkiet/Playground/grex/test/features/auth/data/services/secure_session_service_test.dart: SecureSessionService token sync storeSession writes accessToken and refreshToken to token keys
00:36 +474 ~219: /Users/nguyenanhkiet/Playground/grex/test/features/auth/data/services/secure_session_service_test.dart: SecureSessionService token sync clearSession deletes tokenKey and refreshTokenKey
00:37 +475 ~219: /Users/nguyenanhkiet/Playground/grex/test/features/auth/domain/repositories/social_auth_repository_test.dart: SocialAuthRepository Interface signInWithGoogle should return User on successful Google sign in
00:37 +476 ~219: /Users/nguyenanhkiet/Playground/grex/test/features/auth/domain/repositories/social_auth_repository_test.dart: SocialAuthRepository Interface signInWithGoogle should return SocialAuthFailure on Google sign in failure
00:37 +477 ~219: /Users/nguyenanhkiet/Playground/grex/test/features/auth/domain/repositories/social_auth_repository_test.dart: SocialAuthRepository Interface signInWithGoogle should return SocialAuthCancelledFailure when user cancels
00:37 +478 ~219: /Users/nguyenanhkiet/Playground/grex/test/features/auth/domain/repositories/social_auth_repository_test.dart: SocialAuthRepository Interface signInWithGoogle should return SocialAuthNetworkFailure on network error
00:37 +479 ~219: /Users/nguyenanhkiet/Playground/grex/test/features/auth/domain/repositories/social_auth_repository_test.dart: SocialAuthRepository Interface signInWithGoogle should return ProfileSetupRequiredFailure for new users
00:37 +480 ~219: /Users/nguyenanhkiet/Playground/grex/test/features/auth/domain/repositories/social_auth_repository_test.dart: SocialAuthRepository Interface signInWithApple should return User on successful Apple sign in
00:37 +481 ~219: /Users/nguyenanhkiet/Playground/grex/test/features/auth/domain/repositories/social_auth_repository_test.dart: SocialAuthRepository Interface signInWithApple should return SocialAuthFailure on Apple sign in failure
00:37 +482 ~219: /Users/nguyenanhkiet/Playground/grex/test/features/auth/domain/repositories/social_auth_repository_test.dart: SocialAuthRepository Interface signInWithApple should return SocialAuthCancelledFailure when user cancels
00:37 +483 ~219: /Users/nguyenanhkiet/Playground/grex/test/features/auth/domain/repositories/social_auth_repository_test.dart: SocialAuthRepository Interface hasUserProfile should return true when user profile exists
00:37 +484 ~219: /Users/nguyenanhkiet/Playground/grex/test/features/auth/domain/repositories/social_auth_repository_test.dart: SocialAuthRepository Interface hasUserProfile should return false when user profile does not exist
00:37 +485 ~219: /Users/nguyenanhkiet/Playground/grex/test/features/auth/domain/repositories/social_auth_repository_test.dart: SocialAuthRepository Interface hasUserProfile should return false on database error
00:37 +486 ~219: /Users/nguyenanhkiet/Playground/grex/test/features/auth/domain/repositories/social_auth_repository_test.dart: SocialAuthRepository Interface linkSocialProvider should return success on successful linking
00:37 +487 ~219: /Users/nguyenanhkiet/Playground/grex/test/features/auth/domain/repositories/social_auth_repository_test.dart: SocialAuthRepository Interface linkSocialProvider should return AccountLinkingFailure when provider already linked
00:37 +488 ~219: /Users/nguyenanhkiet/Playground/grex/test/features/auth/domain/repositories/social_auth_repository_test.dart: SocialAuthRepository Interface linkSocialProvider should return SocialAuthCancelledFailure when user cancels
00:37 +489 ~219: /Users/nguyenanhkiet/Playground/grex/test/features/auth/domain/repositories/social_auth_repository_test.dart: SocialAuthRepository Interface createUserProfile should return UserProfile on successful profile creation
00:37 +490 ~219: /Users/nguyenanhkiet/Playground/grex/test/features/auth/domain/repositories/social_auth_repository_test.dart: SocialAuthRepository Interface createUserProfile should return AuthFailure on profile creation failure
00:37 +491 ~219: /Users/nguyenanhkiet/Playground/grex/test/features/auth/domain/properties/profile_display_property_simple_test.dart: Profile Display Property Tests (Simplified) Property 5: Profile display shows current data should maintain data consistency for various profile configurations
00:37 +492 ~219: /Users/nguyenanhkiet/Playground/grex/test/features/auth/domain/properties/profile_display_property_simple_test.dart: Profile Display Property Tests (Simplified) Property 5: Profile display shows current data should handle edge case profiles correctly
00:37 +493 ~219: /Users/nguyenanhkiet/Playground/grex/test/features/auth/domain/properties/profile_display_property_simple_test.dart: Profile Display Property Tests (Simplified) Property 5: Profile display shows current data should maintain consistency across profile updates
00:37 +494 ~219: /Users/nguyenanhkiet/Playground/grex/test/features/auth/domain/properties/unverified_user_restrictions_property_test.dart: Property 4: Unverified users get verification prompts should restrict unverified users from accessing protected features
00:37 +495 ~219: /Users/nguyenanhkiet/Playground/grex/test/features/auth/domain/properties/unverified_user_restrictions_property_test.dart: Property 4: Unverified users get verification prompts should allow verified users to access all features
00:37 +496 ~219: /Users/nguyenanhkiet/Playground/grex/test/features/auth/domain/properties/unverified_user_restrictions_property_test.dart: Property 4: Unverified users get verification prompts should handle verification state changes correctly
00:37 +497 ~219: /Users/nguyenanhkiet/Playground/grex/test/features/auth/domain/properties/unverified_user_restrictions_property_test.dart: Property 4: Unverified users get verification prompts should provide appropriate verification prompts
00:37 +498 ~219: /Users/nguyenanhkiet/Playground/grex/test/features/auth/domain/properties/unverified_user_restrictions_property_test.dart: Property 4: Unverified users get verification prompts should maintain consistent verification requirements
00:38 +499 ~219: /Users/nguyenanhkiet/Playground/grex/test/features/auth/domain/properties/navigation_flow_property_test.dart: Navigation Flow Properties Property 3: Authentication establishes valid session
00:39 +500 ~219: /Users/nguyenanhkiet/Playground/grex/test/features/auth/domain/properties/session_persistence_property_test.dart: Session Persistence Properties Property 10: App restart preserves valid sessions
00:39 +501 ~219: /Users/nguyenanhkiet/Playground/grex/test/features/auth/domain/properties/session_expiration_property_test.dart: Session Expiration Properties Property 11: Session expiration redirects to login
00:39 +502 ~219: /Users/nguyenanhkiet/Playground/grex/test/features/auth/domain/properties/session_expiration_property_test.dart: Session Expiration Properties Property 11: Session expiration redirects to login
00:39 +503 ~219: /Users/nguyenanhkiet/Playground/grex/test/features/auth/domain/properties/session_expiration_property_test.dart: Session Expiration Properties Property 11: Session expiration redirects to login
00:39 +504 ~219: /Users/nguyenanhkiet/Playground/grex/test/features/auth/domain/properties/session_expiration_property_test.dart: Session Expiration Properties Property 11: Session expiration redirects to login
00:39 +505 ~219: /Users/nguyenanhkiet/Playground/grex/test/features/auth/domain/properties/session_expiration_property_test.dart: Session Expiration Properties Property 11: Session expiration redirects to login
00:39 +506 ~219: /Users/nguyenanhkiet/Playground/grex/test/features/auth/domain/properties/session_expiration_property_test.dart: Session Expiration Properties Property 11: Session expiration redirects to login
00:39 +507 ~219: /Users/nguyenanhkiet/Playground/grex/test/features/auth/domain/properties/session_persistence_property_test.dart: Session Persistence Properties Property: Session validation is consistent
00:39 +508 ~219: /Users/nguyenanhkiet/Playground/grex/test/features/auth/domain/properties/session_persistence_property_test.dart: Session Persistence Properties Property: Session validation is consistent
00:39 +509 ~219: /Users/nguyenanhkiet/Playground/grex/test/features/auth/domain/properties/session_expiration_property_test.dart: Session Expiration Properties Property: Refresh token expiration prevents refresh
00:39 +510 ~219: /Users/nguyenanhkiet/Playground/grex/test/features/auth/domain/properties/session_expiration_property_test.dart: Session Expiration Properties Property: Session expiry detection is accurate
00:39 +511 ~219: /Users/nguyenanhkiet/Playground/grex/test/features/auth/domain/properties/session_expiration_property_test.dart: Session Expiration Properties Property: Automatic session cleanup on expiration
00:39 +512 ~219: /Users/nguyenanhkiet/Playground/grex/test/features/auth/domain/properties/session_expiration_property_test.dart: Session Expiration Properties Property: Session expiry notifications are consistent
00:40 +513 ~219: /Users/nguyenanhkiet/Playground/grex/test/features/auth/domain/properties/verification_status_property_test.dart: Property 14: Email verification updates user status should update user status after successful email verification
00:40 +514 ~219: /Users/nguyenanhkiet/Playground/grex/test/features/auth/domain/properties/session_integrity_property_test.dart: Session Integrity Properties Property 12: Session integrity across device changes
00:40 +515 ~219: /Users/nguyenanhkiet/Playground/grex/test/features/auth/domain/properties/session_integrity_property_test.dart: Session Integrity Properties Property 12: Session integrity across device changes
00:40 +516 ~219: /Users/nguyenanhkiet/Playground/grex/test/features/auth/domain/properties/session_integrity_property_test.dart: Session Integrity Properties Property 12: Session integrity across device changes
00:40 +517 ~219: /Users/nguyenanhkiet/Playground/grex/test/features/auth/domain/properties/session_integrity_property_test.dart: Session Integrity Properties Property 12: Session integrity across device changes
00:40 +518 ~219: /Users/nguyenanhkiet/Playground/grex/test/features/auth/domain/properties/session_integrity_property_test.dart: Session Integrity Properties Property 12: Session integrity across device changes
00:41 +519 ~219: /Users/nguyenanhkiet/Playground/grex/test/features/auth/domain/properties/session_integrity_property_test.dart: Session Integrity Properties Property 12: Session integrity across device changes
00:41 +520 ~219: /Users/nguyenanhkiet/Playground/grex/test/features/auth/domain/properties/session_integrity_property_test.dart: Session Integrity Properties Property 12: Session integrity across device changes
00:41 +521 ~219: /Users/nguyenanhkiet/Playground/grex/test/features/auth/domain/properties/session_integrity_property_test.dart: Session Integrity Properties Property 12: Session integrity across device changes
00:42 +522 ~219: /Users/nguyenanhkiet/Playground/grex/test/features/auth/domain/properties/session_integrity_property_test.dart: Session Integrity Properties Property 12: Session integrity across device changes
00:42 +523 ~219: /Users/nguyenanhkiet/Playground/grex/test/features/auth/domain/properties/session_integrity_property_test.dart: Session Integrity Properties Property 12: Session integrity across device changes
00:42 +524 ~219: /Users/nguyenanhkiet/Playground/grex/test/features/auth/domain/properties/session_integrity_property_test.dart: Session Integrity Properties Property 12: Session integrity across device changes
00:42 +525 ~219: /Users/nguyenanhkiet/Playground/grex/test/features/auth/domain/properties/session_integrity_property_test.dart: Session Integrity Properties Property 12: Session integrity across device changes
00:42 +526 ~219: /Users/nguyenanhkiet/Playground/grex/test/features/auth/domain/properties/session_integrity_property_test.dart: Session Integrity Properties Property 12: Session integrity across device changes
00:42 +527 ~219: /Users/nguyenanhkiet/Playground/grex/test/features/auth/domain/properties/session_integrity_property_test.dart: Session Integrity Properties Property 12: Session integrity across device changes
00:42 +528 ~219: /Users/nguyenanhkiet/Playground/grex/test/features/auth/domain/properties/session_integrity_property_test.dart: Session Integrity Properties Property 12: Session integrity across device changes
00:42 +529 ~219: /Users/nguyenanhkiet/Playground/grex/test/features/auth/domain/properties/session_integrity_property_test.dart: Session Integrity Properties Property 12: Session integrity across device changes
00:42 +530 ~219: /Users/nguyenanhkiet/Playground/grex/test/features/auth/domain/properties/session_integrity_property_test.dart: Session Integrity Properties Property 12: Session integrity across device changes
00:42 +531 ~219: /Users/nguyenanhkiet/Playground/grex/test/features/auth/domain/properties/session_integrity_property_test.dart: Session Integrity Properties Property 12: Session integrity across device changes
00:42 +532 ~219: /Users/nguyenanhkiet/Playground/grex/test/features/auth/domain/properties/session_integrity_property_test.dart: Session Integrity Properties Property 12: Session integrity across device changes
00:42 +533 ~219: /Users/nguyenanhkiet/Playground/grex/test/features/auth/domain/properties/session_integrity_property_test.dart: Session Integrity Properties Property 12: Session integrity across device changes
00:42 +534 ~219: /Users/nguyenanhkiet/Playground/grex/test/features/auth/domain/properties/session_integrity_property_test.dart: Session Integrity Properties Property 12: Session integrity across device changes
00:42 +535 ~219: /Users/nguyenanhkiet/Playground/grex/test/features/auth/domain/properties/session_integrity_property_test.dart: Session Integrity Properties Property 12: Session integrity across device changes
00:42 +536 ~219: /Users/nguyenanhkiet/Playground/grex/test/features/auth/domain/properties/session_integrity_property_test.dart: Session Integrity Properties Property 12: Session integrity across device changes
00:42 +537 ~219: /Users/nguyenanhkiet/Playground/grex/test/features/auth/domain/properties/session_integrity_property_test.dart: Session Integrity Properties Property 12: Session integrity across device changes
00:42 +538 ~219: /Users/nguyenanhkiet/Playground/grex/test/features/auth/domain/properties/session_integrity_property_test.dart: Session Integrity Properties Property 12: Session integrity across device changes
00:42 +539 ~219: /Users/nguyenanhkiet/Playground/grex/test/features/auth/domain/properties/session_integrity_property_test.dart: Session Integrity Properties Property 12: Session integrity across device changes
00:42 +540 ~219: /Users/nguyenanhkiet/Playground/grex/test/features/auth/domain/properties/session_integrity_property_test.dart: Session Integrity Properties Property 12: Session integrity across device changes
00:42 +541 ~219: /Users/nguyenanhkiet/Playground/grex/test/features/auth/domain/properties/session_integrity_property_test.dart: Session Integrity Properties Property 12: Session integrity across device changes
00:42 +542 ~219: /Users/nguyenanhkiet/Playground/grex/test/features/auth/domain/properties/session_integrity_property_test.dart: Session Integrity Properties Property 12: Session integrity across device changes
00:42 +543 ~219: /Users/nguyenanhkiet/Playground/grex/test/features/auth/domain/properties/session_integrity_property_test.dart: Session Integrity Properties Property 12: Session integrity across device changes
00:42 +544 ~219: /Users/nguyenanhkiet/Playground/grex/test/features/auth/domain/properties/session_integrity_property_test.dart: Session Integrity Properties Property 12: Session integrity across device changes
00:42 +545 ~219: /Users/nguyenanhkiet/Playground/grex/test/features/auth/domain/properties/session_integrity_property_test.dart: Session Integrity Properties Property 12: Session integrity across device changes
00:42 +546 ~219: /Users/nguyenanhkiet/Playground/grex/test/features/auth/domain/properties/session_integrity_property_test.dart: Session Integrity Properties Property 12: Session integrity across device changes
00:42 +547 ~219: /Users/nguyenanhkiet/Playground/grex/test/features/auth/domain/properties/session_integrity_property_test.dart: Session Integrity Properties Property 12: Session integrity across device changes
00:42 +548 ~219: /Users/nguyenanhkiet/Playground/grex/test/features/auth/domain/properties/session_integrity_property_test.dart: Session Integrity Properties Property 12: Session integrity across device changes
00:42 +549 ~219: /Users/nguyenanhkiet/Playground/grex/test/features/auth/domain/properties/session_integrity_property_test.dart: Session Integrity Properties Property 12: Session integrity across device changes
00:42 +550 ~219: /Users/nguyenanhkiet/Playground/grex/test/features/auth/domain/properties/session_integrity_property_test.dart: Session Integrity Properties Property 12: Session integrity across device changes
00:42 +551 ~219: /Users/nguyenanhkiet/Playground/grex/test/features/auth/domain/properties/session_integrity_property_test.dart: Session Integrity Properties Property 12: Session integrity across device changes
00:42 +552 ~219: /Users/nguyenanhkiet/Playground/grex/test/features/auth/domain/properties/session_integrity_property_test.dart: Session Integrity Properties Property 12: Session integrity across device changes
00:42 +553 ~219: /Users/nguyenanhkiet/Playground/grex/test/features/auth/domain/properties/session_integrity_property_test.dart: Session Integrity Properties Property 12: Session integrity across device changes
00:42 +554 ~219: /Users/nguyenanhkiet/Playground/grex/test/features/auth/domain/properties/session_integrity_property_test.dart: Session Integrity Properties Property 12: Session integrity across device changes
00:42 +555 ~219: /Users/nguyenanhkiet/Playground/grex/test/features/auth/domain/properties/session_integrity_property_test.dart: Session Integrity Properties Property 12: Session integrity across device changes
00:42 +556 ~219: /Users/nguyenanhkiet/Playground/grex/test/features/auth/domain/properties/session_integrity_property_test.dart: Session Integrity Properties Property 12: Session integrity across device changes
00:42 +557 ~219: /Users/nguyenanhkiet/Playground/grex/test/features/auth/domain/properties/session_integrity_property_test.dart: Session Integrity Properties Property 12: Session integrity across device changes
00:42 +558 ~219: /Users/nguyenanhkiet/Playground/grex/test/features/auth/domain/properties/session_integrity_property_test.dart: Session Integrity Properties Property 12: Session integrity across device changes
00:42 +559 ~219: /Users/nguyenanhkiet/Playground/grex/test/features/auth/domain/properties/session_integrity_property_test.dart: Session Integrity Properties Property 12: Session integrity across device changes
00:42 +560 ~219: /Users/nguyenanhkiet/Playground/grex/test/features/auth/domain/properties/session_integrity_property_test.dart: Session Integrity Properties Property 12: Session integrity across device changes
00:42 +561 ~219: /Users/nguyenanhkiet/Playground/grex/test/features/auth/domain/properties/session_integrity_property_test.dart: Session Integrity Properties Property 12: Session integrity across device changes
00:42 +562 ~219: /Users/nguyenanhkiet/Playground/grex/test/features/auth/domain/properties/session_integrity_property_test.dart: Session Integrity Properties Property 12: Session integrity across device changes
00:43 +563 ~219: /Users/nguyenanhkiet/Playground/grex/test/features/auth/domain/properties/session_integrity_property_test.dart: Session Integrity Properties Property 12: Session integrity across device changes
00:43 +564 ~219: /Users/nguyenanhkiet/Playground/grex/test/features/auth/domain/properties/session_integrity_property_test.dart: Session Integrity Properties Property 12: Session integrity across device changes
00:43 +565 ~219: /Users/nguyenanhkiet/Playground/grex/test/features/auth/domain/properties/session_integrity_property_test.dart: Session Integrity Properties Property 12: Session integrity across device changes
00:43 +566 ~219: /Users/nguyenanhkiet/Playground/grex/test/features/auth/domain/properties/session_integrity_property_test.dart: Session Integrity Properties Property 12: Session integrity across device changes
00:43 +567 ~219: /Users/nguyenanhkiet/Playground/grex/test/features/auth/domain/properties/session_integrity_property_test.dart: Session Integrity Properties Property 12: Session integrity across device changes
00:43 +568 ~219: /Users/nguyenanhkiet/Playground/grex/test/features/auth/domain/properties/session_integrity_property_test.dart: Session Integrity Properties Property 12: Session integrity across device changes
00:43 +569 ~219: /Users/nguyenanhkiet/Playground/grex/test/features/auth/domain/properties/session_integrity_property_test.dart: Session Integrity Properties Property 12: Session integrity across device changes
00:43 +570 ~219: /Users/nguyenanhkiet/Playground/grex/test/features/auth/domain/properties/session_integrity_property_test.dart: Session Integrity Properties Property 12: Session integrity across device changes
00:43 +571 ~219: /Users/nguyenanhkiet/Playground/grex/test/features/auth/domain/properties/session_integrity_property_test.dart: Session Integrity Properties Property 12: Session integrity across device changes
00:43 +572 ~219: /Users/nguyenanhkiet/Playground/grex/test/features/auth/domain/properties/session_integrity_property_test.dart: Session Integrity Properties Property 12: Session integrity across device changes
00:43 +573 ~219: /Users/nguyenanhkiet/Playground/grex/test/features/auth/domain/properties/session_integrity_property_test.dart: Session Integrity Properties Property 12: Session integrity across device changes
00:43 +574 ~219: /Users/nguyenanhkiet/Playground/grex/test/features/auth/domain/properties/session_integrity_property_test.dart: Session Integrity Properties Property 12: Session integrity across device changes
00:43 +575 ~219: /Users/nguyenanhkiet/Playground/grex/test/features/auth/domain/properties/session_integrity_property_test.dart: Session Integrity Properties Property 12: Session integrity across device changes
00:43 +576 ~219: /Users/nguyenanhkiet/Playground/grex/test/features/auth/domain/properties/session_integrity_property_test.dart: Session Integrity Properties Property 12: Session integrity across device changes
00:43 +577 ~219: /Users/nguyenanhkiet/Playground/grex/test/features/auth/domain/properties/session_integrity_property_test.dart: Session Integrity Properties Property 12: Session integrity across device changes
00:43 +578 ~219: /Users/nguyenanhkiet/Playground/grex/test/features/auth/domain/properties/session_integrity_property_test.dart: Session Integrity Properties Property 12: Session integrity across device changes
00:43 +579 ~219: /Users/nguyenanhkiet/Playground/grex/test/features/auth/domain/properties/session_integrity_property_test.dart: Session Integrity Properties Property 12: Session integrity across device changes
00:43 +580 ~219: /Users/nguyenanhkiet/Playground/grex/test/features/auth/domain/properties/session_integrity_property_test.dart: Session Integrity Properties Property 12: Session integrity across device changes
00:44 +581 ~219: /Users/nguyenanhkiet/Playground/grex/test/features/auth/domain/properties/session_integrity_property_test.dart: Session Integrity Properties Property 12: Session integrity across device changes
00:44 +582 ~219: /Users/nguyenanhkiet/Playground/grex/test/features/auth/domain/properties/session_integrity_property_test.dart: Session Integrity Properties Property 12: Session integrity across device changes
00:44 +583 ~219: /Users/nguyenanhkiet/Playground/grex/test/features/auth/domain/properties/session_integrity_property_test.dart: Session Integrity Properties Property 12: Session integrity across device changes
00:44 +584 ~219: /Users/nguyenanhkiet/Playground/grex/test/features/auth/domain/properties/session_integrity_property_test.dart: Session Integrity Properties Property 12: Session integrity across device changes
00:44 +585 ~219: /Users/nguyenanhkiet/Playground/grex/test/features/auth/domain/properties/session_integrity_property_test.dart: Session Integrity Properties Property 12: Session integrity across device changes
00:44 +586 ~219: /Users/nguyenanhkiet/Playground/grex/test/features/auth/domain/properties/session_integrity_property_test.dart: Session Integrity Properties Property 12: Session integrity across device changes
00:44 +587 ~219: /Users/nguyenanhkiet/Playground/grex/test/features/auth/domain/properties/session_integrity_property_test.dart: Session Integrity Properties Property 12: Session integrity across device changes
00:44 +588 ~219: /Users/nguyenanhkiet/Playground/grex/test/features/auth/domain/properties/session_integrity_property_test.dart: Session Integrity Properties Property 12: Session integrity across device changes
00:44 +589 ~219: /Users/nguyenanhkiet/Playground/grex/test/features/auth/domain/properties/session_integrity_property_test.dart: Session Integrity Properties Property 12: Session integrity across device changes
00:44 +590 ~219: /Users/nguyenanhkiet/Playground/grex/test/features/auth/domain/properties/session_integrity_property_test.dart: Session Integrity Properties Property 12: Session integrity across device changes
00:44 +591 ~219: /Users/nguyenanhkiet/Playground/grex/test/features/auth/domain/properties/session_integrity_property_test.dart: Session Integrity Properties Property 12: Session integrity across device changes
00:44 +592 ~219: /Users/nguyenanhkiet/Playground/grex/test/features/auth/domain/properties/session_integrity_property_test.dart: Session Integrity Properties Property 12: Session integrity across device changes
00:44 +593 ~219: /Users/nguyenanhkiet/Playground/grex/test/features/auth/domain/properties/session_integrity_property_test.dart: Session Integrity Properties Property 12: Session integrity across device changes
00:44 +594 ~219: /Users/nguyenanhkiet/Playground/grex/test/features/auth/domain/properties/session_integrity_property_test.dart: Session Integrity Properties Property 12: Session integrity across device changes
00:44 +595 ~219: /Users/nguyenanhkiet/Playground/grex/test/features/auth/domain/properties/session_integrity_property_test.dart: Session Integrity Properties Property 12: Session integrity across device changes
00:44 +596 ~219: /Users/nguyenanhkiet/Playground/grex/test/features/auth/domain/properties/session_integrity_property_test.dart: Session Integrity Properties Property 12: Session integrity across device changes
00:44 +597 ~219: /Users/nguyenanhkiet/Playground/grex/test/features/auth/domain/properties/session_integrity_property_test.dart: Session Integrity Properties Property 12: Session integrity across device changes
00:44 +598 ~219: /Users/nguyenanhkiet/Playground/grex/test/features/auth/domain/properties/session_integrity_property_test.dart: Session Integrity Properties Property 12: Session integrity across device changes
00:44 +599 ~219: /Users/nguyenanhkiet/Playground/grex/test/features/auth/domain/properties/session_integrity_property_test.dart: Session Integrity Properties Property 12: Session integrity across device changes
00:45 +600 ~219: /Users/nguyenanhkiet/Playground/grex/test/features/auth/domain/properties/session_integrity_property_test.dart: Session Integrity Properties Property: Session data is tamper-resistant
00:45 +601 ~219: /Users/nguyenanhkiet/Playground/grex/test/features/auth/domain/properties/session_integrity_property_test.dart: Session Integrity Properties Property: Session consistency across concurrent access
00:45 +602 ~219: /Users/nguyenanhkiet/Playground/grex/test/features/auth/domain/properties/session_integrity_property_test.dart: Session Integrity Properties Property: Session recovery from storage errors
00:45 +603 ~219: /Users/nguyenanhkiet/Playground/grex/test/features/auth/domain/properties/session_integrity_property_test.dart: Session Integrity Properties Property: Session data serialization integrity
00:45 +604 ~219: /Users/nguyenanhkiet/Playground/grex/test/features/auth/domain/services/session_refresh_property_test.dart: Property 25: Automatic Session Refresh Before Expiration should refresh session successfully for Google OAuth users
00:46 +605 ~219: /Users/nguyenanhkiet/Playground/grex/test/features/auth/domain/services/sign_out_property_test.dart: Property 24: Sign Out Revokes Session and Clears Data should revoke session and clear data for Google OAuth users
00:46 +606 ~219: /Users/nguyenanhkiet/Playground/grex/test/features/auth/domain/services/session_refresh_property_test.dart: Property 25: Automatic Session Refresh Before Expiration should refresh session successfully for Apple OAuth users
00:46 +607 ~219: /Users/nguyenanhkiet/Playground/grex/test/features/auth/domain/services/sign_out_property_test.dart: Property 24: Sign Out Revokes Session and Clears Data should revoke session and clear data for Apple OAuth users
00:46 +608 ~219: /Users/nguyenanhkiet/Playground/grex/test/features/auth/domain/services/sign_out_property_test.dart: Property 24: Sign Out Revokes Session and Clears Data should revoke session and clear data for Apple OAuth users
00:46 +609 ~219: /Users/nguyenanhkiet/Playground/grex/test/features/auth/domain/services/sign_out_property_test.dart: Property 24: Sign Out Revokes Session and Clears Data should revoke session and clear data for Apple OAuth users
00:46 +610 ~219: /Users/nguyenanhkiet/Playground/grex/test/features/auth/domain/services/sign_out_property_test.dart: Property 24: Sign Out Revokes Session and Clears Data should revoke session and clear data for Apple OAuth users
00:46 +611 ~219: /Users/nguyenanhkiet/Playground/grex/test/features/auth/domain/services/sign_out_property_test.dart: Property 24: Sign Out Revokes Session and Clears Data should revoke session and clear data for email users
00:46 +612 ~219: /Users/nguyenanhkiet/Playground/grex/test/features/auth/domain/services/sign_out_property_test.dart: Property 24: Sign Out Revokes Session and Clears Data should handle sign out failures gracefully
00:46 +613 ~219: /Users/nguyenanhkiet/Playground/grex/test/features/auth/domain/services/sign_out_property_test.dart: Property 24: Sign Out Revokes Session and Clears Data should handle multiple sign out calls
00:47 +614 ~219: /Users/nguyenanhkiet/Playground/grex/test/features/auth/domain/services/expired_sessions_property_test.dart: Property 22: Expired Sessions Redirect to Login should detect expired sessions for Google OAuth users
00:47 +615 ~219: /Users/nguyenanhkiet/Playground/grex/test/features/auth/domain/services/expired_sessions_property_test.dart: Property 22: Expired Sessions Redirect to Login should detect expired sessions for Apple OAuth users
00:47 +616 ~219: /Users/nguyenanhkiet/Playground/grex/test/features/auth/domain/services/invalid_sessions_property_test.dart: Property 23: Invalid Sessions Are Cleared should detect invalid sessions for Google OAuth users
00:47 +617 ~219: /Users/nguyenanhkiet/Playground/grex/test/features/auth/domain/services/invalid_sessions_property_test.dart: Property 23: Invalid Sessions Are Cleared should detect invalid sessions for Google OAuth users
00:47 +618 ~219: /Users/nguyenanhkiet/Playground/grex/test/features/auth/domain/services/invalid_sessions_property_test.dart: Property 23: Invalid Sessions Are Cleared should detect invalid sessions for Google OAuth users
00:47 +619 ~219: /Users/nguyenanhkiet/Playground/grex/test/features/auth/domain/services/invalid_sessions_property_test.dart: Property 23: Invalid Sessions Are Cleared should detect invalid sessions for Google OAuth users
00:47 +620 ~219: /Users/nguyenanhkiet/Playground/grex/test/features/auth/domain/services/social_login_analytics_events_property_test.dart: Property 35: Analytics Events Logged for OAuth Actions should log analytics events for all social login actions with 100 iterations
00:47 +621 ~219: /Users/nguyenanhkiet/Playground/grex/test/features/auth/domain/services/invalid_sessions_property_test.dart: Property 23: Invalid Sessions Are Cleared should detect invalid sessions for Apple OAuth users
00:47 +622 ~219: /Users/nguyenanhkiet/Playground/grex/test/features/auth/domain/services/invalid_sessions_property_test.dart: Property 23: Invalid Sessions Are Cleared should detect invalid sessions for Apple OAuth users
00:47 +623 ~219: /Users/nguyenanhkiet/Playground/grex/test/features/auth/domain/services/invalid_sessions_property_test.dart: Property 23: Invalid Sessions Are Cleared should detect invalid sessions for Apple OAuth users
00:47 +624 ~219: /Users/nguyenanhkiet/Playground/grex/test/features/auth/domain/services/invalid_sessions_property_test.dart: Property 23: Invalid Sessions Are Cleared should handle sessions with missing user data
00:47 +625 ~219: /Users/nguyenanhkiet/Playground/grex/test/features/auth/domain/services/invalid_sessions_property_test.dart: Property 23: Invalid Sessions Are Cleared should handle refresh token failures
00:47 +626 ~219: /Users/nguyenanhkiet/Playground/grex/test/features/auth/domain/services/invalid_sessions_property_test.dart: Property 23: Invalid Sessions Are Cleared should handle sign out for invalid sessions
00:48 +627 ~219: /Users/nguyenanhkiet/Playground/grex/test/features/auth/domain/services/simple_session_service_test.dart: SimpleSessionService hasValidSession should return true for valid session with future expiry
00:48 +628 ~219: /Users/nguyenanhkiet/Playground/grex/test/features/auth/domain/services/simple_session_service_test.dart: SimpleSessionService hasValidSession should return false for expired session
00:48 +629 ~219: /Users/nguyenanhkiet/Playground/grex/test/features/auth/domain/services/simple_session_service_test.dart: SimpleSessionService hasValidSession should return false for null session
00:48 +630 ~219: /Users/nguyenanhkiet/Playground/grex/test/features/auth/domain/services/simple_session_service_test.dart: SimpleSessionService hasValidSession should return false for session with null expiry
00:48 +631 ~219: /Users/nguyenanhkiet/Playground/grex/test/features/auth/domain/services/simple_session_service_test.dart: SimpleSessionService getCurrentUser should return User for authenticated Google OAuth user
00:48 +632 ~219: /Users/nguyenanhkiet/Playground/grex/test/features/auth/domain/services/simple_session_service_test.dart: SimpleSessionService getCurrentUser should return null for unauthenticated user
00:48 +633 ~219: /Users/nguyenanhkiet/Playground/grex/test/features/auth/domain/services/simple_session_service_test.dart: SimpleSessionService signOut should call Supabase auth signOut
00:48 +634 ~219: /Users/nguyenanhkiet/Playground/grex/test/features/auth/domain/services/simple_session_service_test.dart: SimpleSessionService signOut should propagate signOut exceptions
00:48 +635 ~219: /Users/nguyenanhkiet/Playground/grex/test/features/auth/domain/services/social_login_analytics_test.dart: SocialLoginAnalyticsImpl logSocialLoginInitiated should log social login initiated event for Google
00:48 +636 ~219: /Users/nguyenanhkiet/Playground/grex/test/features/auth/domain/services/social_login_analytics_test.dart: SocialLoginAnalyticsImpl logSocialLoginInitiated should log social login initiated event for Google
00:48 +637 ~219: /Users/nguyenanhkiet/Playground/grex/test/features/auth/domain/services/social_login_analytics_test.dart: SocialLoginAnalyticsImpl logSocialLoginInitiated should log social login initiated event for Google
00:48 +638 ~219: /Users/nguyenanhkiet/Playground/grex/test/features/auth/domain/services/social_login_analytics_test.dart: SocialLoginAnalyticsImpl logSocialLoginInitiated should log social login initiated event for Google
00:48 +639 ~219: /Users/nguyenanhkiet/Playground/grex/test/features/auth/domain/services/social_login_analytics_test.dart: SocialLoginAnalyticsImpl logSocialLoginInitiated should log social login initiated event for Google
00:48 +640 ~219: /Users/nguyenanhkiet/Playground/grex/test/features/auth/domain/services/social_login_analytics_test.dart: SocialLoginAnalyticsImpl logSocialLoginInitiated should log social login initiated event for Google
00:48 +641 ~219: /Users/nguyenanhkiet/Playground/grex/test/features/auth/domain/services/social_login_analytics_test.dart: SocialLoginAnalyticsImpl logSocialLoginInitiated should log social login initiated event for Apple
00:48 +642 ~219: /Users/nguyenanhkiet/Playground/grex/test/features/auth/domain/services/social_login_analytics_test.dart: SocialLoginAnalyticsImpl logSocialLoginSuccess should log social login success event with new user type
00:48 +643 ~219: /Users/nguyenanhkiet/Playground/grex/test/features/auth/domain/services/social_login_analytics_test.dart: SocialLoginAnalyticsImpl logSocialLoginSuccess should log social login success event with existing user type
00:48 +644 ~219: /Users/nguyenanhkiet/Playground/grex/test/features/auth/domain/services/social_login_analytics_test.dart: SocialLoginAnalyticsImpl logSocialLoginSuccess should log social login success event with linking required user type
00:48 +645 ~219: /Users/nguyenanhkiet/Playground/grex/test/features/auth/domain/services/social_login_analytics_test.dart: SocialLoginAnalyticsImpl logSocialLoginFailure should log social login failure event with network error
00:48 +646 ~219: /Users/nguyenanhkiet/Playground/grex/test/features/auth/domain/services/social_login_analytics_test.dart: SocialLoginAnalyticsImpl logSocialLoginFailure should log social login failure event with timeout error
00:48 +647 ~219: /Users/nguyenanhkiet/Playground/grex/test/features/auth/domain/services/social_login_analytics_test.dart: SocialLoginAnalyticsImpl logSocialLoginFailure should log social login failure event with unknown error
00:48 +648 ~219: /Users/nguyenanhkiet/Playground/grex/test/features/auth/domain/services/social_login_analytics_test.dart: SocialLoginAnalyticsImpl logSocialLoginCancelled should log social login cancelled event for Google
00:48 +649 ~219: /Users/nguyenanhkiet/Playground/grex/test/features/auth/domain/services/social_login_analytics_test.dart: SocialLoginAnalyticsImpl logSocialLoginCancelled should log social login cancelled event for Apple
00:48 +650 ~219: /Users/nguyenanhkiet/Playground/grex/test/features/auth/domain/services/social_login_analytics_test.dart: SocialLoginAnalyticsImpl logProfileSetupCompleted should log profile setup completed event with all parameters
00:48 +651 ~219: /Users/nguyenanhkiet/Playground/grex/test/features/auth/domain/services/social_login_analytics_test.dart: SocialLoginAnalyticsImpl logProfileSetupCompleted should log profile setup completed event for Apple with different parameters
00:48 +652 ~219: /Users/nguyenanhkiet/Playground/grex/test/features/auth/domain/services/social_login_analytics_test.dart: SocialLoginAnalyticsImpl logProfileSetupCompleted should handle empty display name
00:48 +653 ~219: /Users/nguyenanhkiet/Playground/grex/test/features/auth/domain/services/social_login_analytics_test.dart: SocialLoginAnalyticsImpl logAccountLinking should log account linking confirmed event
00:48 +654 ~219: /Users/nguyenanhkiet/Playground/grex/test/features/auth/domain/services/social_login_analytics_test.dart: SocialLoginAnalyticsImpl logAccountLinking should log account linking declined event
00:48 +655 ~219: /Users/nguyenanhkiet/Playground/grex/test/features/auth/domain/services/social_login_analytics_test.dart: SocialLoginAnalyticsImpl logAccountLinking should handle email without domain
00:48 +656 ~219: /Users/nguyenanhkiet/Playground/grex/test/features/auth/domain/services/social_login_analytics_test.dart: SocialLoginAnalyticsImpl logAccountLinking should handle email with multiple @ symbols
00:48 +657 ~219: /Users/nguyenanhkiet/Playground/grex/test/features/auth/domain/services/social_login_analytics_test.dart: SocialLoginAnalyticsImpl event parameters validation should include timestamp in all events
00:48 +658 ~219: /Users/nguyenanhkiet/Playground/grex/test/features/auth/domain/services/social_login_analytics_test.dart: SocialLoginAnalyticsImpl event parameters validation should include provider in all events
00:48 +659 ~219: /Users/nguyenanhkiet/Playground/grex/test/features/auth/domain/services/social_login_analytics_test.dart: SocialLoginAnalyticsImpl multiple events logging should log multiple events in sequence
00:49 +660 ~219: /Users/nguyenanhkiet/Playground/grex/test/features/auth/domain/services/email_verification_test.dart: SupabaseEmailVerificationService processVerificationLink should process valid verification link successfully
00:49 +661 ~219: /Users/nguyenanhkiet/Playground/grex/test/features/auth/domain/services/email_verification_test.dart: SupabaseEmailVerificationService processVerificationLink should reject link without token parameter
00:49 +662 ~219: /Users/nguyenanhkiet/Playground/grex/test/features/auth/domain/services/email_verification_test.dart: SupabaseEmailVerificationService processVerificationLink should reject link without email parameter
00:49 +663 ~219: /Users/nguyenanhkiet/Playground/grex/test/features/auth/domain/services/email_verification_test.dart: SupabaseEmailVerificationService processVerificationLink should reject link with invalid email format
00:49 +664 ~219: /Users/nguyenanhkiet/Playground/grex/test/features/auth/domain/services/email_verification_test.dart: SupabaseEmailVerificationService processVerificationLink should reject link with wrong type parameter
00:49 +665 ~219: /Users/nguyenanhkiet/Playground/grex/test/features/auth/domain/services/email_verification_test.dart: SupabaseEmailVerificationService processVerificationLink should handle malformed URLs gracefully
00:49 +666 ~219: /Users/nguyenanhkiet/Playground/grex/test/features/auth/domain/services/email_verification_test.dart: SupabaseEmailVerificationService isVerificationLink should identify valid verification links
00:49 +667 ~219: /Users/nguyenanhkiet/Playground/grex/test/features/auth/domain/services/email_verification_test.dart: SupabaseEmailVerificationService isVerificationLink should reject invalid verification links
00:49 +668 ~219: /Users/nguyenanhkiet/Playground/grex/test/features/auth/domain/services/email_verification_test.dart: SupabaseEmailVerificationService extractToken should extract token from valid links
00:49 +669 ~219: /Users/nguyenanhkiet/Playground/grex/test/features/auth/domain/services/email_verification_test.dart: SupabaseEmailVerificationService extractToken should return null for links without token
00:49 +670 ~219: /Users/nguyenanhkiet/Playground/grex/test/features/auth/domain/services/email_verification_test.dart: SupabaseEmailVerificationService extractToken should handle malformed URLs gracefully
00:49 +671 ~219: /Users/nguyenanhkiet/Playground/grex/test/features/auth/domain/services/email_verification_test.dart: SupabaseEmailVerificationService extractEmail should extract email from valid links
00:49 +672 ~219: /Users/nguyenanhkiet/Playground/grex/test/features/auth/domain/services/email_verification_test.dart: SupabaseEmailVerificationService extractEmail should return null for links without email
00:49 +673 ~219: /Users/nguyenanhkiet/Playground/grex/test/features/auth/domain/services/email_verification_test.dart: SupabaseEmailVerificationService extractEmail should handle malformed URLs gracefully
00:49 +674 ~219: /Users/nguyenanhkiet/Playground/grex/test/features/auth/domain/services/email_verification_test.dart: SupabaseEmailVerificationService EmailVerificationData should create verification data correctly
00:49 +675 ~219: /Users/nguyenanhkiet/Playground/grex/test/features/auth/domain/services/email_verification_test.dart: SupabaseEmailVerificationService EmailVerificationData should implement equality correctly
00:49 +676 ~219: /Users/nguyenanhkiet/Playground/grex/test/features/auth/domain/services/email_verification_test.dart: SupabaseEmailVerificationService EmailVerificationData should have meaningful toString
00:49 +677 ~219: /Users/nguyenanhkiet/Playground/grex/test/features/auth/domain/services/email_verification_test.dart: SupabaseEmailVerificationService Edge Cases should handle empty token parameter
00:49 +678 ~219: /Users/nguyenanhkiet/Playground/grex/test/features/auth/domain/services/email_verification_test.dart: SupabaseEmailVerificationService Edge Cases should handle empty email parameter
00:49 +679 ~219: /Users/nguyenanhkiet/Playground/grex/test/features/auth/domain/services/email_verification_test.dart: SupabaseEmailVerificationService Edge Cases should handle URL with fragment
00:49 +680 ~219: /Users/nguyenanhkiet/Playground/grex/test/features/auth/domain/services/email_verification_test.dart: SupabaseEmailVerificationService Edge Cases should handle URL with additional parameters
00:49 +681 ~219: /Users/nguyenanhkiet/Playground/grex/test/features/auth/domain/services/email_verification_test.dart: SupabaseEmailVerificationService Edge Cases should handle case-sensitive email validation
00:50 +682 ~219: /Users/nguyenanhkiet/Playground/grex/test/features/auth/domain/entities/user_test.dart: User Entity should create User from JSON
00:50 +683 ~219: /Users/nguyenanhkiet/Playground/grex/test/features/auth/domain/entities/user_test.dart: User Entity should handle null email_confirmed_at
00:50 +684 ~219: /Users/nguyenanhkiet/Playground/grex/test/features/auth/domain/entities/user_test.dart: User Entity should convert User to JSON
00:50 +685 ~219: /Users/nguyenanhkiet/Playground/grex/test/features/auth/domain/entities/user_test.dart: User Entity OAuth Metadata socialProvider should return Google when providers contains google
00:50 +686 ~219: /Users/nguyenanhkiet/Playground/grex/test/features/auth/domain/entities/user_test.dart: User Entity OAuth Metadata socialProvider should return Apple when providers contains apple
00:50 +687 ~219: /Users/nguyenanhkiet/Playground/grex/test/features/auth/domain/entities/user_test.dart: User Entity OAuth Metadata socialProvider should return null when providers is empty
00:50 +688 ~219: /Users/nguyenanhkiet/Playground/grex/test/features/auth/domain/entities/user_test.dart: User Entity OAuth Metadata socialProvider should return null when appMetadata is null
00:50 +689 ~219: /Users/nguyenanhkiet/Playground/grex/test/features/auth/domain/entities/user_test.dart: User Entity OAuth Metadata socialProvider should return null for email provider
00:50 +690 ~219: /Users/nguyenanhkiet/Playground/grex/test/features/auth/domain/entities/user_test.dart: User Entity OAuth Metadata oauthDisplayName should extract full_name from userMetadata
00:50 +691 ~219: /Users/nguyenanhkiet/Playground/grex/test/features/auth/domain/entities/user_test.dart: User Entity OAuth Metadata oauthDisplayName should extract name from userMetadata
00:50 +692 ~219: /Users/nguyenanhkiet/Playground/grex/test/features/auth/domain/entities/user_test.dart: User Entity OAuth Metadata oauthDisplayName should extract display_name from userMetadata
00:50 +693 ~219: /Users/nguyenanhkiet/Playground/grex/test/features/auth/domain/entities/user_test.dart: User Entity OAuth Metadata oauthDisplayName should prioritize full_name over name
00:50 +694 ~219: /Users/nguyenanhkiet/Playground/grex/test/features/auth/domain/entities/user_test.dart: User Entity OAuth Metadata oauthDisplayName should return null when userMetadata is null
00:50 +695 ~219: /Users/nguyenanhkiet/Playground/grex/test/features/auth/domain/entities/user_test.dart: User Entity OAuth Metadata oauthDisplayName should return null when no name fields present
00:50 +696 ~219: /Users/nguyenanhkiet/Playground/grex/test/features/auth/domain/entities/user_test.dart: User Entity OAuth Metadata fromSupabaseUser should extract OAuth metadata correctly
00:50 +697 ~219: /Users/nguyenanhkiet/Playground/grex/test/features/auth/domain/entities/profile_setup_data_test.dart: ProfileSetupData constructor creates instance with required fields
00:50 +698 ~219: /Users/nguyenanhkiet/Playground/grex/test/features/auth/domain/entities/profile_setup_data_test.dart: ProfileSetupData constructor creates instance with optional socialProvider
00:50 +699 ~219: /Users/nguyenanhkiet/Playground/grex/test/features/auth/domain/entities/profile_setup_data_test.dart: ProfileSetupData toJson converts to JSON without socialProvider
00:50 +700 ~219: /Users/nguyenanhkiet/Playground/grex/test/features/auth/domain/entities/profile_setup_data_test.dart: ProfileSetupData toJson converts to JSON with socialProvider
00:50 +701 ~219: /Users/nguyenanhkiet/Playground/grex/test/features/auth/domain/entities/profile_setup_data_test.dart: ProfileSetupData fromJson creates instance from JSON without socialProvider
00:50 +702 ~219: /Users/nguyenanhkiet/Playground/grex/test/features/auth/domain/entities/profile_setup_data_test.dart: ProfileSetupData fromJson creates instance from JSON with socialProvider
00:50 +703 ~219: /Users/nguyenanhkiet/Playground/grex/test/features/auth/domain/entities/profile_setup_data_test.dart: ProfileSetupData copyWith creates copy with updated displayName
00:50 +704 ~219: /Users/nguyenanhkiet/Playground/grex/test/features/auth/domain/entities/profile_setup_data_test.dart: ProfileSetupData copyWith creates copy with updated preferredCurrency
00:50 +705 ~219: /Users/nguyenanhkiet/Playground/grex/test/features/auth/domain/entities/profile_setup_data_test.dart: ProfileSetupData copyWith creates copy with updated languageCode
00:50 +706 ~219: /Users/nguyenanhkiet/Playground/grex/test/features/auth/domain/entities/profile_setup_data_test.dart: ProfileSetupData copyWith creates copy with updated socialProvider
00:50 +707 ~219: /Users/nguyenanhkiet/Playground/grex/test/features/auth/domain/entities/profile_setup_data_test.dart: ProfileSetupData validateDisplayName returns null for valid display name
00:50 +708 ~219: /Users/nguyenanhkiet/Playground/grex/test/features/auth/domain/entities/profile_setup_data_test.dart: ProfileSetupData validateDisplayName returns error for null display name
00:50 +709 ~219: /Users/nguyenanhkiet/Playground/grex/test/features/auth/domain/entities/profile_setup_data_test.dart: ProfileSetupData validateDisplayName returns error for empty display name
00:50 +710 ~219: /Users/nguyenanhkiet/Playground/grex/test/features/auth/domain/entities/profile_setup_data_test.dart: ProfileSetupData validateDisplayName returns error for whitespace-only display name
00:50 +711 ~219: /Users/nguyenanhkiet/Playground/grex/test/features/auth/domain/entities/profile_setup_data_test.dart: ProfileSetupData validateDisplayName returns error for display name less than 2 characters
00:50 +712 ~219: /Users/nguyenanhkiet/Playground/grex/test/features/auth/domain/entities/profile_setup_data_test.dart: ProfileSetupData validateDisplayName returns error for display name more than 50 characters
00:50 +713 ~219: /Users/nguyenanhkiet/Playground/grex/test/features/auth/domain/entities/profile_setup_data_test.dart: ProfileSetupData validateDisplayName trims whitespace before validation
00:50 +714 ~219: /Users/nguyenanhkiet/Playground/grex/test/features/auth/domain/entities/profile_setup_data_test.dart: ProfileSetupData validateCurrency returns null for valid currency
00:50 +715 ~219: /Users/nguyenanhkiet/Playground/grex/test/features/auth/domain/entities/profile_setup_data_test.dart: ProfileSetupData validateCurrency returns error for null currency
00:50 +716 ~219: /Users/nguyenanhkiet/Playground/grex/test/features/auth/domain/entities/profile_setup_data_test.dart: ProfileSetupData validateCurrency returns error for empty currency
00:50 +717 ~219: /Users/nguyenanhkiet/Playground/grex/test/features/auth/domain/entities/profile_setup_data_test.dart: ProfileSetupData validateLanguage returns null for valid language
00:50 +718 ~219: /Users/nguyenanhkiet/Playground/grex/test/features/auth/domain/entities/profile_setup_data_test.dart: ProfileSetupData validateLanguage returns error for null language
00:50 +719 ~219: /Users/nguyenanhkiet/Playground/grex/test/features/auth/domain/entities/profile_setup_data_test.dart: ProfileSetupData validateLanguage returns error for empty language
00:50 +720 ~219: /Users/nguyenanhkiet/Playground/grex/test/features/auth/domain/entities/profile_setup_data_test.dart: ProfileSetupData validate returns empty map for valid data
00:50 +721 ~219: /Users/nguyenanhkiet/Playground/grex/test/features/auth/domain/entities/profile_setup_data_test.dart: ProfileSetupData validate returns error for invalid display name
00:50 +722 ~219: /Users/nguyenanhkiet/Playground/grex/test/features/auth/domain/entities/profile_setup_data_test.dart: ProfileSetupData validate returns error for invalid currency
00:50 +723 ~219: /Users/nguyenanhkiet/Playground/grex/test/features/auth/domain/entities/profile_setup_data_test.dart: ProfileSetupData validate returns error for invalid language
00:50 +724 ~219: /Users/nguyenanhkiet/Playground/grex/test/features/auth/domain/entities/profile_setup_data_test.dart: ProfileSetupData validate returns multiple errors for multiple invalid fields
00:50 +725 ~219: /Users/nguyenanhkiet/Playground/grex/test/features/auth/domain/entities/profile_setup_data_test.dart: ProfileSetupData isValid returns true for valid data
00:50 +726 ~219: /Users/nguyenanhkiet/Playground/grex/test/features/auth/domain/entities/profile_setup_data_test.dart: ProfileSetupData isValid returns false for invalid display name
00:50 +727 ~219: /Users/nguyenanhkiet/Playground/grex/test/features/auth/domain/entities/profile_setup_data_test.dart: ProfileSetupData isValid returns false for invalid currency
00:50 +728 ~219: /Users/nguyenanhkiet/Playground/grex/test/features/auth/domain/entities/profile_setup_data_test.dart: ProfileSetupData isValid returns false for invalid language
00:50 +729 ~219: /Users/nguyenanhkiet/Playground/grex/test/features/auth/domain/entities/profile_setup_data_test.dart: ProfileSetupData equality two instances with same values are equal
00:50 +730 ~219: /Users/nguyenanhkiet/Playground/grex/test/features/auth/domain/entities/profile_setup_data_test.dart: ProfileSetupData equality two instances with different values are not equal
00:50 +731 ~219: /Users/nguyenanhkiet/Playground/grex/test/features/auth/domain/entities/profile_setup_data_test.dart: ProfileSetupData toString returns string representation
00:50 +732 ~219: /Users/nguyenanhkiet/Playground/grex/test/features/auth/presentation/l10n/social_login_localization_test.dart: Social Login Localization (setUpAll)
00:50 +732 ~219: /Users/nguyenanhkiet/Playground/grex/test/features/auth/presentation/l10n/social_login_localization_test.dart: Social Login Localization English Localization should have all social login strings
00:50 +733 ~219: /Users/nguyenanhkiet/Playground/grex/test/features/auth/presentation/l10n/social_login_localization_test.dart: Social Login Localization English Localization should handle parameterized strings
00:50 +734 ~219: /Users/nguyenanhkiet/Playground/grex/test/features/auth/presentation/l10n/social_login_localization_test.dart: Social Login Localization Vietnamese Localization should have all social login strings
00:50 +735 ~219: /Users/nguyenanhkiet/Playground/grex/test/features/auth/presentation/l10n/social_login_localization_test.dart: Social Login Localization Vietnamese Localization should handle parameterized strings
00:50 +736 ~219: /Users/nguyenanhkiet/Playground/grex/test/features/auth/presentation/l10n/social_login_localization_test.dart: Social Login Localization Spanish Localization should have all social login strings
00:50 +737 ~219: /Users/nguyenanhkiet/Playground/grex/test/features/auth/presentation/l10n/social_login_localization_test.dart: Social Login Localization Spanish Localization should handle parameterized strings
00:50 +738 ~219: /Users/nguyenanhkiet/Playground/grex/test/features/auth/presentation/l10n/social_login_localization_test.dart: Social Login Localization Arabic Localization should have all social login strings
00:50 +739 ~219: /Users/nguyenanhkiet/Playground/grex/test/features/auth/presentation/l10n/social_login_localization_test.dart: Social Login Localization Arabic Localization should handle parameterized strings
00:50 +740 ~219: /Users/nguyenanhkiet/Playground/grex/test/features/auth/presentation/l10n/social_login_localization_test.dart: Social Login Localization Cross-Language Validation should have consistent parameter handling across languages
00:50 +741 ~219: /Users/nguyenanhkiet/Playground/grex/test/features/auth/presentation/l10n/social_login_localization_test.dart: Social Login Localization Cross-Language Validation should have non-empty strings in all languages
00:50 +742 ~219: /Users/nguyenanhkiet/Playground/grex/test/features/auth/presentation/l10n/social_login_localization_test.dart: Social Login Localization Cross-Language Validation should have different translations for non-English languages
00:50 +743 ~219: /Users/nguyenanhkiet/Playground/grex/test/features/auth/presentation/l10n/social_login_localization_test.dart: Social Login Localization (tearDownAll)
00:51 +743 ~219: /Users/nguyenanhkiet/Playground/grex/test/features/auth/presentation/l10n/social_login_localization_property_test.dart: Property 34: Social Login UI Localized Correctly should have all social login strings in all supported locales
00:51 +744 ~219: /Users/nguyenanhkiet/Playground/grex/test/features/auth/presentation/l10n/social_login_localization_property_test.dart: Property 34: Social Login UI Localized Correctly should have culturally appropriate translations
00:51 +745 ~219: /Users/nguyenanhkiet/Playground/grex/test/features/auth/presentation/l10n/social_login_localization_property_test.dart: Property 34: Social Login UI Localized Correctly should handle placeholder replacement correctly
00:51 +746 ~219: /Users/nguyenanhkiet/Playground/grex/test/features/auth/presentation/l10n/social_login_localization_property_test.dart: Property 34: Social Login UI Localized Correctly should maintain consistent string lengths across locales
00:51 +747 ~219: /Users/nguyenanhkiet/Playground/grex/test/features/auth/presentation/navigation/navigation_widget_test.dart: Authentication Navigation Widget Tests should navigate from login to register
  Skip: TODO(navigation): tests assert behaviors the product doesn't yet expose — Key("register_button"), Key("confirm_password_field"), Key("edit_profile_button"), Key("back_to_login_button"); inline-tap targets like "Đăng ký ngay"/"Đăng nhập ngay" that current pages render as a single "Chưa có tài khoản? Đăng ký" Text; and titles "Tạo tài khoản"/"Đặt lại mật khẩu"/"Hồ sơ cá nhân"/"Xác thực email" that the pages currently render as the matching l10n strings ("Đăng ký tài khoản", "Quên mật khẩu", "Hồ sơ", "Xác thực email của bạn"). Re-enable after either adding the missing Keys + splitting link copy in the product, or rewriting these assertions against the current renderings.
00:51 +747 ~220: /Users/nguyenanhkiet/Playground/grex/test/features/auth/presentation/navigation/navigation_widget_test.dart: Authentication Navigation Widget Tests should navigate from register to login
  Skip: TODO(navigation): tests assert behaviors the product doesn't yet expose — Key("register_button"), Key("confirm_password_field"), Key("edit_profile_button"), Key("back_to_login_button"); inline-tap targets like "Đăng ký ngay"/"Đăng nhập ngay" that current pages render as a single "Chưa có tài khoản? Đăng ký" Text; and titles "Tạo tài khoản"/"Đặt lại mật khẩu"/"Hồ sơ cá nhân"/"Xác thực email" that the pages currently render as the matching l10n strings ("Đăng ký tài khoản", "Quên mật khẩu", "Hồ sơ", "Xác thực email của bạn"). Re-enable after either adding the missing Keys + splitting link copy in the product, or rewriting these assertions against the current renderings.
00:51 +747 ~221: /Users/nguyenanhkiet/Playground/grex/test/features/auth/presentation/navigation/navigation_widget_test.dart: Authentication Navigation Widget Tests should navigate from login to forgot password
  Skip: TODO(navigation): tests assert behaviors the product doesn't yet expose — Key("register_button"), Key("confirm_password_field"), Key("edit_profile_button"), Key("back_to_login_button"); inline-tap targets like "Đăng ký ngay"/"Đăng nhập ngay" that current pages render as a single "Chưa có tài khoản? Đăng ký" Text; and titles "Tạo tài khoản"/"Đặt lại mật khẩu"/"Hồ sơ cá nhân"/"Xác thực email" that the pages currently render as the matching l10n strings ("Đăng ký tài khoản", "Quên mật khẩu", "Hồ sơ", "Xác thực email của bạn"). Re-enable after either adding the missing Keys + splitting link copy in the product, or rewriting these assertions against the current renderings.
00:51 +747 ~222: /Users/nguyenanhkiet/Playground/grex/test/features/auth/presentation/navigation/navigation_widget_test.dart: Authentication Navigation Widget Tests should redirect unauthenticated user to login
  Skip: TODO(navigation): tests assert behaviors the product doesn't yet expose — Key("register_button"), Key("confirm_password_field"), Key("edit_profile_button"), Key("back_to_login_button"); inline-tap targets like "Đăng ký ngay"/"Đăng nhập ngay" that current pages render as a single "Chưa có tài khoản? Đăng ký" Text; and titles "Tạo tài khoản"/"Đặt lại mật khẩu"/"Hồ sơ cá nhân"/"Xác thực email" that the pages currently render as the matching l10n strings ("Đăng ký tài khoản", "Quên mật khẩu", "Hồ sơ", "Xác thực email của bạn"). Re-enable after either adding the missing Keys + splitting link copy in the product, or rewriting these assertions against the current renderings.
00:51 +747 ~223: /Users/nguyenanhkiet/Playground/grex/test/features/auth/presentation/navigation/navigation_widget_test.dart: Authentication Navigation Widget Tests should redirect authenticated user from auth pages to home
  Skip: TODO(navigation): tests assert behaviors the product doesn't yet expose — Key("register_button"), Key("confirm_password_field"), Key("edit_profile_button"), Key("back_to_login_button"); inline-tap targets like "Đăng ký ngay"/"Đăng nhập ngay" that current pages render as a single "Chưa có tài khoản? Đăng ký" Text; and titles "Tạo tài khoản"/"Đặt lại mật khẩu"/"Hồ sơ cá nhân"/"Xác thực email" that the pages currently render as the matching l10n strings ("Đăng ký tài khoản", "Quên mật khẩu", "Hồ sơ", "Xác thực email của bạn"). Re-enable after either adding the missing Keys + splitting link copy in the product, or rewriting these assertions against the current renderings.
00:51 +747 ~224: /Users/nguyenanhkiet/Playground/grex/test/features/auth/presentation/navigation/navigation_widget_test.dart: Authentication Navigation Widget Tests should navigate to email verification after registration
  Skip: TODO(navigation): tests assert behaviors the product doesn't yet expose — Key("register_button"), Key("confirm_password_field"), Key("edit_profile_button"), Key("back_to_login_button"); inline-tap targets like "Đăng ký ngay"/"Đăng nhập ngay" that current pages render as a single "Chưa có tài khoản? Đăng ký" Text; and titles "Tạo tài khoản"/"Đặt lại mật khẩu"/"Hồ sơ cá nhân"/"Xác thực email" that the pages currently render as the matching l10n strings ("Đăng ký tài khoản", "Quên mật khẩu", "Hồ sơ", "Xác thực email của bạn"). Re-enable after either adding the missing Keys + splitting link copy in the product, or rewriting these assertions against the current renderings.
00:51 +747 ~225: /Users/nguyenanhkiet/Playground/grex/test/features/auth/presentation/navigation/navigation_widget_test.dart: Authentication Navigation Widget Tests should navigate to profile edit page
  Skip: TODO(navigation): tests assert behaviors the product doesn't yet expose — Key("register_button"), Key("confirm_password_field"), Key("edit_profile_button"), Key("back_to_login_button"); inline-tap targets like "Đăng ký ngay"/"Đăng nhập ngay" that current pages render as a single "Chưa có tài khoản? Đăng ký" Text; and titles "Tạo tài khoản"/"Đặt lại mật khẩu"/"Hồ sơ cá nhân"/"Xác thực email" that the pages currently render as the matching l10n strings ("Đăng ký tài khoản", "Quên mật khẩu", "Hồ sơ", "Xác thực email của bạn"). Re-enable after either adding the missing Keys + splitting link copy in the product, or rewriting these assertions against the current renderings.
00:51 +747 ~226: /Users/nguyenanhkiet/Playground/grex/test/features/auth/presentation/navigation/navigation_widget_test.dart: Authentication Navigation Widget Tests should handle deep link to password reset
  Skip: TODO(navigation): tests assert behaviors the product doesn't yet expose — Key("register_button"), Key("confirm_password_field"), Key("edit_profile_button"), Key("back_to_login_button"); inline-tap targets like "Đăng ký ngay"/"Đăng nhập ngay" that current pages render as a single "Chưa có tài khoản? Đăng ký" Text; and titles "Tạo tài khoản"/"Đặt lại mật khẩu"/"Hồ sơ cá nhân"/"Xác thực email" that the pages currently render as the matching l10n strings ("Đăng ký tài khoản", "Quên mật khẩu", "Hồ sơ", "Xác thực email của bạn"). Re-enable after either adding the missing Keys + splitting link copy in the product, or rewriting these assertions against the current renderings.
00:51 +747 ~227: /Users/nguyenanhkiet/Playground/grex/test/features/auth/presentation/navigation/navigation_widget_test.dart: Authentication Navigation Widget Tests should handle deep link to email verification
  Skip: TODO(navigation): tests assert behaviors the product doesn't yet expose — Key("register_button"), Key("confirm_password_field"), Key("edit_profile_button"), Key("back_to_login_button"); inline-tap targets like "Đăng ký ngay"/"Đăng nhập ngay" that current pages render as a single "Chưa có tài khoản? Đăng ký" Text; and titles "Tạo tài khoản"/"Đặt lại mật khẩu"/"Hồ sơ cá nhân"/"Xác thực email" that the pages currently render as the matching l10n strings ("Đăng ký tài khoản", "Quên mật khẩu", "Hồ sơ", "Xác thực email của bạn"). Re-enable after either adding the missing Keys + splitting link copy in the product, or rewriting these assertions against the current renderings.
00:51 +747 ~228: /Users/nguyenanhkiet/Playground/grex/test/features/auth/presentation/navigation/navigation_widget_test.dart: Authentication Navigation Widget Tests should navigate back from forgot password to login
  Skip: TODO(navigation): tests assert behaviors the product doesn't yet expose — Key("register_button"), Key("confirm_password_field"), Key("edit_profile_button"), Key("back_to_login_button"); inline-tap targets like "Đăng ký ngay"/"Đăng nhập ngay" that current pages render as a single "Chưa có tài khoản? Đăng ký" Text; and titles "Tạo tài khoản"/"Đặt lại mật khẩu"/"Hồ sơ cá nhân"/"Xác thực email" that the pages currently render as the matching l10n strings ("Đăng ký tài khoản", "Quên mật khẩu", "Hồ sơ", "Xác thực email của bạn"). Re-enable after either adding the missing Keys + splitting link copy in the product, or rewriting these assertions against the current renderings.
00:52 +747 ~229: /Users/nguyenanhkiet/Playground/grex/test/features/auth/presentation/utils/social_auth_error_handler_test.dart: SocialAuthErrorHandler getErrorMessage should return empty string for SocialAuthCancelledFailure
00:53 +748 ~229: /Users/nguyenanhkiet/Playground/grex/test/features/auth/presentation/utils/social_auth_error_handler_test.dart: SocialAuthErrorHandler getErrorMessage should return network error message for SocialAuthNetworkFailure
00:53 +749 ~229: /Users/nguyenanhkiet/Playground/grex/test/features/auth/presentation/utils/social_auth_error_handler_test.dart: SocialAuthErrorHandler getErrorMessage should return timeout error message for SocialAuthTimeoutFailure
00:53 +750 ~229: /Users/nguyenanhkiet/Playground/grex/test/features/auth/presentation/utils/social_auth_error_handler_test.dart: SocialAuthErrorHandler getErrorMessage should return linking error message for AccountLinkingFailure
00:53 +751 ~229: /Users/nguyenanhkiet/Playground/grex/test/features/auth/presentation/utils/social_auth_error_handler_test.dart: SocialAuthErrorHandler getErrorMessage should return generic error message for SocialAuthFailure
00:53 +752 ~229: /Users/nguyenanhkiet/Playground/grex/test/features/auth/presentation/utils/social_auth_error_handler_test.dart: SocialAuthErrorHandler getErrorMessage should return network error message for NetworkFailure
00:53 +753 ~229: /Users/nguyenanhkiet/Playground/grex/test/features/auth/presentation/utils/social_auth_error_handler_test.dart: SocialAuthErrorHandler getErrorMessage should return generic error message for unknown failure types
00:53 +754 ~229: /Users/nguyenanhkiet/Playground/grex/test/features/auth/presentation/utils/social_auth_error_handler_test.dart: SocialAuthErrorHandler shouldShowRetry should return true for network failures
00:53 +755 ~229: /Users/nguyenanhkiet/Playground/grex/test/features/auth/presentation/utils/social_auth_error_handler_test.dart: SocialAuthErrorHandler shouldShowRetry should return true for timeout failures
00:53 +756 ~229: /Users/nguyenanhkiet/Playground/grex/test/features/auth/presentation/utils/social_auth_error_handler_test.dart: SocialAuthErrorHandler shouldShowRetry should return true for generic network failures
00:53 +757 ~229: /Users/nguyenanhkiet/Playground/grex/test/features/auth/presentation/utils/social_auth_error_handler_test.dart: SocialAuthErrorHandler shouldShowRetry should return false for cancellation failures
00:53 +758 ~229: /Users/nguyenanhkiet/Playground/grex/test/features/auth/presentation/utils/social_auth_error_handler_test.dart: SocialAuthErrorHandler shouldShowRetry should return false for account linking failures
00:53 +759 ~229: /Users/nguyenanhkiet/Playground/grex/test/features/auth/presentation/utils/social_auth_error_handler_test.dart: SocialAuthErrorHandler shouldShowRetry should return false for generic social auth failures
00:53 +760 ~229: /Users/nguyenanhkiet/Playground/grex/test/features/auth/presentation/utils/social_auth_error_handler_test.dart: SocialAuthErrorHandler shouldShowFallback should return true for generic social auth failures
00:53 +761 ~229: /Users/nguyenanhkiet/Playground/grex/test/features/auth/presentation/utils/social_auth_error_handler_test.dart: SocialAuthErrorHandler shouldShowFallback should return true for account linking failures
00:53 +762 ~229: /Users/nguyenanhkiet/Playground/grex/test/features/auth/presentation/utils/social_auth_error_handler_test.dart: SocialAuthErrorHandler shouldShowFallback should return false for cancellation failures
00:53 +763 ~229: /Users/nguyenanhkiet/Playground/grex/test/features/auth/presentation/utils/social_auth_error_handler_test.dart: SocialAuthErrorHandler shouldShowFallback should return false for network failures
00:53 +764 ~229: /Users/nguyenanhkiet/Playground/grex/test/features/auth/presentation/utils/social_auth_error_handler_test.dart: SocialAuthErrorHandler shouldShowFallback should return false for timeout failures
00:53 +765 ~229: /Users/nguyenanhkiet/Playground/grex/test/features/auth/presentation/utils/social_auth_error_handler_test.dart: SocialAuthErrorHandler shouldDisplayError should return false for cancellation failures
00:53 +766 ~229: /Users/nguyenanhkiet/Playground/grex/test/features/auth/presentation/utils/social_auth_error_handler_test.dart: SocialAuthErrorHandler shouldDisplayError should return true for network failures
00:53 +767 ~229: /Users/nguyenanhkiet/Playground/grex/test/features/auth/presentation/utils/social_auth_error_handler_test.dart: SocialAuthErrorHandler shouldDisplayError should return true for timeout failures
00:53 +768 ~229: /Users/nguyenanhkiet/Playground/grex/test/features/auth/presentation/utils/social_auth_error_handler_test.dart: SocialAuthErrorHandler shouldDisplayError should return true for generic social auth failures
00:53 +769 ~229: /Users/nguyenanhkiet/Playground/grex/test/features/auth/presentation/utils/social_auth_error_handler_test.dart: SocialAuthErrorHandler shouldDisplayError should return true for account linking failures
00:53 +770 ~229: /Users/nguyenanhkiet/Playground/grex/test/features/auth/presentation/utils/social_auth_error_handler_test.dart: SocialAuthErrorHandler getErrorIcon should return wifi_off icon for network failures
00:53 +771 ~229: /Users/nguyenanhkiet/Playground/grex/test/features/auth/presentation/utils/social_auth_error_handler_test.dart: SocialAuthErrorHandler getErrorIcon should return wifi_off icon for generic network failures
00:53 +772 ~229: /Users/nguyenanhkiet/Playground/grex/test/features/auth/presentation/utils/social_auth_error_handler_test.dart: SocialAuthErrorHandler getErrorIcon should return access_time icon for timeout failures
00:53 +773 ~229: /Users/nguyenanhkiet/Playground/grex/test/features/auth/presentation/utils/social_auth_error_handler_test.dart: SocialAuthErrorHandler getErrorIcon should return link_off icon for account linking failures
00:53 +774 ~229: /Users/nguyenanhkiet/Playground/grex/test/features/auth/presentation/utils/social_auth_error_handler_test.dart: SocialAuthErrorHandler getErrorIcon should return error_outline icon for generic failures
00:53 +775 ~229: /Users/nguyenanhkiet/Playground/grex/test/features/auth/presentation/utils/social_auth_error_handler_test.dart: SocialAuthErrorHandler getErrorColor should return error color from theme
00:53 +776 ~229: /Users/nguyenanhkiet/Playground/grex/test/features/auth/presentation/utils/social_auth_error_handler_test.dart: SocialAuthErrorHandler getRepeatedFailureMessage should return regular message for low attempt count
00:53 +777 ~229: /Users/nguyenanhkiet/Playground/grex/test/features/auth/presentation/utils/social_auth_error_handler_test.dart: SocialAuthErrorHandler getRepeatedFailureMessage should return enhanced message for high attempt count
00:53 +778 ~229: /Users/nguyenanhkiet/Playground/grex/test/features/auth/presentation/utils/social_auth_error_handler_repeated_failures_property_test.dart: Property 28: Repeated Failures Suggest Alternatives should suggest alternatives after repeated network failures with 100+ iterations
00:53 +779 ~229: /Users/nguyenanhkiet/Playground/grex/test/features/auth/presentation/utils/social_auth_error_handler_repeated_failures_property_test.dart: Property 28: Repeated Failures Suggest Alternatives should suggest alternatives after repeated network failures with 100+ iterations
00:53 +780 ~229: /Users/nguyenanhkiet/Playground/grex/test/features/auth/presentation/utils/social_auth_error_handler_repeated_failures_property_test.dart: Property 28: Repeated Failures Suggest Alternatives should suggest alternatives after repeated network failures with 100+ iterations
00:53 +781 ~229: /Users/nguyenanhkiet/Playground/grex/test/features/auth/presentation/utils/social_auth_error_handler_repeated_failures_property_test.dart: Property 28: Repeated Failures Suggest Alternatives should suggest alternatives after repeated network failures with 100+ iterations
00:53 +782 ~229: /Users/nguyenanhkiet/Playground/grex/test/features/auth/presentation/utils/social_auth_error_handler_repeated_failures_property_test.dart: Property 28: Repeated Failures Suggest Alternatives should suggest alternatives after repeated network failures with 100+ iterations
00:53 +783 ~229: /Users/nguyenanhkiet/Playground/grex/test/features/auth/presentation/utils/social_auth_error_handler_repeated_failures_property_test.dart: Property 28: Repeated Failures Suggest Alternatives should suggest alternatives after repeated network failures with 100+ iterations
00:53 +784 ~229: /Users/nguyenanhkiet/Playground/grex/test/features/auth/presentation/utils/social_auth_error_handler_repeated_failures_property_test.dart: Property 28: Repeated Failures Suggest Alternatives should suggest alternatives after repeated network failures with 100+ iterations
00:53 +785 ~229: /Users/nguyenanhkiet/Playground/grex/test/features/auth/presentation/utils/social_auth_error_handler_repeated_failures_property_test.dart: Property 28: Repeated Failures Suggest Alternatives should suggest alternatives after repeated network failures with 100+ iterations
00:53 +786 ~229: /Users/nguyenanhkiet/Playground/grex/test/features/auth/presentation/utils/social_auth_error_handler_repeated_failures_property_test.dart: Property 28: Repeated Failures Suggest Alternatives should suggest alternatives after repeated network failures with 100+ iterations
00:53 +787 ~229: /Users/nguyenanhkiet/Playground/grex/test/features/auth/presentation/utils/social_auth_error_handler_repeated_failures_property_test.dart: Property 28: Repeated Failures Suggest Alternatives should suggest alternatives after repeated network failures with 100+ iterations
00:53 +788 ~229: /Users/nguyenanhkiet/Playground/grex/test/features/auth/presentation/utils/social_auth_error_handler_repeated_failures_property_test.dart: Property 28: Repeated Failures Suggest Alternatives should suggest alternatives after repeated network failures with 100+ iterations
00:53 +789 ~229: /Users/nguyenanhkiet/Playground/grex/test/features/auth/presentation/utils/social_auth_error_handler_repeated_failures_property_test.dart: Property 28: Repeated Failures Suggest Alternatives should suggest alternatives after repeated network failures with 100+ iterations
00:54 +790 ~229: /Users/nguyenanhkiet/Playground/grex/test/features/auth/presentation/pages/profile_setup_page_test.dart: ProfileSetupPage should display form with pre-filled OAuth data
00:54 +791 ~229: /Users/nguyenanhkiet/Playground/grex/test/features/auth/presentation/pages/profile_setup_page_test.dart: ProfileSetupPage should display form with pre-filled OAuth data
00:54 +792 ~229: /Users/nguyenanhkiet/Playground/grex/test/features/auth/presentation/pages/profile_setup_page_test.dart: ProfileSetupPage should display form with pre-filled OAuth data
00:54 +793 ~229: /Users/nguyenanhkiet/Playground/grex/test/features/auth/presentation/pages/profile_setup_page_test.dart: ProfileSetupPage should display form with pre-filled OAuth data
00:54 +794 ~229: /Users/nguyenanhkiet/Playground/grex/test/features/auth/presentation/pages/profile_setup_page_test.dart: ProfileSetupPage should display form with pre-filled OAuth data
00:54 +795 ~229: /Users/nguyenanhkiet/Playground/grex/test/features/auth/presentation/pages/profile_setup_page_test.dart: ProfileSetupPage should display form with pre-filled OAuth data
00:54 +796 ~229: /Users/nguyenanhkiet/Playground/grex/test/features/auth/presentation/pages/profile_setup_page_test.dart: ProfileSetupPage should display form with pre-filled OAuth data
00:55 +797 ~229: /Users/nguyenanhkiet/Playground/grex/test/features/auth/presentation/pages/register_page_widget_test.dart: RegisterPage Widget Tests should display registration form with all required fields
00:55 +798 ~229: /Users/nguyenanhkiet/Playground/grex/test/features/auth/presentation/pages/register_page_widget_test.dart: RegisterPage Widget Tests should display registration form with all required fields
00:55 +799 ~229: /Users/nguyenanhkiet/Playground/grex/test/features/auth/presentation/pages/register_page_widget_test.dart: RegisterPage Widget Tests should display registration form with all required fields
00:55 +800 ~229: /Users/nguyenanhkiet/Playground/grex/test/features/auth/presentation/pages/register_page_widget_test.dart: RegisterPage Widget Tests should display registration form with all required fields
00:56 +801 ~229: /Users/nguyenanhkiet/Playground/grex/test/features/auth/presentation/pages/register_page_widget_test.dart: RegisterPage Widget Tests should display registration form with all required fields
00:56 +802 ~229: /Users/nguyenanhkiet/Playground/grex/test/features/auth/presentation/pages/register_page_widget_test.dart: RegisterPage Widget Tests should display registration form with all required fields
00:56 +803 ~229: /Users/nguyenanhkiet/Playground/grex/test/features/auth/presentation/pages/register_page_widget_test.dart: RegisterPage Widget Tests should display registration form with all required fields
00:56 +804 ~229: /Users/nguyenanhkiet/Playground/grex/test/features/auth/presentation/pages/register_page_widget_test.dart: RegisterPage Widget Tests should display registration form with all required fields
00:56 +805 ~229: /Users/nguyenanhkiet/Playground/grex/test/features/auth/presentation/pages/register_page_widget_test.dart: RegisterPage Widget Tests should display registration form with all required fields
00:56 +806 ~229: /Users/nguyenanhkiet/Playground/grex/test/features/auth/presentation/pages/register_page_widget_test.dart: RegisterPage Widget Tests should display registration form with all required fields
00:56 +807 ~229: /Users/nguyenanhkiet/Playground/grex/test/features/auth/presentation/pages/auth_forms_widget_test.dart: Authentication Forms Widget Tests LoginPage should display login form with required fields
00:56 +808 ~229: /Users/nguyenanhkiet/Playground/grex/test/features/auth/presentation/pages/auth_forms_widget_test.dart: Authentication Forms Widget Tests LoginPage should display login form with required fields
00:57 +809 ~229: /Users/nguyenanhkiet/Playground/grex/test/features/auth/presentation/pages/auth_forms_widget_test.dart: Authentication Forms Widget Tests LoginPage should display login form with required fields
00:57 +810 ~229: /Users/nguyenanhkiet/Playground/grex/test/features/auth/presentation/pages/auth_forms_widget_test.dart: Authentication Forms Widget Tests LoginPage should display login form with required fields
00:57 +811 ~229: /Users/nguyenanhkiet/Playground/grex/test/features/auth/presentation/pages/auth_forms_widget_test.dart: Authentication Forms Widget Tests LoginPage should display login form with required fields
00:57 +812 ~229: /Users/nguyenanhkiet/Playground/grex/test/features/auth/presentation/pages/register_page_widget_test.dart: RegisterPage Widget Tests should show validation error for empty display name
00:58 +813 ~229: /Users/nguyenanhkiet/Playground/grex/test/features/auth/presentation/pages/auth_forms_widget_test.dart: Authentication Forms Widget Tests LoginPage should show validation errors for empty fields
00:58 +814 ~229: /Users/nguyenanhkiet/Playground/grex/test/features/auth/presentation/pages/auth_forms_widget_test.dart: Authentication Forms Widget Tests LoginPage should show validation errors for empty fields
00:58 +815 ~229: /Users/nguyenanhkiet/Playground/grex/test/features/auth/presentation/pages/register_page_widget_test.dart: RegisterPage Widget Tests should show loading state during registration
00:58 +815 ~229: /Users/nguyenanhkiet/Playground/grex/test/features/auth/presentation/pages/profile_forms_widget_test.dart: Profile Forms Widget Tests ProfilePage should display profile information correctly
  Skip: TODO(i18n): see file-level comment — group disabled until Profile/EditProfile pages + InputValidators are i18n-wired.
00:58 +815 ~230: /Users/nguyenanhkiet/Playground/grex/test/features/auth/presentation/pages/register_page_widget_test.dart: RegisterPage Widget Tests should show loading state during registration
00:58 +815 ~230: /Users/nguyenanhkiet/Playground/grex/test/features/auth/presentation/pages/profile_forms_widget_test.dart: Profile Forms Widget Tests ProfilePage should show loading state
  Skip: TODO(i18n): see file-level comment — group disabled until Profile/EditProfile pages + InputValidators are i18n-wired.
00:58 +815 ~231: /Users/nguyenanhkiet/Playground/grex/test/features/auth/presentation/pages/register_page_widget_test.dart: RegisterPage Widget Tests should show loading state during registration
00:58 +815 ~231: /Users/nguyenanhkiet/Playground/grex/test/features/auth/presentation/pages/profile_forms_widget_test.dart: Profile Forms Widget Tests ProfilePage should show error state
  Skip: TODO(i18n): see file-level comment — group disabled until Profile/EditProfile pages + InputValidators are i18n-wired.
00:58 +815 ~232: /Users/nguyenanhkiet/Playground/grex/test/features/auth/presentation/pages/register_page_widget_test.dart: RegisterPage Widget Tests should show loading state during registration
00:58 +815 ~232: /Users/nguyenanhkiet/Playground/grex/test/features/auth/presentation/pages/profile_forms_widget_test.dart: Profile Forms Widget Tests ProfilePage should navigate to edit profile when edit button is tapped
  Skip: TODO(i18n): see file-level comment — group disabled until Profile/EditProfile pages + InputValidators are i18n-wired.
00:58 +815 ~233: /Users/nguyenanhkiet/Playground/grex/test/features/auth/presentation/pages/register_page_widget_test.dart: RegisterPage Widget Tests should show loading state during registration
00:58 +815 ~233: /Users/nguyenanhkiet/Playground/grex/test/features/auth/presentation/pages/profile_forms_widget_test.dart: Profile Forms Widget Tests ProfilePage should display user avatar or initials
  Skip: TODO(i18n): see file-level comment — group disabled until Profile/EditProfile pages + InputValidators are i18n-wired.
00:58 +815 ~234: /Users/nguyenanhkiet/Playground/grex/test/features/auth/presentation/pages/register_page_widget_test.dart: RegisterPage Widget Tests should show loading state during registration
00:58 +815 ~234: /Users/nguyenanhkiet/Playground/grex/test/features/auth/presentation/pages/profile_forms_widget_test.dart: Profile Forms Widget Tests ProfilePage should show profile creation date
  Skip: TODO(i18n): see file-level comment — group disabled until Profile/EditProfile pages + InputValidators are i18n-wired.
00:58 +815 ~235: /Users/nguyenanhkiet/Playground/grex/test/features/auth/presentation/pages/register_page_widget_test.dart: RegisterPage Widget Tests should show loading state during registration
00:58 +815 ~235: /Users/nguyenanhkiet/Playground/grex/test/features/auth/presentation/pages/profile_forms_widget_test.dart: Profile Forms Widget Tests EditProfilePage should display edit profile form with current data
  Skip: TODO(i18n): see file-level comment — group disabled until Profile/EditProfile pages + InputValidators are i18n-wired.
00:58 +815 ~236: /Users/nguyenanhkiet/Playground/grex/test/features/auth/presentation/pages/register_page_widget_test.dart: RegisterPage Widget Tests should show loading state during registration
00:58 +815 ~236: /Users/nguyenanhkiet/Playground/grex/test/features/auth/presentation/pages/profile_forms_widget_test.dart: Profile Forms Widget Tests EditProfilePage should show validation error for empty display name
  Skip: TODO(i18n): see file-level comment — group disabled until Profile/EditProfile pages + InputValidators are i18n-wired.
00:58 +815 ~237: /Users/nguyenanhkiet/Playground/grex/test/features/auth/presentation/pages/register_page_widget_test.dart: RegisterPage Widget Tests should show loading state during registration
00:58 +815 ~237: /Users/nguyenanhkiet/Playground/grex/test/features/auth/presentation/pages/profile_forms_widget_test.dart: Profile Forms Widget Tests EditProfilePage should show validation error for invalid email
  Skip: TODO(i18n): see file-level comment — group disabled until Profile/EditProfile pages + InputValidators are i18n-wired.
00:58 +815 ~238: /Users/nguyenanhkiet/Playground/grex/test/features/auth/presentation/pages/register_page_widget_test.dart: RegisterPage Widget Tests should show loading state during registration
00:58 +815 ~238: /Users/nguyenanhkiet/Playground/grex/test/features/auth/presentation/pages/profile_forms_widget_test.dart: Profile Forms Widget Tests EditProfilePage should show validation error for display name too long
  Skip: TODO(i18n): see file-level comment — group disabled until Profile/EditProfile pages + InputValidators are i18n-wired.
00:58 +815 ~239: /Users/nguyenanhkiet/Playground/grex/test/features/auth/presentation/pages/register_page_widget_test.dart: RegisterPage Widget Tests should show loading state during registration
00:58 +815 ~239: /Users/nguyenanhkiet/Playground/grex/test/features/auth/presentation/pages/profile_forms_widget_test.dart: Profile Forms Widget Tests EditProfilePage should handle loading state during update
  Skip: TODO(i18n): see file-level comment — group disabled until Profile/EditProfile pages + InputValidators are i18n-wired.
00:58 +815 ~240: /Users/nguyenanhkiet/Playground/grex/test/features/auth/presentation/pages/register_page_widget_test.dart: RegisterPage Widget Tests should show loading state during registration
00:58 +815 ~240: /Users/nguyenanhkiet/Playground/grex/test/features/auth/presentation/pages/profile_forms_widget_test.dart: Profile Forms Widget Tests EditProfilePage should show success message after successful update
  Skip: TODO(i18n): see file-level comment — group disabled until Profile/EditProfile pages + InputValidators are i18n-wired.
00:58 +815 ~241: /Users/nguyenanhkiet/Playground/grex/test/features/auth/presentation/pages/register_page_widget_test.dart: RegisterPage Widget Tests should show loading state during registration
00:58 +815 ~241: /Users/nguyenanhkiet/Playground/grex/test/features/auth/presentation/pages/profile_forms_widget_test.dart: Profile Forms Widget Tests EditProfilePage should show error message for update failure
  Skip: TODO(i18n): see file-level comment — group disabled until Profile/EditProfile pages + InputValidators are i18n-wired.
00:58 +815 ~242: /Users/nguyenanhkiet/Playground/grex/test/features/auth/presentation/pages/register_page_widget_test.dart: RegisterPage Widget Tests should show loading state during registration
00:58 +815 ~242: /Users/nguyenanhkiet/Playground/grex/test/features/auth/presentation/pages/profile_forms_widget_test.dart: Profile Forms Widget Tests EditProfilePage should cancel changes when cancel button is tapped
  Skip: TODO(i18n): see file-level comment — group disabled until Profile/EditProfile pages + InputValidators are i18n-wired.
00:58 +815 ~243: /Users/nguyenanhkiet/Playground/grex/test/features/auth/presentation/pages/register_page_widget_test.dart: RegisterPage Widget Tests should show loading state during registration
00:58 +815 ~243: /Users/nguyenanhkiet/Playground/grex/test/features/auth/presentation/pages/profile_forms_widget_test.dart: Profile Forms Widget Tests EditProfilePage should show currency selection dropdown
  Skip: TODO(i18n): see file-level comment — group disabled until Profile/EditProfile pages + InputValidators are i18n-wired.
00:58 +815 ~244: /Users/nguyenanhkiet/Playground/grex/test/features/auth/presentation/pages/register_page_widget_test.dart: RegisterPage Widget Tests should show loading state during registration
00:58 +815 ~244: /Users/nguyenanhkiet/Playground/grex/test/features/auth/presentation/pages/profile_forms_widget_test.dart: Profile Forms Widget Tests EditProfilePage should show language selection dropdown
  Skip: TODO(i18n): see file-level comment — group disabled until Profile/EditProfile pages + InputValidators are i18n-wired.
00:58 +815 ~245: /Users/nguyenanhkiet/Playground/grex/test/features/auth/presentation/pages/register_page_widget_test.dart: RegisterPage Widget Tests should show loading state during registration
00:58 +815 ~245: /Users/nguyenanhkiet/Playground/grex/test/features/auth/presentation/pages/profile_forms_widget_test.dart: Profile Forms Widget Tests EditProfilePage should handle form submission with valid data
  Skip: TODO(i18n): see file-level comment — group disabled until Profile/EditProfile pages + InputValidators are i18n-wired.
00:58 +815 ~246: /Users/nguyenanhkiet/Playground/grex/test/features/auth/presentation/pages/register_page_widget_test.dart: RegisterPage Widget Tests should show loading state during registration
00:58 +815 ~246: /Users/nguyenanhkiet/Playground/grex/test/features/auth/presentation/pages/profile_forms_widget_test.dart: Profile Forms Widget Tests EditProfilePage should preserve form data during loading
  Skip: TODO(i18n): see file-level comment — group disabled until Profile/EditProfile pages + InputValidators are i18n-wired.
00:58 +815 ~247: /Users/nguyenanhkiet/Playground/grex/test/features/auth/presentation/pages/register_page_widget_test.dart: RegisterPage Widget Tests should show loading state during registration
00:58 +815 ~247: /Users/nguyenanhkiet/Playground/grex/test/features/auth/presentation/pages/profile_forms_widget_test.dart: Profile Forms Widget Tests Profile Form Interactions should handle keyboard input correctly
  Skip: TODO(i18n): see file-level comment — group disabled until Profile/EditProfile pages + InputValidators are i18n-wired.
00:58 +815 ~248: /Users/nguyenanhkiet/Playground/grex/test/features/auth/presentation/pages/register_page_widget_test.dart: RegisterPage Widget Tests should show loading state during registration
00:58 +815 ~248: /Users/nguyenanhkiet/Playground/grex/test/features/auth/presentation/pages/profile_forms_widget_test.dart: Profile Forms Widget Tests Profile Form Interactions should clear validation errors when typing
  Skip: TODO(i18n): see file-level comment — group disabled until Profile/EditProfile pages + InputValidators are i18n-wired.
00:58 +815 ~249: /Users/nguyenanhkiet/Playground/grex/test/features/auth/presentation/pages/register_page_widget_test.dart: RegisterPage Widget Tests should show loading state during registration
00:58 +815 ~249: /Users/nguyenanhkiet/Playground/grex/test/features/auth/presentation/pages/profile_forms_widget_test.dart: Profile Forms Widget Tests Profile Form Interactions should handle dropdown selections
  Skip: TODO(i18n): see file-level comment — group disabled until Profile/EditProfile pages + InputValidators are i18n-wired.
00:58 +815 ~250: /Users/nguyenanhkiet/Playground/grex/test/features/auth/presentation/pages/register_page_widget_test.dart: RegisterPage Widget Tests should show loading state during registration
00:58 +815 ~250: /Users/nguyenanhkiet/Playground/grex/test/features/auth/presentation/pages/profile_forms_widget_test.dart: Profile Forms Widget Tests Profile Error Handling should display network error messages
  Skip: TODO(i18n): see file-level comment — group disabled until Profile/EditProfile pages + InputValidators are i18n-wired.
00:58 +815 ~251: /Users/nguyenanhkiet/Playground/grex/test/features/auth/presentation/pages/register_page_widget_test.dart: RegisterPage Widget Tests should show loading state during registration
00:58 +815 ~251: /Users/nguyenanhkiet/Playground/grex/test/features/auth/presentation/pages/profile_forms_widget_test.dart: Profile Forms Widget Tests Profile Error Handling should display validation error messages
  Skip: TODO(i18n): see file-level comment — group disabled until Profile/EditProfile pages + InputValidators are i18n-wired.
00:58 +815 ~252: /Users/nguyenanhkiet/Playground/grex/test/features/auth/presentation/pages/register_page_widget_test.dart: RegisterPage Widget Tests should show loading state during registration
00:58 +815 ~252: /Users/nguyenanhkiet/Playground/grex/test/features/auth/presentation/pages/profile_forms_widget_test.dart: Profile Forms Widget Tests Profile Error Handling should handle permission error messages
  Skip: TODO(i18n): see file-level comment — group disabled until Profile/EditProfile pages + InputValidators are i18n-wired.
00:58 +815 ~253: /Users/nguyenanhkiet/Playground/grex/test/features/auth/presentation/pages/register_page_widget_test.dart: RegisterPage Widget Tests should show loading state during registration
00:58 +815 ~253: /Users/nguyenanhkiet/Playground/grex/test/features/auth/presentation/pages/profile_forms_widget_test.dart: Profile Forms Widget Tests Profile Accessibility should have proper semantic labels
  Skip: TODO(i18n): see file-level comment — group disabled until Profile/EditProfile pages + InputValidators are i18n-wired.
00:58 +815 ~254: /Users/nguyenanhkiet/Playground/grex/test/features/auth/presentation/pages/register_page_widget_test.dart: RegisterPage Widget Tests should show loading state during registration
00:58 +815 ~254: /Users/nguyenanhkiet/Playground/grex/test/features/auth/presentation/pages/profile_forms_widget_test.dart: Profile Forms Widget Tests Profile Accessibility should support screen readers for edit form
  Skip: TODO(i18n): see file-level comment — group disabled until Profile/EditProfile pages + InputValidators are i18n-wired.
00:58 +815 ~255: /Users/nguyenanhkiet/Playground/grex/test/features/auth/presentation/pages/register_page_widget_test.dart: RegisterPage Widget Tests should show loading state during registration
00:58 +816 ~255: /Users/nguyenanhkiet/Playground/grex/test/features/auth/presentation/pages/auth_forms_widget_test.dart: Authentication Forms Widget Tests LoginPage should show validation error for invalid email
00:58 +816 ~255: /Users/nguyenanhkiet/Playground/grex/test/features/auth/presentation/pages/register_page_widget_test.dart: RegisterPage Widget Tests should navigate to login page when login link is tapped

Warning: A call to tap() with finder "Found 1 widget with widget matching predicate: [
  RichText(softWrap: wrapping at box width, maxLines: unlimited, text: "Đã có tài khoản? Đăng nhập", dependencies: [Directionality, _LocalizationsScope-[GlobalKey#b3d84]], renderObject: RenderParagraph#785b6 relayoutBoundary=up18),
]" derived an Offset (Offset(400.0, 640.0)) that would not hit test on the specified widget.
Maybe the widget is actually off-screen, or another widget is obscuring it, or the widget cannot receive pointer events.
Indeed, Offset(400.0, 640.0) is outside the bounds of the root of the render tree, Size(800.0, 600.0).
The finder corresponds to this RenderBox: RenderParagraph#785b6 relayoutBoundary=up18
The hit test result at that offset is: HitTestResult(HitTestEntry<HitTestTarget>#f7bdc(_ReusableRenderView#92f54), HitTestEntry<HitTestTarget>#0af84(<AutomatedTestWidgetsFlutterBinding>))
#0      WidgetController._getElementPoint (package:flutter_test/src/controller.dart:2158:25)
#1      WidgetController.getCenter (package:flutter_test/src/controller.dart:1942:12)
#2      WidgetController.tap (package:flutter_test/src/controller.dart:1075:7)
#3      main.<anonymous closure>.<anonymous closure> (file:///Users/nguyenanhkiet/Playground/grex/test/features/auth/presentation/pages/register_page_widget_test.dart:254:20)
<asynchronous suspension>
#4      testWidgets.<anonymous closure>.<anonymous closure> (package:flutter_test/src/widget_tester.dart:192:15)
<asynchronous suspension>
#5      TestWidgetsFlutterBinding._runTestBody (package:flutter_test/src/binding.dart:1682:5)
<asynchronous suspension>
#6      StackZoneSpecification._registerCallback.<anonymous closure> (package:stack_trace/src/stack_zone_specification.dart:114:42)
<asynchronous suspension>
To silence this warning, pass "warnIfMissed: false" to "tap()".
To make this warning fatal, set WidgetController.hitTestWarningShouldBeFatal to true.

00:58 +817 ~255: /Users/nguyenanhkiet/Playground/grex/test/features/auth/presentation/pages/register_page_widget_test.dart: RegisterPage Widget Tests should navigate to login page when login link is tapped
00:58 +818 ~255: /Users/nguyenanhkiet/Playground/grex/test/features/auth/presentation/pages/auth_forms_widget_test.dart: Authentication Forms Widget Tests LoginPage should handle loading state
00:58 +819 ~255: /Users/nguyenanhkiet/Playground/grex/test/features/auth/presentation/pages/auth_forms_widget_test.dart: Authentication Forms Widget Tests LoginPage should handle loading state
00:58 +820 ~255: /Users/nguyenanhkiet/Playground/grex/test/features/auth/presentation/pages/register_page_widget_test.dart: RegisterPage Widget Tests should show error message for network error
00:58 +821 ~255: /Users/nguyenanhkiet/Playground/grex/test/features/auth/presentation/pages/auth_forms_widget_test.dart: Authentication Forms Widget Tests LoginPage should show error message
00:58 +822 ~255: /Users/nguyenanhkiet/Playground/grex/test/features/auth/presentation/pages/register_page_widget_test.dart: RegisterPage Widget Tests should show success message and navigate to verification
00:58 +823 ~255: /Users/nguyenanhkiet/Playground/grex/test/features/auth/presentation/pages/auth_forms_widget_test.dart: Authentication Forms Widget Tests RegisterPage should display registration form with required fields
00:59 +824 ~255: /Users/nguyenanhkiet/Playground/grex/test/features/auth/presentation/pages/register_page_widget_test.dart: RegisterPage Widget Tests should handle keyboard navigation between fields
00:59 +825 ~255: /Users/nguyenanhkiet/Playground/grex/test/features/auth/presentation/pages/auth_forms_widget_test.dart: Authentication Forms Widget Tests RegisterPage should show validation errors for empty fields
00:59 +826 ~255: /Users/nguyenanhkiet/Playground/grex/test/features/auth/presentation/pages/register_page_widget_test.dart: RegisterPage Widget Tests should show appropriate keyboard types for fields
00:59 +827 ~255: /Users/nguyenanhkiet/Playground/grex/test/features/auth/presentation/pages/auth_forms_widget_test.dart: Authentication Forms Widget Tests RegisterPage should show validation error for weak password
00:59 +828 ~255: /Users/nguyenanhkiet/Playground/grex/test/features/auth/presentation/pages/register_page_widget_test.dart: RegisterPage Widget Tests should validate display name length
00:59 +829 ~255: /Users/nguyenanhkiet/Playground/grex/test/features/auth/presentation/pages/auth_forms_widget_test.dart: Authentication Forms Widget Tests RegisterPage should handle loading state
00:59 +830 ~255: /Users/nguyenanhkiet/Playground/grex/test/features/auth/presentation/pages/register_page_widget_test.dart: RegisterPage Widget Tests should show password strength indicator
00:59 +831 ~255: /Users/nguyenanhkiet/Playground/grex/test/features/auth/presentation/pages/register_page_widget_test.dart: RegisterPage Widget Tests should show password strength indicator
00:59 +832 ~255: /Users/nguyenanhkiet/Playground/grex/test/features/auth/presentation/pages/auth_forms_widget_test.dart: Authentication Forms Widget Tests ForgotPasswordPage should display forgot password form
00:59 +833 ~255: /Users/nguyenanhkiet/Playground/grex/test/features/auth/presentation/pages/register_page_widget_test.dart: RegisterPage Widget Tests should handle form submission with Enter key
00:59 +834 ~255: /Users/nguyenanhkiet/Playground/grex/test/features/auth/presentation/pages/register_page_widget_test.dart: RegisterPage Widget Tests should handle form submission with Enter key
00:59 +835 ~255: /Users/nguyenanhkiet/Playground/grex/test/features/auth/presentation/pages/auth_forms_widget_test.dart: Authentication Forms Widget Tests ForgotPasswordPage should show validation error for invalid email
00:59 +836 ~255: /Users/nguyenanhkiet/Playground/grex/test/features/auth/presentation/pages/register_page_widget_test.dart: RegisterPage Widget Tests Social Login Integration should display social login buttons after registration form
00:59 +837 ~255: /Users/nguyenanhkiet/Playground/grex/test/features/auth/presentation/pages/auth_forms_widget_test.dart: Authentication Forms Widget Tests ForgotPasswordPage should handle loading state
00:59 +838 ~255: /Users/nguyenanhkiet/Playground/grex/test/features/auth/presentation/pages/register_page_widget_test.dart: RegisterPage Widget Tests Social Login Integration should display OrDivider between sections
00:59 +839 ~255: /Users/nguyenanhkiet/Playground/grex/test/features/auth/presentation/pages/register_page_widget_test.dart: RegisterPage Widget Tests Social Login Integration should display OrDivider between sections
00:59 +840 ~255: /Users/nguyenanhkiet/Playground/grex/test/features/auth/presentation/pages/auth_forms_widget_test.dart: Authentication Forms Widget Tests Form Interactions should handle keyboard input correctly
01:00 +841 ~255: /Users/nguyenanhkiet/Playground/grex/test/features/auth/presentation/pages/register_page_widget_test.dart: RegisterPage Widget Tests Social Login Integration should trigger Google social login event when Google button tapped
01:00 +842 ~255: /Users/nguyenanhkiet/Playground/grex/test/features/auth/presentation/pages/login_page_widget_test.dart: LoginPage Widget Tests should display login form with all required fields
01:00 +843 ~255: /Users/nguyenanhkiet/Playground/grex/test/features/auth/presentation/pages/login_page_widget_test.dart: LoginPage Widget Tests should display login form with all required fields
01:00 +844 ~255: /Users/nguyenanhkiet/Playground/grex/test/features/auth/presentation/pages/login_page_widget_test.dart: LoginPage Widget Tests should display login form with all required fields
01:00 +845 ~255: /Users/nguyenanhkiet/Playground/grex/test/features/auth/presentation/pages/login_page_widget_test.dart: LoginPage Widget Tests should display login form with all required fields
01:00 +846 ~255: /Users/nguyenanhkiet/Playground/grex/test/features/auth/presentation/pages/login_page_widget_test.dart: LoginPage Widget Tests should display login form with all required fields
01:00 +847 ~255: /Users/nguyenanhkiet/Playground/grex/test/features/auth/presentation/pages/login_page_widget_test.dart: LoginPage Widget Tests should display login form with all required fields
01:00 +848 ~255: /Users/nguyenanhkiet/Playground/grex/test/features/auth/presentation/pages/login_page_widget_test.dart: LoginPage Widget Tests should display login form with all required fields
01:00 +849 ~255: /Users/nguyenanhkiet/Playground/grex/test/features/auth/presentation/pages/login_page_widget_test.dart: LoginPage Widget Tests should display login form with all required fields
01:00 +850 ~255: /Users/nguyenanhkiet/Playground/grex/test/features/auth/presentation/pages/login_page_widget_test.dart: LoginPage Widget Tests should display login form with all required fields
01:00 +851 ~255: /Users/nguyenanhkiet/Playground/grex/test/features/auth/presentation/pages/login_page_widget_test.dart: LoginPage Widget Tests should display login form with all required fields
01:00 +852 ~255: /Users/nguyenanhkiet/Playground/grex/test/features/auth/presentation/pages/login_page_widget_test.dart: LoginPage Widget Tests should display login form with all required fields
01:00 +853 ~255: /Users/nguyenanhkiet/Playground/grex/test/features/auth/presentation/pages/login_page_widget_test.dart: LoginPage Widget Tests should display login form with all required fields
01:00 +854 ~255: /Users/nguyenanhkiet/Playground/grex/test/features/auth/presentation/pages/login_page_widget_test.dart: LoginPage Widget Tests should display login form with all required fields
01:00 +855 ~255: /Users/nguyenanhkiet/Playground/grex/test/features/auth/presentation/pages/login_page_widget_test.dart: LoginPage Widget Tests should display login form with all required fields
01:01 +856 ~255: /Users/nguyenanhkiet/Playground/grex/test/features/auth/presentation/pages/login_page_widget_test.dart: LoginPage Widget Tests should show validation errors for empty fields
01:02 +857 ~255: /Users/nguyenanhkiet/Playground/grex/test/features/auth/presentation/pages/login_page_widget_test.dart: LoginPage Widget Tests should show validation error for invalid email format
01:02 +858 ~255: /Users/nguyenanhkiet/Playground/grex/test/features/auth/presentation/pages/forgot_password_page_widget_test.dart: ForgotPasswordPage Widget Tests should display forgot password form with all required elements
01:02 +859 ~255: /Users/nguyenanhkiet/Playground/grex/test/features/auth/presentation/pages/forgot_password_page_widget_test.dart: ForgotPasswordPage Widget Tests should display forgot password form with all required elements
01:02 +860 ~255: /Users/nguyenanhkiet/Playground/grex/test/features/auth/presentation/pages/forgot_password_page_widget_test.dart: ForgotPasswordPage Widget Tests should display forgot password form with all required elements
01:02 +861 ~255: /Users/nguyenanhkiet/Playground/grex/test/features/auth/presentation/pages/forgot_password_page_widget_test.dart: ForgotPasswordPage Widget Tests should display forgot password form with all required elements
01:03 +862 ~255: /Users/nguyenanhkiet/Playground/grex/test/features/auth/presentation/pages/forgot_password_page_widget_test.dart: ForgotPasswordPage Widget Tests should display forgot password form with all required elements
01:03 +863 ~255: /Users/nguyenanhkiet/Playground/grex/test/features/auth/presentation/pages/forgot_password_page_widget_test.dart: ForgotPasswordPage Widget Tests should display forgot password form with all required elements
01:03 +864 ~255: /Users/nguyenanhkiet/Playground/grex/test/features/auth/presentation/pages/forgot_password_page_widget_test.dart: ForgotPasswordPage Widget Tests should display forgot password form with all required elements
01:03 +865 ~255: /Users/nguyenanhkiet/Playground/grex/test/features/auth/presentation/pages/forgot_password_page_widget_test.dart: ForgotPasswordPage Widget Tests should display forgot password form with all required elements
01:03 +866 ~255: /Users/nguyenanhkiet/Playground/grex/test/features/auth/presentation/pages/forgot_password_page_widget_test.dart: ForgotPasswordPage Widget Tests should display forgot password form with all required elements
01:03 +867 ~255: /Users/nguyenanhkiet/Playground/grex/test/features/auth/presentation/pages/forgot_password_page_widget_test.dart: ForgotPasswordPage Widget Tests should display forgot password form with all required elements
01:03 +868 ~255: /Users/nguyenanhkiet/Playground/grex/test/features/auth/presentation/pages/forgot_password_page_widget_test.dart: ForgotPasswordPage Widget Tests should display forgot password form with all required elements
01:03 +869 ~255: /Users/nguyenanhkiet/Playground/grex/test/features/auth/presentation/pages/forgot_password_page_widget_test.dart: ForgotPasswordPage Widget Tests should display forgot password form with all required elements
01:03 +870 ~255: /Users/nguyenanhkiet/Playground/grex/test/features/auth/presentation/pages/forgot_password_page_widget_test.dart: ForgotPasswordPage Widget Tests should display forgot password form with all required elements
01:03 +871 ~255: /Users/nguyenanhkiet/Playground/grex/test/features/auth/presentation/pages/forgot_password_page_widget_test.dart: ForgotPasswordPage Widget Tests should display forgot password form with all required elements
01:03 +872 ~255: /Users/nguyenanhkiet/Playground/grex/test/features/auth/presentation/pages/forgot_password_page_widget_test.dart: ForgotPasswordPage Widget Tests should display forgot password form with all required elements
01:03 +873 ~255: /Users/nguyenanhkiet/Playground/grex/test/features/auth/presentation/widgets/social_login_button_test.dart: SocialLoginButton should show correct loading indicator color for Google
01:03 +874 ~255: /Users/nguyenanhkiet/Playground/grex/test/features/auth/presentation/pages/login_page_widget_test.dart: LoginPage Widget Tests should show appropriate keyboard types for fields
01:03 +875 ~255: /Users/nguyenanhkiet/Playground/grex/test/features/auth/presentation/pages/login_page_widget_test.dart: LoginPage Widget Tests should show appropriate keyboard types for fields
01:03 +876 ~255: /Users/nguyenanhkiet/Playground/grex/test/features/auth/presentation/pages/forgot_password_page_widget_test.dart: ForgotPasswordPage Widget Tests should show validation error for empty email field
01:04 +877 ~255: /Users/nguyenanhkiet/Playground/grex/test/features/auth/presentation/pages/forgot_password_page_widget_test.dart: ForgotPasswordPage Widget Tests should show validation error for empty email field
01:04 +878 ~255: /Users/nguyenanhkiet/Playground/grex/test/features/auth/presentation/pages/forgot_password_page_widget_test.dart: ForgotPasswordPage Widget Tests should show validation error for empty email field
01:04 +879 ~255: /Users/nguyenanhkiet/Playground/grex/test/features/auth/presentation/pages/forgot_password_page_widget_test.dart: ForgotPasswordPage Widget Tests should show validation error for empty email field
01:04 +880 ~255: /Users/nguyenanhkiet/Playground/grex/test/features/auth/presentation/pages/forgot_password_page_widget_test.dart: ForgotPasswordPage Widget Tests should show validation error for empty email field
01:04 +881 ~255: /Users/nguyenanhkiet/Playground/grex/test/features/auth/presentation/pages/login_page_widget_test.dart: LoginPage Widget Tests Social Login Integration should display social login buttons after email/password section
01:04 +882 ~255: /Users/nguyenanhkiet/Playground/grex/test/features/auth/presentation/pages/login_page_widget_test.dart: LoginPage Widget Tests Social Login Integration should display social login buttons after email/password section
01:04 +883 ~255: /Users/nguyenanhkiet/Playground/grex/test/features/auth/presentation/pages/forgot_password_page_widget_test.dart: ForgotPasswordPage Widget Tests should show validation error for invalid email format
01:04 +884 ~255: /Users/nguyenanhkiet/Playground/grex/test/features/auth/presentation/pages/forgot_password_page_widget_test.dart: ForgotPasswordPage Widget Tests should show validation error for invalid email format
01:04 +885 ~255: /Users/nguyenanhkiet/Playground/grex/test/features/auth/presentation/pages/forgot_password_page_widget_test.dart: ForgotPasswordPage Widget Tests should show validation error for invalid email format
01:04 +886 ~255: /Users/nguyenanhkiet/Playground/grex/test/features/auth/presentation/pages/forgot_password_page_widget_test.dart: ForgotPasswordPage Widget Tests should show validation error for invalid email format
01:04 +887 ~255: /Users/nguyenanhkiet/Playground/grex/test/features/auth/presentation/pages/forgot_password_page_widget_test.dart: ForgotPasswordPage Widget Tests should show validation error for invalid email format
01:04 +888 ~255: /Users/nguyenanhkiet/Playground/grex/test/features/auth/presentation/widgets/social_login_button_test.dart: SocialLoginButton should handle rapid state changes without errors
01:04 +889 ~255: /Users/nguyenanhkiet/Playground/grex/test/features/auth/presentation/widgets/social_login_button_test.dart: SocialLoginButton should handle rapid state changes without errors
01:04 +890 ~255: /Users/nguyenanhkiet/Playground/grex/test/features/auth/presentation/pages/forgot_password_page_widget_test.dart: ForgotPasswordPage Widget Tests should show loading state during password reset
01:04 +891 ~255: /Users/nguyenanhkiet/Playground/grex/test/features/auth/presentation/pages/forgot_password_page_widget_test.dart: ForgotPasswordPage Widget Tests should show loading state during password reset
01:04 +892 ~255: /Users/nguyenanhkiet/Playground/grex/test/features/auth/presentation/pages/login_page_widget_test.dart: LoginPage Widget Tests Social Login Integration should show loading indicator on Google button during Google login
01:04 +893 ~255: /Users/nguyenanhkiet/Playground/grex/test/features/auth/presentation/pages/forgot_password_page_widget_test.dart: ForgotPasswordPage Widget Tests should show success message after password reset email sent
01:04 +894 ~255: /Users/nguyenanhkiet/Playground/grex/test/features/auth/presentation/pages/login_page_widget_test.dart: LoginPage Widget Tests Social Login Integration should show loading indicator on Apple button during Apple login
01:04 +895 ~255: /Users/nguyenanhkiet/Playground/grex/test/features/auth/presentation/pages/forgot_password_page_widget_test.dart: ForgotPasswordPage Widget Tests should navigate back to login when back button is tapped
01:04 +896 ~255: /Users/nguyenanhkiet/Playground/grex/test/features/auth/presentation/pages/forgot_password_page_widget_test.dart: ForgotPasswordPage Widget Tests should navigate back to login when back button is tapped
01:04 +897 ~255: /Users/nguyenanhkiet/Playground/grex/test/features/auth/presentation/pages/login_page_widget_test.dart: LoginPage Widget Tests Social Login Integration should display regular error banner for non-social auth failures
01:04 +898 ~255: /Users/nguyenanhkiet/Playground/grex/test/features/auth/presentation/pages/forgot_password_page_widget_test.dart: ForgotPasswordPage Widget Tests should show error message for network error
01:04 +899 ~255: /Users/nguyenanhkiet/Playground/grex/test/features/auth/presentation/pages/forgot_password_page_widget_test.dart: ForgotPasswordPage Widget Tests should show error message for invalid email
01:04 +900 ~255: /Users/nguyenanhkiet/Playground/grex/test/features/auth/presentation/pages/forgot_password_page_widget_test.dart: ForgotPasswordPage Widget Tests should use email keyboard type for email field
01:05 +901 ~255: /Users/nguyenanhkiet/Playground/grex/test/features/auth/presentation/pages/forgot_password_page_widget_test.dart: ForgotPasswordPage Widget Tests should handle form submission with Enter key
01:05 +902 ~255: /Users/nguyenanhkiet/Playground/grex/test/features/auth/presentation/pages/forgot_password_page_widget_test.dart: ForgotPasswordPage Widget Tests should clear error message when user starts typing
01:05 +903 ~255: /Users/nguyenanhkiet/Playground/grex/test/features/auth/presentation/pages/forgot_password_page_widget_test.dart: ForgotPasswordPage Widget Tests should disable reset button when loading
01:05 +904 ~255: /Users/nguyenanhkiet/Playground/grex/test/features/auth/presentation/pages/forgot_password_page_widget_test.dart: ForgotPasswordPage Widget Tests should show helpful instructions
01:05 +905 ~255: /Users/nguyenanhkiet/Playground/grex/test/features/auth/presentation/pages/forgot_password_page_widget_test.dart: ForgotPasswordPage Widget Tests should handle success state with resend option
01:05 +906 ~255: /Users/nguyenanhkiet/Playground/grex/test/features/auth/presentation/pages/forgot_password_page_widget_test.dart: ForgotPasswordPage Widget Tests should show email format hint
01:05 +907 ~255: /Users/nguyenanhkiet/Playground/grex/test/features/auth/presentation/pages/forgot_password_page_widget_test.dart: ForgotPasswordPage Widget Tests should handle accessibility features
01:05 +908 ~255: /Users/nguyenanhkiet/Playground/grex/test/features/auth/presentation/widgets/social_login_loading_state_property_test.dart: Property 20: Loading State Disables Authentication Buttons should disable all auth buttons during loading and show loading indicator
01:07 +909 ~255: /Users/nguyenanhkiet/Playground/grex/test/features/auth/presentation/widgets/social_login_loading_state_property_test.dart: Property 20: Loading State Disables Authentication Buttons should disable all auth buttons during loading and show loading indicator
01:07 +910 ~255: /Users/nguyenanhkiet/Playground/grex/test/features/auth/presentation/widgets/social_login_loading_state_property_test.dart: Property 20: Loading State Disables Authentication Buttons should disable all auth buttons during loading and show loading indicator
01:07 +911 ~255: /Users/nguyenanhkiet/Playground/grex/test/features/auth/presentation/widgets/social_login_loading_state_property_test.dart: Property 20: Loading State Disables Authentication Buttons should disable all auth buttons during loading and show loading indicator
01:07 +912 ~255: /Users/nguyenanhkiet/Playground/grex/test/features/auth/presentation/widgets/social_login_loading_state_property_test.dart: Property 20: Loading State Disables Authentication Buttons should disable all auth buttons during loading and show loading indicator
01:07 +913 ~255: /Users/nguyenanhkiet/Playground/grex/test/features/auth/presentation/widgets/social_login_loading_state_property_test.dart: Property 20: Loading State Disables Authentication Buttons should disable all auth buttons during loading and show loading indicator
01:07 +914 ~255: /Users/nguyenanhkiet/Playground/grex/test/features/auth/presentation/widgets/social_login_loading_state_property_test.dart: Property 20: Loading State Disables Authentication Buttons should disable all auth buttons during loading and show loading indicator
01:07 +915 ~255: /Users/nguyenanhkiet/Playground/grex/test/features/auth/presentation/widgets/social_login_loading_state_property_test.dart: Property 20: Loading State Disables Authentication Buttons should disable all auth buttons during loading and show loading indicator
01:07 +916 ~255: /Users/nguyenanhkiet/Playground/grex/test/features/auth/presentation/widgets/social_login_loading_state_property_test.dart: Property 20: Loading State Disables Authentication Buttons should disable all auth buttons during loading and show loading indicator
01:07 +917 ~255: /Users/nguyenanhkiet/Playground/grex/test/features/auth/presentation/widgets/social_login_loading_state_property_test.dart: Property 20: Loading State Disables Authentication Buttons should disable all auth buttons during loading and show loading indicator
01:07 +918 ~255: /Users/nguyenanhkiet/Playground/grex/test/features/auth/presentation/widgets/social_login_loading_state_property_test.dart: Property 20: Loading State Disables Authentication Buttons should disable all auth buttons during loading and show loading indicator
01:07 +919 ~255: /Users/nguyenanhkiet/Playground/grex/test/features/auth/presentation/widgets/social_login_loading_state_property_test.dart: Property 20: Loading State Disables Authentication Buttons should disable all auth buttons during loading and show loading indicator
01:07 +920 ~255: /Users/nguyenanhkiet/Playground/grex/test/features/auth/presentation/widgets/social_login_loading_state_property_test.dart: Property 20: Loading State Disables Authentication Buttons should disable all auth buttons during loading and show loading indicator
01:07 +921 ~255: /Users/nguyenanhkiet/Playground/grex/test/features/auth/presentation/widgets/social_login_loading_state_property_test.dart: Property 20: Loading State Disables Authentication Buttons should disable all auth buttons during loading and show loading indicator
01:07 +922 ~255: /Users/nguyenanhkiet/Playground/grex/test/features/auth/presentation/widgets/social_login_loading_state_property_test.dart: Property 20: Loading State Disables Authentication Buttons should disable all auth buttons during loading and show loading indicator
01:07 +923 ~255: /Users/nguyenanhkiet/Playground/grex/test/features/auth/presentation/widgets/social_login_loading_state_property_test.dart: Property 20: Loading State Disables Authentication Buttons should disable all auth buttons during loading and show loading indicator
01:07 +924 ~255: /Users/nguyenanhkiet/Playground/grex/test/features/auth/presentation/widgets/social_login_loading_state_property_test.dart: Property 20: Loading State Disables Authentication Buttons should disable all auth buttons during loading and show loading indicator
01:07 +925 ~255: /Users/nguyenanhkiet/Playground/grex/test/features/auth/presentation/widgets/social_login_loading_state_property_test.dart: Property 20: Loading State Disables Authentication Buttons should disable all auth buttons during loading and show loading indicator
01:07 +926 ~255: /Users/nguyenanhkiet/Playground/grex/test/features/auth/presentation/widgets/social_login_loading_state_property_test.dart: Property 20: Loading State Disables Authentication Buttons should disable all auth buttons during loading and show loading indicator
01:07 +927 ~255: /Users/nguyenanhkiet/Playground/grex/test/features/auth/presentation/widgets/social_login_loading_state_property_test.dart: Property 20: Loading State Disables Authentication Buttons should disable all auth buttons during loading and show loading indicator
01:07 +928 ~255: /Users/nguyenanhkiet/Playground/grex/test/features/auth/presentation/widgets/social_login_loading_state_property_test.dart: Property 20: Loading State Disables Authentication Buttons should disable all auth buttons during loading and show loading indicator
01:08 +929 ~255: /Users/nguyenanhkiet/Playground/grex/test/features/auth/presentation/widgets/social_login_loading_state_property_test.dart: Property 20: Loading State Disables Authentication Buttons should disable all auth buttons during loading and show loading indicator
01:08 +930 ~255: /Users/nguyenanhkiet/Playground/grex/test/features/auth/presentation/widgets/social_login_loading_state_property_test.dart: Property 20: Loading State Disables Authentication Buttons should disable all auth buttons during loading and show loading indicator
01:08 +931 ~255: /Users/nguyenanhkiet/Playground/grex/test/features/auth/presentation/widgets/social_login_loading_state_property_test.dart: Property 20: Loading State Disables Authentication Buttons should disable all auth buttons during loading and show loading indicator
01:08 +932 ~255: /Users/nguyenanhkiet/Playground/grex/test/features/auth/presentation/widgets/social_login_loading_state_property_test.dart: Property 20: Loading State Disables Authentication Buttons should disable all auth buttons during loading and show loading indicator
01:08 +933 ~255: /Users/nguyenanhkiet/Playground/grex/test/features/auth/presentation/widgets/social_login_loading_state_property_test.dart: Property 20: Loading State Disables Authentication Buttons should show correct loading indicator colors for different providers
01:09 +934 ~255: /Users/nguyenanhkiet/Playground/grex/test/features/auth/presentation/widgets/social_login_loading_state_property_test.dart: Property 20: Loading State Disables Authentication Buttons should maintain button dimensions during loading state
01:09 +935 ~255: /Users/nguyenanhkiet/Playground/grex/test/features/auth/presentation/widgets/social_login_loading_state_property_test.dart: Property 20: Loading State Disables Authentication Buttons should maintain button dimensions during loading state
01:09 +936 ~255: /Users/nguyenanhkiet/Playground/grex/test/features/auth/presentation/widgets/social_login_loading_state_property_test.dart: Property 20: Loading State Disables Authentication Buttons should maintain button dimensions during loading state
01:09 +937 ~255: /Users/nguyenanhkiet/Playground/grex/test/features/auth/presentation/widgets/social_login_loading_state_property_test.dart: Property 20: Loading State Disables Authentication Buttons should maintain button dimensions during loading state
01:09 +938 ~255: /Users/nguyenanhkiet/Playground/grex/test/features/auth/presentation/widgets/social_login_loading_state_property_test.dart: Property 20: Loading State Disables Authentication Buttons should maintain button dimensions during loading state
01:09 +939 ~255: /Users/nguyenanhkiet/Playground/grex/test/features/auth/presentation/widgets/social_login_loading_state_property_test.dart: Property 20: Loading State Disables Authentication Buttons should maintain button dimensions during loading state
01:09 +940 ~255: /Users/nguyenanhkiet/Playground/grex/test/features/auth/presentation/widgets/social_login_loading_state_property_test.dart: Property 20: Loading State Disables Authentication Buttons should maintain button dimensions during loading state
01:09 +941 ~255: /Users/nguyenanhkiet/Playground/grex/test/features/auth/presentation/widgets/social_login_loading_state_property_test.dart: Property 20: Loading State Disables Authentication Buttons should maintain button dimensions during loading state
01:09 +942 ~255: /Users/nguyenanhkiet/Playground/grex/test/features/auth/presentation/widgets/social_login_loading_state_property_test.dart: Property 20: Loading State Disables Authentication Buttons should maintain button dimensions during loading state
01:09 +943 ~255: /Users/nguyenanhkiet/Playground/grex/test/features/auth/presentation/widgets/social_login_loading_state_property_test.dart: Property 20: Loading State Disables Authentication Buttons should maintain button dimensions during loading state
01:09 +944 ~255: /Users/nguyenanhkiet/Playground/grex/test/features/auth/presentation/widgets/social_login_loading_state_property_test.dart: Property 20: Loading State Disables Authentication Buttons should maintain button dimensions during loading state
01:09 +945 ~255: /Users/nguyenanhkiet/Playground/grex/test/features/auth/presentation/widgets/social_login_loading_state_property_test.dart: Property 20: Loading State Disables Authentication Buttons should maintain button dimensions during loading state
01:09 +946 ~255: /Users/nguyenanhkiet/Playground/grex/test/features/auth/presentation/widgets/social_login_loading_state_property_test.dart: Property 20: Loading State Disables Authentication Buttons should maintain button dimensions during loading state
01:09 +947 ~255: /Users/nguyenanhkiet/Playground/grex/test/features/auth/presentation/widgets/social_login_loading_state_property_test.dart: Property 20: Loading State Disables Authentication Buttons should maintain button dimensions during loading state
01:09 +948 ~255: /Users/nguyenanhkiet/Playground/grex/test/features/auth/presentation/widgets/social_login_loading_state_property_test.dart: Property 20: Loading State Disables Authentication Buttons should maintain button dimensions during loading state
01:09 +949 ~255: /Users/nguyenanhkiet/Playground/grex/test/features/auth/presentation/widgets/social_auth_error_widget_test.dart: SocialAuthErrorWidget error display should not display anything for cancellation failures
01:10 +950 ~255: /Users/nguyenanhkiet/Playground/grex/test/features/auth/presentation/widgets/social_login_loading_state_property_test.dart: Property 20: Loading State Disables Authentication Buttons should handle rapid loading state changes
01:10 +951 ~255: /Users/nguyenanhkiet/Playground/grex/test/features/auth/presentation/widgets/social_login_loading_state_property_test.dart: Property 20: Loading State Disables Authentication Buttons should handle rapid loading state changes
01:10 +952 ~255: /Users/nguyenanhkiet/Playground/grex/test/features/auth/presentation/widgets/social_login_loading_state_property_test.dart: Property 20: Loading State Disables Authentication Buttons should handle rapid loading state changes
01:10 +953 ~255: /Users/nguyenanhkiet/Playground/grex/test/features/auth/presentation/widgets/social_login_loading_state_property_test.dart: Property 20: Loading State Disables Authentication Buttons should handle rapid loading state changes
01:10 +954 ~255: /Users/nguyenanhkiet/Playground/grex/test/features/auth/presentation/widgets/social_login_loading_state_property_test.dart: Property 20: Loading State Disables Authentication Buttons should handle rapid loading state changes
01:10 +955 ~255: /Users/nguyenanhkiet/Playground/grex/test/features/auth/presentation/widgets/social_login_loading_state_property_test.dart: Property 20: Loading State Disables Authentication Buttons should handle rapid loading state changes
01:10 +956 ~255: /Users/nguyenanhkiet/Playground/grex/test/features/auth/presentation/widgets/social_login_loading_state_property_test.dart: Property 20: Loading State Disables Authentication Buttons should handle rapid loading state changes
01:10 +957 ~255: /Users/nguyenanhkiet/Playground/grex/test/features/auth/presentation/widgets/social_login_loading_state_property_test.dart: Property 20: Loading State Disables Authentication Buttons should handle rapid loading state changes
01:10 +958 ~255: /Users/nguyenanhkiet/Playground/grex/test/features/auth/presentation/widgets/social_login_loading_state_property_test.dart: Property 20: Loading State Disables Authentication Buttons should handle rapid loading state changes
01:10 +959 ~255: /Users/nguyenanhkiet/Playground/grex/test/features/auth/presentation/widgets/social_login_loading_state_property_test.dart: Property 20: Loading State Disables Authentication Buttons should handle rapid loading state changes
01:11 +960 ~255: /Users/nguyenanhkiet/Playground/grex/test/features/auth/presentation/widgets/social_login_loading_state_property_test.dart: Property 20: Loading State Disables Authentication Buttons should handle rapid loading state changes
01:11 +961 ~255: /Users/nguyenanhkiet/Playground/grex/test/features/auth/presentation/widgets/social_login_loading_state_property_test.dart: Property 20: Loading State Disables Authentication Buttons should handle rapid loading state changes
01:11 +962 ~255: /Users/nguyenanhkiet/Playground/grex/test/features/auth/presentation/widgets/social_login_loading_state_property_test.dart: Property 20: Loading State Disables Authentication Buttons should handle rapid loading state changes
01:11 +963 ~255: /Users/nguyenanhkiet/Playground/grex/test/features/auth/presentation/widgets/social_login_loading_state_property_test.dart: Property 20: Loading State Disables Authentication Buttons should handle rapid loading state changes
01:11 +964 ~255: /Users/nguyenanhkiet/Playground/grex/test/features/auth/presentation/widgets/social_login_loading_state_property_test.dart: Property 20: Loading State Disables Authentication Buttons should handle rapid loading state changes
01:11 +965 ~255: /Users/nguyenanhkiet/Playground/grex/test/features/auth/presentation/widgets/social_login_loading_state_property_test.dart: Property 20: Loading State Disables Authentication Buttons should handle rapid loading state changes
01:11 +966 ~255: /Users/nguyenanhkiet/Playground/grex/test/features/auth/presentation/widgets/social_login_loading_state_property_test.dart: Property 20: Loading State Disables Authentication Buttons should handle rapid loading state changes
01:11 +967 ~255: /Users/nguyenanhkiet/Playground/grex/test/features/auth/presentation/widgets/social_login_loading_state_property_test.dart: Property 20: Loading State Disables Authentication Buttons should handle rapid loading state changes
01:11 +968 ~255: /Users/nguyenanhkiet/Playground/grex/test/features/auth/presentation/widgets/social_login_loading_state_property_test.dart: Property 20: Loading State Disables Authentication Buttons should handle rapid loading state changes
01:11 +969 ~255: /Users/nguyenanhkiet/Playground/grex/test/features/auth/presentation/widgets/social_login_loading_state_property_test.dart: Property 20: Loading State Disables Authentication Buttons should handle rapid loading state changes
01:11 +970 ~255: /Users/nguyenanhkiet/Playground/grex/test/features/auth/presentation/widgets/social_login_loading_state_property_test.dart: Property 20: Loading State Disables Authentication Buttons should handle rapid loading state changes
01:11 +971 ~255: /Users/nguyenanhkiet/Playground/grex/test/features/auth/presentation/widgets/social_login_loading_state_property_test.dart: Property 20: Loading State Disables Authentication Buttons should handle rapid loading state changes
01:11 +972 ~255: /Users/nguyenanhkiet/Playground/grex/test/features/auth/presentation/widgets/social_login_loading_state_property_test.dart: Property 20: Loading State Disables Authentication Buttons should handle rapid loading state changes
01:11 +973 ~255: /Users/nguyenanhkiet/Playground/grex/test/features/auth/presentation/widgets/social_login_loading_state_property_test.dart: Property 20: Loading State Disables Authentication Buttons should handle rapid loading state changes
01:12 +974 ~255: /Users/nguyenanhkiet/Playground/grex/test/features/auth/presentation/bloc/auth_bloc_profile_existence_check_property_test.dart: AuthBloc Profile Existence Check Property Tests Property 9: Profile Existence Check After OAuth
01:12 +975 ~255: /Users/nguyenanhkiet/Playground/grex/test/features/auth/presentation/bloc/auth_bloc_profile_existence_check_property_test.dart: AuthBloc Profile Existence Check Property Tests Property 9: Profile Existence Check After OAuth
01:12 +976 ~255: /Users/nguyenanhkiet/Playground/grex/test/features/auth/presentation/bloc/auth_bloc_profile_existence_check_property_test.dart: AuthBloc Profile Existence Check Property Tests Property 9: Profile Existence Check After OAuth
01:12 +977 ~255: /Users/nguyenanhkiet/Playground/grex/test/features/auth/presentation/bloc/auth_bloc_profile_existence_check_property_test.dart: AuthBloc Profile Existence Check Property Tests Property 9: Profile Existence Check After OAuth
01:12 +978 ~255: /Users/nguyenanhkiet/Playground/grex/test/features/auth/presentation/bloc/auth_bloc_profile_existence_check_property_test.dart: AuthBloc Profile Existence Check Property Tests Property 9: Profile Existence Check After OAuth
01:12 +979 ~255: /Users/nguyenanhkiet/Playground/grex/test/features/auth/presentation/bloc/auth_bloc_profile_existence_check_property_test.dart: AuthBloc Profile Existence Check Property Tests Property 9: Profile Existence Check After OAuth
01:12 +980 ~255: /Users/nguyenanhkiet/Playground/grex/test/features/auth/presentation/bloc/auth_bloc_profile_existence_check_property_test.dart: AuthBloc Profile Existence Check Property Tests Property 9: Profile Existence Check After OAuth
01:12 +981 ~255: /Users/nguyenanhkiet/Playground/grex/test/features/auth/presentation/bloc/auth_bloc_profile_existence_check_property_test.dart: AuthBloc Profile Existence Check Property Tests Property 9: Profile Existence Check After OAuth
01:12 +982 ~255: /Users/nguyenanhkiet/Playground/grex/test/features/auth/presentation/bloc/auth_bloc_profile_existence_check_property_test.dart: AuthBloc Profile Existence Check Property Tests Property 9: Profile Existence Check After OAuth
01:13 +983 ~255: /Users/nguyenanhkiet/Playground/grex/test/features/auth/presentation/bloc/auth_bloc_profile_existence_check_property_test.dart: AuthBloc Profile Existence Check Property Tests Property 9: Profile Existence Check After OAuth
01:13 +984 ~255: /Users/nguyenanhkiet/Playground/grex/test/features/auth/presentation/bloc/auth_bloc_profile_existence_check_property_test.dart: AuthBloc Profile Existence Check Property Tests Property 9: Profile Existence Check After OAuth
01:13 +985 ~255: /Users/nguyenanhkiet/Playground/grex/test/features/auth/presentation/bloc/auth_bloc_profile_existence_check_property_test.dart: AuthBloc Profile Existence Check Property Tests Property 9: Profile Existence Check After OAuth
01:13 +986 ~255: /Users/nguyenanhkiet/Playground/grex/test/features/auth/presentation/bloc/auth_bloc_profile_existence_check_property_test.dart: AuthBloc Profile Existence Check Property Tests Property 9: Profile Existence Check After OAuth
01:13 +987 ~255: /Users/nguyenanhkiet/Playground/grex/test/features/auth/presentation/bloc/auth_bloc_profile_existence_check_property_test.dart: AuthBloc Profile Existence Check Property Tests Property 9: Profile Existence Check After OAuth
01:13 +988 ~255: /Users/nguyenanhkiet/Playground/grex/test/features/auth/presentation/bloc/auth_bloc_profile_existence_check_property_test.dart: AuthBloc Profile Existence Check Property Tests Property 9: Profile Existence Check After OAuth
01:13 +989 ~255: /Users/nguyenanhkiet/Playground/grex/test/features/auth/presentation/bloc/auth_bloc_profile_existence_check_property_test.dart: AuthBloc Profile Existence Check Property Tests Property 9: Profile Existence Check After OAuth
01:13 +990 ~255: /Users/nguyenanhkiet/Playground/grex/test/features/auth/presentation/bloc/auth_bloc_profile_existence_check_property_test.dart: AuthBloc Profile Existence Check Property Tests Property 9: Profile Existence Check After OAuth
01:13 +991 ~255: /Users/nguyenanhkiet/Playground/grex/test/features/auth/presentation/bloc/auth_bloc_profile_existence_check_property_test.dart: AuthBloc Profile Existence Check Property Tests Property 9: Profile Existence Check After OAuth
01:13 +992 ~255: /Users/nguyenanhkiet/Playground/grex/test/features/auth/presentation/bloc/auth_bloc_profile_existence_check_property_test.dart: AuthBloc Profile Existence Check Property Tests Property 9: Profile Existence Check After OAuth
01:13 +993 ~255: /Users/nguyenanhkiet/Playground/grex/test/features/auth/presentation/bloc/auth_bloc_profile_existence_check_property_test.dart: AuthBloc Profile Existence Check Property Tests Property 9: Profile Existence Check After OAuth
01:13 +994 ~255: /Users/nguyenanhkiet/Playground/grex/test/features/auth/presentation/bloc/auth_bloc_profile_existence_check_property_test.dart: AuthBloc Profile Existence Check Property Tests Property 9: Profile Existence Check After OAuth
01:13 +995 ~255: /Users/nguyenanhkiet/Playground/grex/test/features/auth/presentation/bloc/auth_bloc_profile_existence_check_property_test.dart: AuthBloc Profile Existence Check Property Tests Property 9: Profile Existence Check After OAuth
01:13 +996 ~255: /Users/nguyenanhkiet/Playground/grex/test/features/auth/presentation/bloc/auth_bloc_profile_existence_check_property_test.dart: AuthBloc Profile Existence Check Property Tests Property 9: Profile Existence Check After OAuth
01:13 +997 ~255: /Users/nguyenanhkiet/Playground/grex/test/features/auth/presentation/bloc/auth_bloc_profile_existence_check_property_test.dart: AuthBloc Profile Existence Check Property Tests Property 9: Profile Existence Check After OAuth
01:15 +998 ~255: /Users/nguyenanhkiet/Playground/grex/test/features/auth/presentation/bloc/auth_bloc_profile_existence_check_property_test.dart: AuthBloc Profile Existence Check Property Tests Property 9: Profile Existence Check After OAuth
01:15 +999 ~255: /Users/nguyenanhkiet/Playground/grex/test/features/auth/presentation/bloc/auth_bloc_profile_existence_check_property_test.dart: AuthBloc Profile Existence Check Property Tests Property 9: Profile Existence Check After OAuth
01:16 +1000 ~255: /Users/nguyenanhkiet/Playground/grex/test/features/auth/presentation/bloc/auth_bloc_profile_existence_check_property_test.dart: AuthBloc Profile Existence Check Property Tests Property 9: Profile Existence Check After OAuth
01:27 +1001 ~255: /Users/nguyenanhkiet/Playground/grex/test/features/auth/presentation/bloc/auth_bloc_profile_existence_check_property_test.dart: AuthBloc Profile Existence Check Property Tests Property 9: Profile Existence Check After OAuth
01:31 +1002 ~255: /Users/nguyenanhkiet/Playground/grex/test/features/auth/presentation/bloc/auth_bloc_new_user_navigation_property_test.dart: AuthBloc New User Navigation Property Tests Property 6: New Users Navigate to Profile Setup
01:35 +1003 ~255: /Users/nguyenanhkiet/Playground/grex/test/features/auth/presentation/bloc/auth_bloc_network_failures_property_test.dart: AuthBloc Network Failures Property Tests Property 4 Retry Behavior: Network Failures Allow Immediate Retry
01:36 +1004 ~255: /Users/nguyenanhkiet/Playground/grex/test/features/auth/presentation/bloc/auth_bloc_network_failures_property_test.dart: AuthBloc Network Failures Property Tests Property 4 Retry Behavior: Network Failures Allow Immediate Retry
01:40 +1005 ~255: /Users/nguyenanhkiet/Playground/grex/test/features/auth/presentation/bloc/auth_bloc_network_failures_property_test.dart: AuthBloc Network Failures Property Tests Property 4 Retry Behavior: Network Failures Allow Immediate Retry
01:42 +1006 ~255: /Users/nguyenanhkiet/Playground/grex/test/features/auth/presentation/bloc/auth_bloc_network_failures_property_test.dart: AuthBloc Network Failures Property Tests Property 4 Retry Behavior: Network Failures Allow Immediate Retry
01:47 +1007 ~255: /Users/nguyenanhkiet/Playground/grex/test/features/auth/presentation/bloc/auth_bloc_new_user_navigation_property_test.dart: AuthBloc New User Navigation Property Tests Property 6 Provider Consistency: Both Providers Navigate New Users to Setup
01:50 +1008 ~255: /Users/nguyenanhkiet/Playground/grex/test/features/auth/presentation/bloc/auth_bloc_account_linking_property_test.dart: AuthBloc Account Linking Property Tests Property 14: Email Matching Detects Account Linking
01:52 +1009 ~255: /Users/nguyenanhkiet/Playground/grex/test/features/auth/presentation/bloc/auth_bloc_account_linking_property_test.dart: AuthBloc Account Linking Property Tests Property 14: Email Matching Detects Account Linking
01:52 +1010 ~255: /Users/nguyenanhkiet/Playground/grex/test/features/auth/presentation/bloc/auth_bloc_account_linking_property_test.dart: AuthBloc Account Linking Property Tests Property 14: Email Matching Detects Account Linking
01:52 +1011 ~255: /Users/nguyenanhkiet/Playground/grex/test/features/auth/presentation/bloc/auth_bloc_account_linking_property_test.dart: AuthBloc Account Linking Property Tests Property 14: Email Matching Detects Account Linking
01:52 +1012 ~255: /Users/nguyenanhkiet/Playground/grex/test/features/auth/presentation/bloc/auth_bloc_account_linking_property_test.dart: AuthBloc Account Linking Property Tests Property 14: Email Matching Detects Account Linking
01:52 +1013 ~255: /Users/nguyenanhkiet/Playground/grex/test/features/auth/presentation/bloc/auth_bloc_account_linking_property_test.dart: AuthBloc Account Linking Property Tests Property 14: Email Matching Detects Account Linking
01:52 +1014 ~255: /Users/nguyenanhkiet/Playground/grex/test/features/auth/presentation/bloc/auth_bloc_account_linking_property_test.dart: AuthBloc Account Linking Property Tests Property 14: Email Matching Detects Account Linking
01:52 +1015 ~255: /Users/nguyenanhkiet/Playground/grex/test/features/auth/presentation/bloc/auth_bloc_account_linking_property_test.dart: AuthBloc Account Linking Property Tests Property 14: Email Matching Detects Account Linking
01:52 +1016 ~255: /Users/nguyenanhkiet/Playground/grex/test/features/auth/presentation/bloc/auth_bloc_account_linking_property_test.dart: AuthBloc Account Linking Property Tests Property 14: Email Matching Detects Account Linking
01:52 +1017 ~255: /Users/nguyenanhkiet/Playground/grex/test/features/auth/presentation/bloc/auth_bloc_account_linking_property_test.dart: AuthBloc Account Linking Property Tests Property 14: Email Matching Detects Account Linking
01:52 +1018 ~255: /Users/nguyenanhkiet/Playground/grex/test/features/auth/presentation/bloc/auth_bloc_account_linking_property_test.dart: AuthBloc Account Linking Property Tests Property 14: Email Matching Detects Account Linking
01:52 +1019 ~255: /Users/nguyenanhkiet/Playground/grex/test/features/auth/presentation/bloc/auth_bloc_account_linking_property_test.dart: AuthBloc Account Linking Property Tests Property 14: Email Matching Detects Account Linking
01:52 +1020 ~255: /Users/nguyenanhkiet/Playground/grex/test/features/auth/presentation/bloc/auth_bloc_account_linking_property_test.dart: AuthBloc Account Linking Property Tests Property 14: Email Matching Detects Account Linking
01:52 +1021 ~255: /Users/nguyenanhkiet/Playground/grex/test/features/auth/presentation/bloc/auth_bloc_account_linking_property_test.dart: AuthBloc Account Linking Property Tests Property 14: Email Matching Detects Account Linking
01:52 +1022 ~255: /Users/nguyenanhkiet/Playground/grex/test/features/auth/presentation/bloc/auth_bloc_account_linking_property_test.dart: AuthBloc Account Linking Property Tests Property 14: Email Matching Detects Account Linking
01:52 +1023 ~255: /Users/nguyenanhkiet/Playground/grex/test/features/auth/presentation/bloc/auth_bloc_account_linking_property_test.dart: AuthBloc Account Linking Property Tests Property 14: Email Matching Detects Account Linking
01:52 +1024 ~255: /Users/nguyenanhkiet/Playground/grex/test/features/auth/presentation/bloc/auth_bloc_account_linking_property_test.dart: AuthBloc Account Linking Property Tests Property 14: Email Matching Detects Account Linking
01:52 +1025 ~255: /Users/nguyenanhkiet/Playground/grex/test/features/auth/presentation/bloc/auth_bloc_account_linking_property_test.dart: AuthBloc Account Linking Property Tests Property 14: Email Matching Detects Account Linking
01:52 +1026 ~255: /Users/nguyenanhkiet/Playground/grex/test/features/auth/presentation/bloc/auth_bloc_account_linking_property_test.dart: AuthBloc Account Linking Property Tests Property 14: Email Matching Detects Account Linking
01:52 +1027 ~255: /Users/nguyenanhkiet/Playground/grex/test/features/auth/presentation/bloc/auth_bloc_account_linking_property_test.dart: AuthBloc Account Linking Property Tests Property 14: Email Matching Detects Account Linking
01:53 +1028 ~255: /Users/nguyenanhkiet/Playground/grex/test/features/auth/presentation/bloc/auth_bloc_account_linking_property_test.dart: AuthBloc Account Linking Property Tests Property 14: Email Matching Detects Account Linking
02:03 +1029 ~255: /Users/nguyenanhkiet/Playground/grex/test/features/auth/presentation/bloc/auth_bloc_account_linking_property_test.dart: AuthBloc Account Linking Property Tests Property 14: Email Matching Detects Account Linking
02:04 +1030 ~255: /Users/nguyenanhkiet/Playground/grex/test/features/auth/presentation/bloc/auth_bloc_existing_user_navigation_property_test.dart: AuthBloc Existing User Navigation Property Tests Property 5 Extended: Existing User Profile Data Integrity
02:04 +1031 ~255: /Users/nguyenanhkiet/Playground/grex/test/features/auth/presentation/bloc/auth_bloc_account_linking_property_test.dart: AuthBloc Account Linking Property Tests Property 16: Confirmed Linking Connects OAuth Provider
02:04 +1032 ~255: /Users/nguyenanhkiet/Playground/grex/test/features/auth/presentation/bloc/auth_bloc_account_linking_property_test.dart: AuthBloc Account Linking Property Tests Property 16: Confirmed Linking Connects OAuth Provider
02:04 +1033 ~255: /Users/nguyenanhkiet/Playground/grex/test/features/auth/presentation/bloc/auth_bloc_account_linking_property_test.dart: AuthBloc Account Linking Property Tests Property 16: Confirmed Linking Connects OAuth Provider
02:04 +1034 ~255: /Users/nguyenanhkiet/Playground/grex/test/features/auth/presentation/bloc/auth_bloc_account_linking_property_test.dart: AuthBloc Account Linking Property Tests Property 16: Confirmed Linking Connects OAuth Provider
02:04 +1035 ~255: /Users/nguyenanhkiet/Playground/grex/test/features/auth/presentation/bloc/auth_bloc_account_linking_property_test.dart: AuthBloc Account Linking Property Tests Property 16: Confirmed Linking Connects OAuth Provider
02:04 +1036 ~255: /Users/nguyenanhkiet/Playground/grex/test/features/auth/presentation/bloc/auth_bloc_account_linking_property_test.dart: AuthBloc Account Linking Property Tests Property 16: Confirmed Linking Connects OAuth Provider
02:04 +1037 ~255: /Users/nguyenanhkiet/Playground/grex/test/features/auth/presentation/bloc/auth_bloc_account_linking_property_test.dart: AuthBloc Account Linking Property Tests Property 16: Confirmed Linking Connects OAuth Provider
02:05 +1038 ~255: /Users/nguyenanhkiet/Playground/grex/test/features/auth/presentation/bloc/auth_bloc_account_linking_property_test.dart: AuthBloc Account Linking Property Tests Property 16: Confirmed Linking Connects OAuth Provider
02:05 +1039 ~255: /Users/nguyenanhkiet/Playground/grex/test/features/auth/presentation/bloc/auth_bloc_account_linking_property_test.dart: AuthBloc Account Linking Property Tests Property 16: Confirmed Linking Connects OAuth Provider
02:05 +1040 ~255: /Users/nguyenanhkiet/Playground/grex/test/features/auth/presentation/bloc/auth_bloc_account_linking_property_test.dart: AuthBloc Account Linking Property Tests Property 16: Confirmed Linking Connects OAuth Provider
02:05 +1041 ~255: /Users/nguyenanhkiet/Playground/grex/test/features/auth/presentation/bloc/auth_bloc_account_linking_property_test.dart: AuthBloc Account Linking Property Tests Property 16: Confirmed Linking Connects OAuth Provider
02:05 +1042 ~255: /Users/nguyenanhkiet/Playground/grex/test/features/auth/presentation/bloc/auth_bloc_account_linking_property_test.dart: AuthBloc Account Linking Property Tests Property 16: Confirmed Linking Connects OAuth Provider
02:05 +1043 ~255: /Users/nguyenanhkiet/Playground/grex/test/features/auth/presentation/bloc/auth_bloc_account_linking_property_test.dart: AuthBloc Account Linking Property Tests Property 16: Confirmed Linking Connects OAuth Provider
02:05 +1044 ~255: /Users/nguyenanhkiet/Playground/grex/test/features/auth/presentation/bloc/auth_bloc_account_linking_property_test.dart: AuthBloc Account Linking Property Tests Property 16: Confirmed Linking Connects OAuth Provider
02:05 +1045 ~255: /Users/nguyenanhkiet/Playground/grex/test/features/auth/presentation/bloc/auth_bloc_account_linking_property_test.dart: AuthBloc Account Linking Property Tests Property 16: Confirmed Linking Connects OAuth Provider
02:05 +1046 ~255: /Users/nguyenanhkiet/Playground/grex/test/features/auth/presentation/bloc/auth_bloc_account_linking_property_test.dart: AuthBloc Account Linking Property Tests Property 16: Confirmed Linking Connects OAuth Provider
02:05 +1047 ~255: /Users/nguyenanhkiet/Playground/grex/test/features/auth/presentation/bloc/auth_bloc_account_linking_property_test.dart: AuthBloc Account Linking Property Tests Property 16: Confirmed Linking Connects OAuth Provider
02:05 +1048 ~255: /Users/nguyenanhkiet/Playground/grex/test/features/auth/presentation/bloc/auth_bloc_account_linking_property_test.dart: AuthBloc Account Linking Property Tests Property 16: Confirmed Linking Connects OAuth Provider
02:05 +1049 ~255: /Users/nguyenanhkiet/Playground/grex/test/features/auth/presentation/bloc/auth_bloc_account_linking_property_test.dart: AuthBloc Account Linking Property Tests Property 16: Confirmed Linking Connects OAuth Provider
02:07 +1050 ~255: /Users/nguyenanhkiet/Playground/grex/test/features/auth/presentation/bloc/auth_bloc_account_linking_property_test.dart: AuthBloc Account Linking Property Tests Property 16: Confirmed Linking Connects OAuth Provider
02:07 +1051 ~255: /Users/nguyenanhkiet/Playground/grex/test/features/auth/presentation/bloc/auth_bloc_account_linking_property_test.dart: AuthBloc Account Linking Property Tests Property 16: Confirmed Linking Connects OAuth Provider
02:07 +1052 ~255: /Users/nguyenanhkiet/Playground/grex/test/features/auth/presentation/bloc/auth_bloc_account_linking_property_test.dart: AuthBloc Account Linking Property Tests Property 16: Confirmed Linking Connects OAuth Provider
02:07 +1053 ~255: /Users/nguyenanhkiet/Playground/grex/test/features/auth/presentation/bloc/auth_bloc_account_linking_property_test.dart: AuthBloc Account Linking Property Tests Property 16: Confirmed Linking Connects OAuth Provider
02:07 +1054 ~255: /Users/nguyenanhkiet/Playground/grex/test/features/auth/presentation/bloc/auth_bloc_account_linking_property_test.dart: AuthBloc Account Linking Property Tests Property 16: Confirmed Linking Connects OAuth Provider
02:07 +1055 ~255: /Users/nguyenanhkiet/Playground/grex/test/features/auth/presentation/bloc/auth_bloc_account_linking_property_test.dart: AuthBloc Account Linking Property Tests Property 16: Confirmed Linking Connects OAuth Provider
02:07 +1056 ~255: /Users/nguyenanhkiet/Playground/grex/test/features/auth/presentation/bloc/auth_bloc_account_linking_property_test.dart: AuthBloc Account Linking Property Tests Property 16: Confirmed Linking Connects OAuth Provider
02:07 +1057 ~255: /Users/nguyenanhkiet/Playground/grex/test/features/auth/presentation/bloc/auth_bloc_account_linking_property_test.dart: AuthBloc Account Linking Property Tests Property 16: Confirmed Linking Connects OAuth Provider
02:07 +1058 ~255: /Users/nguyenanhkiet/Playground/grex/test/features/auth/presentation/bloc/auth_bloc_account_linking_property_test.dart: AuthBloc Account Linking Property Tests Property 16: Confirmed Linking Connects OAuth Provider
02:07 +1059 ~255: /Users/nguyenanhkiet/Playground/grex/test/features/auth/presentation/bloc/auth_bloc_account_linking_property_test.dart: AuthBloc Account Linking Property Tests Property 16: Confirmed Linking Connects OAuth Provider
02:07 +1060 ~255: /Users/nguyenanhkiet/Playground/grex/test/features/auth/presentation/bloc/auth_bloc_account_linking_property_test.dart: AuthBloc Account Linking Property Tests Property 16: Confirmed Linking Connects OAuth Provider
02:07 +1061 ~255: /Users/nguyenanhkiet/Playground/grex/test/features/auth/presentation/bloc/auth_bloc_account_linking_property_test.dart: AuthBloc Account Linking Property Tests Property 16: Confirmed Linking Connects OAuth Provider
02:07 +1062 ~255: /Users/nguyenanhkiet/Playground/grex/test/features/auth/presentation/bloc/auth_bloc_account_linking_property_test.dart: AuthBloc Account Linking Property Tests Property 16: Confirmed Linking Connects OAuth Provider
02:07 +1063 ~255: /Users/nguyenanhkiet/Playground/grex/test/features/auth/presentation/bloc/auth_bloc_account_linking_property_test.dart: AuthBloc Account Linking Property Tests Property 16: Confirmed Linking Connects OAuth Provider
02:07 +1064 ~255: /Users/nguyenanhkiet/Playground/grex/test/features/auth/presentation/bloc/auth_bloc_account_linking_property_test.dart: AuthBloc Account Linking Property Tests Property 16: Confirmed Linking Connects OAuth Provider
02:07 +1065 ~255: /Users/nguyenanhkiet/Playground/grex/test/features/auth/presentation/bloc/auth_bloc_account_linking_property_test.dart: AuthBloc Account Linking Property Tests Property 16: Confirmed Linking Connects OAuth Provider
02:07 +1066 ~255: /Users/nguyenanhkiet/Playground/grex/test/features/auth/presentation/bloc/auth_bloc_account_linking_property_test.dart: AuthBloc Account Linking Property Tests Property 16: Confirmed Linking Connects OAuth Provider
02:07 +1067 ~255: /Users/nguyenanhkiet/Playground/grex/test/features/auth/presentation/bloc/auth_bloc_account_linking_property_test.dart: AuthBloc Account Linking Property Tests Property 16: Confirmed Linking Connects OAuth Provider
02:07 +1068 ~255: /Users/nguyenanhkiet/Playground/grex/test/features/auth/presentation/bloc/auth_bloc_account_linking_property_test.dart: AuthBloc Account Linking Property Tests Property 16: Confirmed Linking Connects OAuth Provider
02:07 +1069 ~255: /Users/nguyenanhkiet/Playground/grex/test/features/auth/presentation/bloc/auth_bloc_account_linking_property_test.dart: AuthBloc Account Linking Property Tests Property 16: Confirmed Linking Connects OAuth Provider
02:07 +1070 ~255: /Users/nguyenanhkiet/Playground/grex/test/features/auth/presentation/bloc/auth_bloc_account_linking_property_test.dart: AuthBloc Account Linking Property Tests Property 16: Confirmed Linking Connects OAuth Provider
02:07 +1071 ~255: /Users/nguyenanhkiet/Playground/grex/test/features/auth/presentation/bloc/auth_bloc_account_linking_property_test.dart: AuthBloc Account Linking Property Tests Property 16: Confirmed Linking Connects OAuth Provider
02:07 +1072 ~255: /Users/nguyenanhkiet/Playground/grex/test/features/auth/presentation/bloc/auth_bloc_account_linking_property_test.dart: AuthBloc Account Linking Property Tests Property 16: Confirmed Linking Connects OAuth Provider
02:07 +1073 ~255: /Users/nguyenanhkiet/Playground/grex/test/features/auth/presentation/bloc/auth_bloc_account_linking_property_test.dart: AuthBloc Account Linking Property Tests Property 16: Confirmed Linking Connects OAuth Provider
02:07 +1074 ~255: /Users/nguyenanhkiet/Playground/grex/test/features/auth/presentation/bloc/auth_bloc_account_linking_property_test.dart: AuthBloc Account Linking Property Tests Property 16: Confirmed Linking Connects OAuth Provider
02:08 +1075 ~255: /Users/nguyenanhkiet/Playground/grex/test/features/auth/presentation/bloc/auth_bloc_account_linking_property_test.dart: AuthBloc Account Linking Property Tests Property 16: Confirmed Linking Connects OAuth Provider
02:09 +1076 ~255: /Users/nguyenanhkiet/Playground/grex/test/features/auth/presentation/bloc/auth_bloc_account_linking_property_test.dart: AuthBloc Account Linking Property Tests Property 16: Confirmed Linking Connects OAuth Provider
02:11 +1077 ~255: /Users/nguyenanhkiet/Playground/grex/test/features/auth/presentation/bloc/auth_bloc_account_linking_property_test.dart: AuthBloc Account Linking Property Tests Property 16: Confirmed Linking Connects OAuth Provider
02:14 +1078 ~255: /Users/nguyenanhkiet/Playground/grex/test/features/auth/presentation/bloc/auth_bloc_account_linking_property_test.dart: AuthBloc Account Linking Property Tests Property 16: Confirmed Linking Connects OAuth Provider
02:15 +1079 ~255: /Users/nguyenanhkiet/Playground/grex/test/features/auth/presentation/bloc/auth_bloc_account_linking_property_test.dart: AuthBloc Account Linking Property Tests Property 16: Confirmed Linking Connects OAuth Provider
02:15 +1079 ~255: /Users/nguyenanhkiet/Playground/grex/test/features/expenses/domain/repositories/expense_repository_property_test.dart: ExpenseRepository Property Tests Property 6: Expense creation sets correct payer should set the specified payer for any valid expense
  Skip: TODO(supabase-mock): MockSupabaseClient.auth getter is null (type 'Null' is not a subtype of 'GoTrueClient'). The shared mock in test/helpers/supabase_mocks.dart needs an explicit auth stub before these property tests can construct the repository.
02:15 +1079 ~256: /Users/nguyenanhkiet/Playground/grex/test/features/auth/presentation/bloc/auth_bloc_account_linking_property_test.dart: AuthBloc Account Linking Property Tests Property 16: Confirmed Linking Connects OAuth Provider
02:15 +1079 ~256: /Users/nguyenanhkiet/Playground/grex/test/features/expenses/domain/repositories/expense_repository_property_test.dart: ExpenseRepository Property Tests Property 6: Expense creation sets correct payer should maintain payer consistency across different configurations
  Skip: TODO(supabase-mock): MockSupabaseClient.auth getter is null (type 'Null' is not a subtype of 'GoTrueClient'). The shared mock in test/helpers/supabase_mocks.dart needs an explicit auth stub before these property tests can construct the repository.
02:15 +1079 ~257: /Users/nguyenanhkiet/Playground/grex/test/features/auth/presentation/bloc/auth_bloc_account_linking_property_test.dart: AuthBloc Account Linking Property Tests Property 16: Confirmed Linking Connects OAuth Provider
02:15 +1079 ~257: /Users/nguyenanhkiet/Playground/grex/test/features/expenses/domain/repositories/expense_repository_property_test.dart: ExpenseRepository Property Tests Property 9: Expense creation updates balances should trigger balance recalculation when expense is created
  Skip: TODO(supabase-mock): MockSupabaseClient.auth getter is null (type 'Null' is not a subtype of 'GoTrueClient'). The shared mock in test/helpers/supabase_mocks.dart needs an explicit auth stub before these property tests can construct the repository.
02:15 +1079 ~258: /Users/nguyenanhkiet/Playground/grex/test/features/auth/presentation/bloc/auth_bloc_account_linking_property_test.dart: AuthBloc Account Linking Property Tests Property 16: Confirmed Linking Connects OAuth Provider
02:15 +1079 ~258: /Users/nguyenanhkiet/Playground/grex/test/features/expenses/domain/repositories/expense_repository_property_test.dart: ExpenseRepository Property Tests Property 9: Expense creation updates balances should handle different participant split configurations correctly
  Skip: TODO(supabase-mock): MockSupabaseClient.auth getter is null (type 'Null' is not a subtype of 'GoTrueClient'). The shared mock in test/helpers/supabase_mocks.dart needs an explicit auth stub before these property tests can construct the repository.
02:15 +1079 ~259: /Users/nguyenanhkiet/Playground/grex/test/features/auth/presentation/bloc/auth_bloc_account_linking_property_test.dart: AuthBloc Account Linking Property Tests Property 16: Confirmed Linking Connects OAuth Provider
02:15 +1079 ~259: /Users/nguyenanhkiet/Playground/grex/test/features/expenses/domain/repositories/expense_repository_property_test.dart: ExpenseRepository Property Tests Property 9: Expense creation updates balances should validate split totals before creation
  Skip: TODO(supabase-mock): MockSupabaseClient.auth getter is null (type 'Null' is not a subtype of 'GoTrueClient'). The shared mock in test/helpers/supabase_mocks.dart needs an explicit auth stub before these property tests can construct the repository.
02:15 +1079 ~260: /Users/nguyenanhkiet/Playground/grex/test/features/auth/presentation/bloc/auth_bloc_account_linking_property_test.dart: AuthBloc Account Linking Property Tests Property 16: Confirmed Linking Connects OAuth Provider
02:15 +1079 ~260: /Users/nguyenanhkiet/Playground/grex/test/features/expenses/domain/repositories/expense_repository_property_test.dart: ExpenseRepository Property Tests Property 7: Equal split divides amount correctly should divide expense amount equally among all participants
  Skip: TODO(supabase-mock): MockSupabaseClient.auth getter is null (type 'Null' is not a subtype of 'GoTrueClient'). The shared mock in test/helpers/supabase_mocks.dart needs an explicit auth stub before these property tests can construct the repository.
02:15 +1079 ~261: /Users/nguyenanhkiet/Playground/grex/test/features/auth/presentation/bloc/auth_bloc_account_linking_property_test.dart: AuthBloc Account Linking Property Tests Property 16: Confirmed Linking Connects OAuth Provider
02:15 +1079 ~261: /Users/nguyenanhkiet/Playground/grex/test/features/expenses/domain/repositories/expense_repository_property_test.dart: ExpenseRepository Property Tests Property 7: Equal split divides amount correctly should handle rounding correctly in equal splits
  Skip: TODO(supabase-mock): MockSupabaseClient.auth getter is null (type 'Null' is not a subtype of 'GoTrueClient'). The shared mock in test/helpers/supabase_mocks.dart needs an explicit auth stub before these property tests can construct the repository.
02:15 +1079 ~262: /Users/nguyenanhkiet/Playground/grex/test/features/auth/presentation/bloc/auth_bloc_account_linking_property_test.dart: AuthBloc Account Linking Property Tests Property 16: Confirmed Linking Connects OAuth Provider
02:15 +1079 ~262: /Users/nguyenanhkiet/Playground/grex/test/features/expenses/domain/repositories/expense_repository_property_test.dart: ExpenseRepository Property Tests Property 8: Custom split validation ensures total accuracy should validate that custom split totals match expense amount
  Skip: TODO(supabase-mock): MockSupabaseClient.auth getter is null (type 'Null' is not a subtype of 'GoTrueClient'). The shared mock in test/helpers/supabase_mocks.dart needs an explicit auth stub before these property tests can construct the repository.
02:15 +1079 ~263: /Users/nguyenanhkiet/Playground/grex/test/features/auth/presentation/bloc/auth_bloc_account_linking_property_test.dart: AuthBloc Account Linking Property Tests Property 16: Confirmed Linking Connects OAuth Provider
02:15 +1079 ~263: /Users/nguyenanhkiet/Playground/grex/test/features/expenses/domain/repositories/expense_repository_property_test.dart: ExpenseRepository Property Tests Property 8: Custom split validation ensures total accuracy should reject custom splits with incorrect totals
  Skip: TODO(supabase-mock): MockSupabaseClient.auth getter is null (type 'Null' is not a subtype of 'GoTrueClient'). The shared mock in test/helpers/supabase_mocks.dart needs an explicit auth stub before these property tests can construct the repository.
02:15 +1079 ~264: /Users/nguyenanhkiet/Playground/grex/test/features/auth/presentation/bloc/auth_bloc_account_linking_property_test.dart: AuthBloc Account Linking Property Tests Property 16: Confirmed Linking Connects OAuth Provider
02:15 +1079 ~264: /Users/nguyenanhkiet/Playground/grex/test/features/expenses/domain/repositories/expense_repository_property_test.dart: ExpenseRepository Property Tests Property 8: Custom split validation ensures total accuracy should validate percentage splits sum to 100%
  Skip: TODO(supabase-mock): MockSupabaseClient.auth getter is null (type 'Null' is not a subtype of 'GoTrueClient'). The shared mock in test/helpers/supabase_mocks.dart needs an explicit auth stub before these property tests can construct the repository.
02:15 +1079 ~265: /Users/nguyenanhkiet/Playground/grex/test/features/auth/presentation/bloc/auth_bloc_account_linking_property_test.dart: AuthBloc Account Linking Property Tests Property 16: Confirmed Linking Connects OAuth Provider
02:15 +1079 ~265: /Users/nguyenanhkiet/Playground/grex/test/features/expenses/domain/repositories/expense_repository_property_test.dart: ExpenseRepository Property Tests Property 12: Expense updates recalculate balances should trigger balance recalculation when expense is updated
  Skip: TODO(supabase-mock): MockSupabaseClient.auth getter is null (type 'Null' is not a subtype of 'GoTrueClient'). The shared mock in test/helpers/supabase_mocks.dart needs an explicit auth stub before these property tests can construct the repository.
02:15 +1079 ~266: /Users/nguyenanhkiet/Playground/grex/test/features/auth/presentation/bloc/auth_bloc_account_linking_property_test.dart: AuthBloc Account Linking Property Tests Property 16: Confirmed Linking Connects OAuth Provider
02:15 +1079 ~266: /Users/nguyenanhkiet/Playground/grex/test/features/expenses/domain/repositories/expense_repository_property_test.dart: ExpenseRepository Property Tests Property 12: Expense updates recalculate balances should handle participant changes in expense updates
  Skip: TODO(supabase-mock): MockSupabaseClient.auth getter is null (type 'Null' is not a subtype of 'GoTrueClient'). The shared mock in test/helpers/supabase_mocks.dart needs an explicit auth stub before these property tests can construct the repository.
02:15 +1079 ~267: /Users/nguyenanhkiet/Playground/grex/test/features/auth/presentation/bloc/auth_bloc_account_linking_property_test.dart: AuthBloc Account Linking Property Tests Property 16: Confirmed Linking Connects OAuth Provider
02:15 +1079 ~267: /Users/nguyenanhkiet/Playground/grex/test/features/expenses/domain/repositories/expense_repository_property_test.dart: ExpenseRepository Property Tests Property 12: Expense updates recalculate balances should validate permissions before allowing updates
  Skip: TODO(supabase-mock): MockSupabaseClient.auth getter is null (type 'Null' is not a subtype of 'GoTrueClient'). The shared mock in test/helpers/supabase_mocks.dart needs an explicit auth stub before these property tests can construct the repository.
02:15 +1079 ~268: /Users/nguyenanhkiet/Playground/grex/test/features/auth/presentation/bloc/auth_bloc_account_linking_property_test.dart: AuthBloc Account Linking Property Tests Property 16: Confirmed Linking Connects OAuth Provider
02:16 +1080 ~268: /Users/nguyenanhkiet/Playground/grex/test/features/auth/presentation/bloc/auth_bloc_account_linking_property_test.dart: AuthBloc Account Linking Property Tests Property 16: Confirmed Linking Connects OAuth Provider
02:17 +1080 ~268: /Users/nguyenanhkiet/Playground/grex/test/features/expenses/presentation/pages/edit_expense_page_test.dart: EditExpensePage Widget Tests should display edit expense form with pre-filled data
  Skip: TODO(provider-setup): EditExpensePage reads GroupBloc internally via BlocBuilder<GroupBloc> but the test only provides ExpenseBloc, throwing ProviderNotFoundException. Re-enable after the test wires every bloc the page reads.
02:17 +1080 ~269: /Users/nguyenanhkiet/Playground/grex/test/features/auth/presentation/bloc/auth_bloc_account_linking_property_test.dart: AuthBloc Account Linking Property Tests Property 16: Confirmed Linking Connects OAuth Provider
02:17 +1080 ~269: /Users/nguyenanhkiet/Playground/grex/test/features/expenses/presentation/pages/edit_expense_page_test.dart: EditExpensePage Widget Tests should load group members on init
  Skip: TODO(provider-setup): EditExpensePage reads GroupBloc internally via BlocBuilder<GroupBloc> but the test only provides ExpenseBloc, throwing ProviderNotFoundException. Re-enable after the test wires every bloc the page reads.
02:17 +1080 ~270: /Users/nguyenanhkiet/Playground/grex/test/features/auth/presentation/bloc/auth_bloc_account_linking_property_test.dart: AuthBloc Account Linking Property Tests Property 16: Confirmed Linking Connects OAuth Provider
02:17 +1080 ~270: /Users/nguyenanhkiet/Playground/grex/test/features/expenses/presentation/pages/edit_expense_page_test.dart: EditExpensePage Widget Tests should show unsaved changes warning when form is modified
  Skip: TODO(provider-setup): EditExpensePage reads GroupBloc internally via BlocBuilder<GroupBloc> but the test only provides ExpenseBloc, throwing ProviderNotFoundException. Re-enable after the test wires every bloc the page reads.
02:17 +1080 ~271: /Users/nguyenanhkiet/Playground/grex/test/features/auth/presentation/bloc/auth_bloc_account_linking_property_test.dart: AuthBloc Account Linking Property Tests Property 16: Confirmed Linking Connects OAuth Provider
02:17 +1080 ~271: /Users/nguyenanhkiet/Playground/grex/test/features/expenses/presentation/pages/edit_expense_page_test.dart: EditExpensePage Widget Tests should validate required fields
  Skip: TODO(provider-setup): EditExpensePage reads GroupBloc internally via BlocBuilder<GroupBloc> but the test only provides ExpenseBloc, throwing ProviderNotFoundException. Re-enable after the test wires every bloc the page reads.
02:17 +1080 ~272: /Users/nguyenanhkiet/Playground/grex/test/features/auth/presentation/bloc/auth_bloc_account_linking_property_test.dart: AuthBloc Account Linking Property Tests Property 16: Confirmed Linking Connects OAuth Provider
02:17 +1080 ~272: /Users/nguyenanhkiet/Playground/grex/test/features/expenses/presentation/pages/edit_expense_page_test.dart: EditExpensePage Widget Tests should validate description minimum length
  Skip: TODO(provider-setup): EditExpensePage reads GroupBloc internally via BlocBuilder<GroupBloc> but the test only provides ExpenseBloc, throwing ProviderNotFoundException. Re-enable after the test wires every bloc the page reads.
02:17 +1080 ~273: /Users/nguyenanhkiet/Playground/grex/test/features/auth/presentation/bloc/auth_bloc_account_linking_property_test.dart: AuthBloc Account Linking Property Tests Property 16: Confirmed Linking Connects OAuth Provider
02:17 +1080 ~273: /Users/nguyenanhkiet/Playground/grex/test/features/expenses/presentation/pages/edit_expense_page_test.dart: EditExpensePage Widget Tests should validate amount field
  Skip: TODO(provider-setup): EditExpensePage reads GroupBloc internally via BlocBuilder<GroupBloc> but the test only provides ExpenseBloc, throwing ProviderNotFoundException. Re-enable after the test wires every bloc the page reads.
02:17 +1080 ~274: /Users/nguyenanhkiet/Playground/grex/test/features/auth/presentation/bloc/auth_bloc_account_linking_property_test.dart: AuthBloc Account Linking Property Tests Property 16: Confirmed Linking Connects OAuth Provider
02:17 +1080 ~274: /Users/nguyenanhkiet/Playground/grex/test/features/expenses/presentation/pages/edit_expense_page_test.dart: EditExpensePage Widget Tests should validate positive amount
  Skip: TODO(provider-setup): EditExpensePage reads GroupBloc internally via BlocBuilder<GroupBloc> but the test only provides ExpenseBloc, throwing ProviderNotFoundException. Re-enable after the test wires every bloc the page reads.
02:17 +1080 ~275: /Users/nguyenanhkiet/Playground/grex/test/features/auth/presentation/bloc/auth_bloc_account_linking_property_test.dart: AuthBloc Account Linking Property Tests Property 16: Confirmed Linking Connects OAuth Provider
02:17 +1080 ~275: /Users/nguyenanhkiet/Playground/grex/test/features/expenses/presentation/pages/edit_expense_page_test.dart: EditExpensePage Widget Tests should display currency dropdown with current selection
  Skip: TODO(provider-setup): EditExpensePage reads GroupBloc internally via BlocBuilder<GroupBloc> but the test only provides ExpenseBloc, throwing ProviderNotFoundException. Re-enable after the test wires every bloc the page reads.
02:17 +1080 ~276: /Users/nguyenanhkiet/Playground/grex/test/features/auth/presentation/bloc/auth_bloc_account_linking_property_test.dart: AuthBloc Account Linking Property Tests Property 16: Confirmed Linking Connects OAuth Provider
02:17 +1080 ~276: /Users/nguyenanhkiet/Playground/grex/test/features/expenses/presentation/pages/edit_expense_page_test.dart: EditExpensePage Widget Tests should allow currency selection
  Skip: TODO(provider-setup): EditExpensePage reads GroupBloc internally via BlocBuilder<GroupBloc> but the test only provides ExpenseBloc, throwing ProviderNotFoundException. Re-enable after the test wires every bloc the page reads.
02:17 +1080 ~277: /Users/nguyenanhkiet/Playground/grex/test/features/auth/presentation/bloc/auth_bloc_account_linking_property_test.dart: AuthBloc Account Linking Property Tests Property 16: Confirmed Linking Connects OAuth Provider
02:17 +1080 ~277: /Users/nguyenanhkiet/Playground/grex/test/features/expenses/presentation/pages/edit_expense_page_test.dart: EditExpensePage Widget Tests should display date picker
  Skip: TODO(provider-setup): EditExpensePage reads GroupBloc internally via BlocBuilder<GroupBloc> but the test only provides ExpenseBloc, throwing ProviderNotFoundException. Re-enable after the test wires every bloc the page reads.
02:17 +1080 ~278: /Users/nguyenanhkiet/Playground/grex/test/features/auth/presentation/bloc/auth_bloc_account_linking_property_test.dart: AuthBloc Account Linking Property Tests Property 16: Confirmed Linking Connects OAuth Provider
02:17 +1080 ~278: /Users/nguyenanhkiet/Playground/grex/test/features/expenses/presentation/pages/edit_expense_page_test.dart: EditExpensePage Widget Tests should open date picker when tapped
  Skip: TODO(provider-setup): EditExpensePage reads GroupBloc internally via BlocBuilder<GroupBloc> but the test only provides ExpenseBloc, throwing ProviderNotFoundException. Re-enable after the test wires every bloc the page reads.
02:17 +1080 ~279: /Users/nguyenanhkiet/Playground/grex/test/features/auth/presentation/bloc/auth_bloc_account_linking_property_test.dart: AuthBloc Account Linking Property Tests Property 16: Confirmed Linking Connects OAuth Provider
02:17 +1080 ~279: /Users/nguyenanhkiet/Playground/grex/test/features/expenses/presentation/pages/edit_expense_page_test.dart: EditExpensePage Widget Tests should display participant selection when members loaded
  Skip: TODO(provider-setup): EditExpensePage reads GroupBloc internally via BlocBuilder<GroupBloc> but the test only provides ExpenseBloc, throwing ProviderNotFoundException. Re-enable after the test wires every bloc the page reads.
02:17 +1080 ~280: /Users/nguyenanhkiet/Playground/grex/test/features/auth/presentation/bloc/auth_bloc_account_linking_property_test.dart: AuthBloc Account Linking Property Tests Property 16: Confirmed Linking Connects OAuth Provider
02:17 +1080 ~280: /Users/nguyenanhkiet/Playground/grex/test/features/expenses/presentation/pages/edit_expense_page_test.dart: EditExpensePage Widget Tests should display error when members loading fails
  Skip: TODO(provider-setup): EditExpensePage reads GroupBloc internally via BlocBuilder<GroupBloc> but the test only provides ExpenseBloc, throwing ProviderNotFoundException. Re-enable after the test wires every bloc the page reads.
02:17 +1080 ~281: /Users/nguyenanhkiet/Playground/grex/test/features/auth/presentation/bloc/auth_bloc_account_linking_property_test.dart: AuthBloc Account Linking Property Tests Property 16: Confirmed Linking Connects OAuth Provider
02:17 +1080 ~281: /Users/nguyenanhkiet/Playground/grex/test/features/expenses/presentation/pages/edit_expense_page_test.dart: EditExpensePage Widget Tests should display split method selector
  Skip: TODO(provider-setup): EditExpensePage reads GroupBloc internally via BlocBuilder<GroupBloc> but the test only provides ExpenseBloc, throwing ProviderNotFoundException. Re-enable after the test wires every bloc the page reads.
02:17 +1080 ~282: /Users/nguyenanhkiet/Playground/grex/test/features/auth/presentation/bloc/auth_bloc_account_linking_property_test.dart: AuthBloc Account Linking Property Tests Property 16: Confirmed Linking Connects OAuth Provider
02:17 +1080 ~282: /Users/nguyenanhkiet/Playground/grex/test/features/expenses/presentation/pages/edit_expense_page_test.dart: EditExpensePage Widget Tests should display split configuration section
  Skip: TODO(provider-setup): EditExpensePage reads GroupBloc internally via BlocBuilder<GroupBloc> but the test only provides ExpenseBloc, throwing ProviderNotFoundException. Re-enable after the test wires every bloc the page reads.
02:17 +1080 ~283: /Users/nguyenanhkiet/Playground/grex/test/features/auth/presentation/bloc/auth_bloc_account_linking_property_test.dart: AuthBloc Account Linking Property Tests Property 16: Confirmed Linking Connects OAuth Provider
02:17 +1080 ~283: /Users/nguyenanhkiet/Playground/grex/test/features/expenses/presentation/pages/edit_expense_page_test.dart: EditExpensePage Widget Tests should show loading state during update
  Skip: TODO(provider-setup): EditExpensePage reads GroupBloc internally via BlocBuilder<GroupBloc> but the test only provides ExpenseBloc, throwing ProviderNotFoundException. Re-enable after the test wires every bloc the page reads.
02:17 +1080 ~284: /Users/nguyenanhkiet/Playground/grex/test/features/auth/presentation/bloc/auth_bloc_account_linking_property_test.dart: AuthBloc Account Linking Property Tests Property 16: Confirmed Linking Connects OAuth Provider
02:17 +1080 ~284: /Users/nguyenanhkiet/Playground/grex/test/features/expenses/presentation/pages/edit_expense_page_test.dart: EditExpensePage Widget Tests should show success message when update succeeds
  Skip: TODO(provider-setup): EditExpensePage reads GroupBloc internally via BlocBuilder<GroupBloc> but the test only provides ExpenseBloc, throwing ProviderNotFoundException. Re-enable after the test wires every bloc the page reads.
02:17 +1080 ~285: /Users/nguyenanhkiet/Playground/grex/test/features/auth/presentation/bloc/auth_bloc_account_linking_property_test.dart: AuthBloc Account Linking Property Tests Property 16: Confirmed Linking Connects OAuth Provider
02:17 +1080 ~285: /Users/nguyenanhkiet/Playground/grex/test/features/expenses/presentation/pages/edit_expense_page_test.dart: EditExpensePage Widget Tests should show error message when update fails
  Skip: TODO(provider-setup): EditExpensePage reads GroupBloc internally via BlocBuilder<GroupBloc> but the test only provides ExpenseBloc, throwing ProviderNotFoundException. Re-enable after the test wires every bloc the page reads.
02:17 +1080 ~286: /Users/nguyenanhkiet/Playground/grex/test/features/auth/presentation/bloc/auth_bloc_account_linking_property_test.dart: AuthBloc Account Linking Property Tests Property 16: Confirmed Linking Connects OAuth Provider
02:17 +1080 ~286: /Users/nguyenanhkiet/Playground/grex/test/features/expenses/presentation/pages/edit_expense_page_test.dart: EditExpensePage Widget Tests should show confirmation dialog when leaving with unsaved changes
  Skip: TODO(provider-setup): EditExpensePage reads GroupBloc internally via BlocBuilder<GroupBloc> but the test only provides ExpenseBloc, throwing ProviderNotFoundException. Re-enable after the test wires every bloc the page reads.
02:17 +1080 ~287: /Users/nguyenanhkiet/Playground/grex/test/features/auth/presentation/bloc/auth_bloc_account_linking_property_test.dart: AuthBloc Account Linking Property Tests Property 16: Confirmed Linking Connects OAuth Provider
02:17 +1080 ~287: /Users/nguyenanhkiet/Playground/grex/test/features/expenses/presentation/pages/edit_expense_page_test.dart: EditExpensePage Widget Tests should validate participant selection
  Skip: TODO(provider-setup): EditExpensePage reads GroupBloc internally via BlocBuilder<GroupBloc> but the test only provides ExpenseBloc, throwing ProviderNotFoundException. Re-enable after the test wires every bloc the page reads.
02:17 +1080 ~288: /Users/nguyenanhkiet/Playground/grex/test/features/auth/presentation/bloc/auth_bloc_account_linking_property_test.dart: AuthBloc Account Linking Property Tests Property 16: Confirmed Linking Connects OAuth Provider
02:17 +1080 ~288: /Users/nguyenanhkiet/Playground/grex/test/features/expenses/presentation/pages/edit_expense_page_test.dart: EditExpensePage Widget Tests should dispatch update event with correct data
  Skip: TODO(provider-setup): EditExpensePage reads GroupBloc internally via BlocBuilder<GroupBloc> but the test only provides ExpenseBloc, throwing ProviderNotFoundException. Re-enable after the test wires every bloc the page reads.
02:17 +1080 ~289: /Users/nguyenanhkiet/Playground/grex/test/features/auth/presentation/bloc/auth_bloc_account_linking_property_test.dart: AuthBloc Account Linking Property Tests Property 16: Confirmed Linking Connects OAuth Provider
02:17 +1080 ~289: /Users/nguyenanhkiet/Playground/grex/test/features/expenses/presentation/pages/edit_expense_page_test.dart: EditExpensePage Widget Tests should display save button in app bar
  Skip: TODO(provider-setup): EditExpensePage reads GroupBloc internally via BlocBuilder<GroupBloc> but the test only provides ExpenseBloc, throwing ProviderNotFoundException. Re-enable after the test wires every bloc the page reads.
02:17 +1080 ~290: /Users/nguyenanhkiet/Playground/grex/test/features/auth/presentation/bloc/auth_bloc_account_linking_property_test.dart: AuthBloc Account Linking Property Tests Property 16: Confirmed Linking Connects OAuth Provider
02:17 +1080 ~290: /Users/nguyenanhkiet/Playground/grex/test/features/expenses/presentation/pages/edit_expense_page_test.dart: EditExpensePage Widget Tests should disable save button when loading
  Skip: TODO(provider-setup): EditExpensePage reads GroupBloc internally via BlocBuilder<GroupBloc> but the test only provides ExpenseBloc, throwing ProviderNotFoundException. Re-enable after the test wires every bloc the page reads.
02:17 +1080 ~291: /Users/nguyenanhkiet/Playground/grex/test/features/auth/presentation/bloc/auth_bloc_account_linking_property_test.dart: AuthBloc Account Linking Property Tests Property 16: Confirmed Linking Connects OAuth Provider
02:17 +1080 ~291: /Users/nguyenanhkiet/Playground/grex/test/features/expenses/presentation/pages/edit_expense_page_test.dart: EditExpensePage Widget Tests should handle category field correctly
  Skip: TODO(provider-setup): EditExpensePage reads GroupBloc internally via BlocBuilder<GroupBloc> but the test only provides ExpenseBloc, throwing ProviderNotFoundException. Re-enable after the test wires every bloc the page reads.
02:17 +1080 ~292: /Users/nguyenanhkiet/Playground/grex/test/features/auth/presentation/bloc/auth_bloc_account_linking_property_test.dart: AuthBloc Account Linking Property Tests Property 16: Confirmed Linking Connects OAuth Provider
02:17 +1080 ~292: /Users/nguyenanhkiet/Playground/grex/test/features/expenses/presentation/pages/edit_expense_page_test.dart: EditExpensePage Widget Tests should update split calculation when amount changes
  Skip: TODO(provider-setup): EditExpensePage reads GroupBloc internally via BlocBuilder<GroupBloc> but the test only provides ExpenseBloc, throwing ProviderNotFoundException. Re-enable after the test wires every bloc the page reads.
02:17 +1080 ~293: /Users/nguyenanhkiet/Playground/grex/test/features/auth/presentation/bloc/auth_bloc_account_linking_property_test.dart: AuthBloc Account Linking Property Tests Property 16: Confirmed Linking Connects OAuth Provider
02:17 +1080 ~293: /Users/nguyenanhkiet/Playground/grex/test/features/expenses/presentation/pages/expense_details_page_test.dart: ExpenseDetailsPage Widget Tests should display loading indicator when loading
  Skip: TODO(provider-setup): ExpenseDetailsPage reads providers the test does not wire (ProviderNotFoundException). Fix the test harness before re-enabling.
02:17 +1080 ~294: /Users/nguyenanhkiet/Playground/grex/test/features/auth/presentation/bloc/auth_bloc_account_linking_property_test.dart: AuthBloc Account Linking Property Tests Property 16: Confirmed Linking Connects OAuth Provider
02:17 +1080 ~294: /Users/nguyenanhkiet/Playground/grex/test/features/expenses/presentation/pages/expense_details_page_test.dart: ExpenseDetailsPage Widget Tests should display error state with retry button
  Skip: TODO(provider-setup): ExpenseDetailsPage reads providers the test does not wire (ProviderNotFoundException). Fix the test harness before re-enabling.
02:17 +1080 ~295: /Users/nguyenanhkiet/Playground/grex/test/features/auth/presentation/bloc/auth_bloc_account_linking_property_test.dart: AuthBloc Account Linking Property Tests Property 16: Confirmed Linking Connects OAuth Provider
02:17 +1080 ~295: /Users/nguyenanhkiet/Playground/grex/test/features/expenses/presentation/pages/expense_details_page_test.dart: ExpenseDetailsPage Widget Tests should retry loading when retry button is tapped
  Skip: TODO(provider-setup): ExpenseDetailsPage reads providers the test does not wire (ProviderNotFoundException). Fix the test harness before re-enabling.
02:17 +1080 ~296: /Users/nguyenanhkiet/Playground/grex/test/features/auth/presentation/bloc/auth_bloc_account_linking_property_test.dart: AuthBloc Account Linking Property Tests Property 16: Confirmed Linking Connects OAuth Provider
02:17 +1080 ~296: /Users/nguyenanhkiet/Playground/grex/test/features/expenses/presentation/pages/expense_details_page_test.dart: ExpenseDetailsPage Widget Tests should display expense details when loaded
  Skip: TODO(provider-setup): ExpenseDetailsPage reads providers the test does not wire (ProviderNotFoundException). Fix the test harness before re-enabling.
02:17 +1080 ~297: /Users/nguyenanhkiet/Playground/grex/test/features/auth/presentation/bloc/auth_bloc_account_linking_property_test.dart: AuthBloc Account Linking Property Tests Property 16: Confirmed Linking Connects OAuth Provider
02:17 +1080 ~297: /Users/nguyenanhkiet/Playground/grex/test/features/expenses/presentation/pages/expense_details_page_test.dart: ExpenseDetailsPage Widget Tests should display formatted currency amount
  Skip: TODO(provider-setup): ExpenseDetailsPage reads providers the test does not wire (ProviderNotFoundException). Fix the test harness before re-enabling.
02:17 +1080 ~298: /Users/nguyenanhkiet/Playground/grex/test/features/auth/presentation/bloc/auth_bloc_account_linking_property_test.dart: AuthBloc Account Linking Property Tests Property 16: Confirmed Linking Connects OAuth Provider
02:17 +1080 ~298: /Users/nguyenanhkiet/Playground/grex/test/features/expenses/presentation/pages/expense_details_page_test.dart: ExpenseDetailsPage Widget Tests should display valid split indicator for valid splits
  Skip: TODO(provider-setup): ExpenseDetailsPage reads providers the test does not wire (ProviderNotFoundException). Fix the test harness before re-enabling.
02:17 +1080 ~299: /Users/nguyenanhkiet/Playground/grex/test/features/auth/presentation/bloc/auth_bloc_account_linking_property_test.dart: AuthBloc Account Linking Property Tests Property 16: Confirmed Linking Connects OAuth Provider
02:17 +1080 ~299: /Users/nguyenanhkiet/Playground/grex/test/features/expenses/presentation/pages/expense_details_page_test.dart: ExpenseDetailsPage Widget Tests should display invalid split warning for invalid splits
  Skip: TODO(provider-setup): ExpenseDetailsPage reads providers the test does not wire (ProviderNotFoundException). Fix the test harness before re-enabling.
02:17 +1080 ~300: /Users/nguyenanhkiet/Playground/grex/test/features/auth/presentation/bloc/auth_bloc_account_linking_property_test.dart: AuthBloc Account Linking Property Tests Property 16: Confirmed Linking Connects OAuth Provider
02:17 +1080 ~300: /Users/nguyenanhkiet/Playground/grex/test/features/expenses/presentation/pages/expense_details_page_test.dart: ExpenseDetailsPage Widget Tests should display all participants with their share amounts
  Skip: TODO(provider-setup): ExpenseDetailsPage reads providers the test does not wire (ProviderNotFoundException). Fix the test harness before re-enabling.
02:17 +1080 ~301: /Users/nguyenanhkiet/Playground/grex/test/features/auth/presentation/bloc/auth_bloc_account_linking_property_test.dart: AuthBloc Account Linking Property Tests Property 16: Confirmed Linking Connects OAuth Provider
02:17 +1080 ~301: /Users/nguyenanhkiet/Playground/grex/test/features/expenses/presentation/pages/expense_details_page_test.dart: ExpenseDetailsPage Widget Tests should display category when available
  Skip: TODO(provider-setup): ExpenseDetailsPage reads providers the test does not wire (ProviderNotFoundException). Fix the test harness before re-enabling.
02:17 +1080 ~302: /Users/nguyenanhkiet/Playground/grex/test/features/auth/presentation/bloc/auth_bloc_account_linking_property_test.dart: AuthBloc Account Linking Property Tests Property 16: Confirmed Linking Connects OAuth Provider
02:17 +1080 ~302: /Users/nguyenanhkiet/Playground/grex/test/features/expenses/presentation/pages/expense_details_page_test.dart: ExpenseDetailsPage Widget Tests should not display category section when not available
  Skip: TODO(provider-setup): ExpenseDetailsPage reads providers the test does not wire (ProviderNotFoundException). Fix the test harness before re-enabling.
02:17 +1080 ~303: /Users/nguyenanhkiet/Playground/grex/test/features/auth/presentation/bloc/auth_bloc_account_linking_property_test.dart: AuthBloc Account Linking Property Tests Property 16: Confirmed Linking Connects OAuth Provider
02:17 +1080 ~303: /Users/nguyenanhkiet/Playground/grex/test/features/expenses/presentation/pages/expense_details_page_test.dart: ExpenseDetailsPage Widget Tests should display formatted dates correctly
  Skip: TODO(provider-setup): ExpenseDetailsPage reads providers the test does not wire (ProviderNotFoundException). Fix the test harness before re-enabling.
02:17 +1080 ~304: /Users/nguyenanhkiet/Playground/grex/test/features/auth/presentation/bloc/auth_bloc_account_linking_property_test.dart: AuthBloc Account Linking Property Tests Property 16: Confirmed Linking Connects OAuth Provider
02:17 +1080 ~304: /Users/nguyenanhkiet/Playground/grex/test/features/expenses/presentation/pages/expense_details_page_test.dart: ExpenseDetailsPage Widget Tests should display yesterday for yesterday expenses
  Skip: TODO(provider-setup): ExpenseDetailsPage reads providers the test does not wire (ProviderNotFoundException). Fix the test harness before re-enabling.
02:17 +1080 ~305: /Users/nguyenanhkiet/Playground/grex/test/features/auth/presentation/bloc/auth_bloc_account_linking_property_test.dart: AuthBloc Account Linking Property Tests Property 16: Confirmed Linking Connects OAuth Provider
02:17 +1080 ~305: /Users/nguyenanhkiet/Playground/grex/test/features/expenses/presentation/pages/expense_details_page_test.dart: ExpenseDetailsPage Widget Tests should display menu button with edit and delete options
  Skip: TODO(provider-setup): ExpenseDetailsPage reads providers the test does not wire (ProviderNotFoundException). Fix the test harness before re-enabling.
02:17 +1080 ~306: /Users/nguyenanhkiet/Playground/grex/test/features/auth/presentation/bloc/auth_bloc_account_linking_property_test.dart: AuthBloc Account Linking Property Tests Property 16: Confirmed Linking Connects OAuth Provider
02:17 +1080 ~306: /Users/nguyenanhkiet/Playground/grex/test/features/expenses/presentation/pages/expense_details_page_test.dart: ExpenseDetailsPage Widget Tests should show delete confirmation dialog
  Skip: TODO(provider-setup): ExpenseDetailsPage reads providers the test does not wire (ProviderNotFoundException). Fix the test harness before re-enabling.
02:17 +1080 ~307: /Users/nguyenanhkiet/Playground/grex/test/features/auth/presentation/bloc/auth_bloc_account_linking_property_test.dart: AuthBloc Account Linking Property Tests Property 16: Confirmed Linking Connects OAuth Provider
02:17 +1080 ~307: /Users/nguyenanhkiet/Playground/grex/test/features/expenses/presentation/pages/expense_details_page_test.dart: ExpenseDetailsPage Widget Tests should dispatch delete event when confirmed
  Skip: TODO(provider-setup): ExpenseDetailsPage reads providers the test does not wire (ProviderNotFoundException). Fix the test harness before re-enabling.
02:17 +1080 ~308: /Users/nguyenanhkiet/Playground/grex/test/features/auth/presentation/bloc/auth_bloc_account_linking_property_test.dart: AuthBloc Account Linking Property Tests Property 16: Confirmed Linking Connects OAuth Provider
02:17 +1080 ~308: /Users/nguyenanhkiet/Playground/grex/test/features/expenses/presentation/pages/expense_details_page_test.dart: ExpenseDetailsPage Widget Tests should show success message and navigate back when deleted
  Skip: TODO(provider-setup): ExpenseDetailsPage reads providers the test does not wire (ProviderNotFoundException). Fix the test harness before re-enabling.
02:17 +1080 ~309: /Users/nguyenanhkiet/Playground/grex/test/features/auth/presentation/bloc/auth_bloc_account_linking_property_test.dart: AuthBloc Account Linking Property Tests Property 16: Confirmed Linking Connects OAuth Provider
02:17 +1080 ~309: /Users/nguyenanhkiet/Playground/grex/test/features/expenses/presentation/pages/expense_details_page_test.dart: ExpenseDetailsPage Widget Tests should show error message when deletion fails
  Skip: TODO(provider-setup): ExpenseDetailsPage reads providers the test does not wire (ProviderNotFoundException). Fix the test harness before re-enabling.
02:17 +1080 ~310: /Users/nguyenanhkiet/Playground/grex/test/features/auth/presentation/bloc/auth_bloc_account_linking_property_test.dart: AuthBloc Account Linking Property Tests Property 16: Confirmed Linking Connects OAuth Provider
02:17 +1080 ~310: /Users/nguyenanhkiet/Playground/grex/test/features/expenses/presentation/pages/expense_details_page_test.dart: ExpenseDetailsPage Widget Tests should refresh expense details on pull to refresh
  Skip: TODO(provider-setup): ExpenseDetailsPage reads providers the test does not wire (ProviderNotFoundException). Fix the test harness before re-enabling.
02:17 +1080 ~311: /Users/nguyenanhkiet/Playground/grex/test/features/auth/presentation/bloc/auth_bloc_account_linking_property_test.dart: AuthBloc Account Linking Property Tests Property 16: Confirmed Linking Connects OAuth Provider
02:17 +1080 ~311: /Users/nguyenanhkiet/Playground/grex/test/features/expenses/presentation/pages/expense_details_page_test.dart: ExpenseDetailsPage Widget Tests should display metadata information
  Skip: TODO(provider-setup): ExpenseDetailsPage reads providers the test does not wire (ProviderNotFoundException). Fix the test harness before re-enabling.
02:17 +1080 ~312: /Users/nguyenanhkiet/Playground/grex/test/features/auth/presentation/bloc/auth_bloc_account_linking_property_test.dart: AuthBloc Account Linking Property Tests Property 16: Confirmed Linking Connects OAuth Provider
02:17 +1080 ~312: /Users/nguyenanhkiet/Playground/grex/test/features/expenses/presentation/pages/expense_details_page_test.dart: ExpenseDetailsPage Widget Tests should display split total for invalid splits
  Skip: TODO(provider-setup): ExpenseDetailsPage reads providers the test does not wire (ProviderNotFoundException). Fix the test harness before re-enabling.
02:17 +1080 ~313: /Users/nguyenanhkiet/Playground/grex/test/features/auth/presentation/bloc/auth_bloc_account_linking_property_test.dart: AuthBloc Account Linking Property Tests Property 16: Confirmed Linking Connects OAuth Provider
02:17 +1080 ~313: /Users/nguyenanhkiet/Playground/grex/test/features/expenses/presentation/pages/expense_details_page_test.dart: ExpenseDetailsPage Widget Tests should load expense details on init
  Skip: TODO(provider-setup): ExpenseDetailsPage reads providers the test does not wire (ProviderNotFoundException). Fix the test harness before re-enabling.
02:17 +1080 ~314: /Users/nguyenanhkiet/Playground/grex/test/features/auth/presentation/bloc/auth_bloc_account_linking_property_test.dart: AuthBloc Account Linking Property Tests Property 16: Confirmed Linking Connects OAuth Provider
02:18 +1080 ~314: /Users/nguyenanhkiet/Playground/grex/test/features/expenses/presentation/pages/create_expense_page_test.dart: CreateExpensePage Widget Tests should display form fields correctly
  Skip: TODO(provider-setup): CreateExpensePage reads GroupBloc/other providers internally that the test does not wire up, throwing ProviderNotFoundException. Re-enable after the test provides every bloc the page reads.
02:18 +1080 ~315: /Users/nguyenanhkiet/Playground/grex/test/features/auth/presentation/bloc/auth_bloc_account_linking_property_test.dart: AuthBloc Account Linking Property Tests Property 16: Confirmed Linking Connects OAuth Provider
02:18 +1080 ~315: /Users/nguyenanhkiet/Playground/grex/test/features/expenses/presentation/pages/create_expense_page_test.dart: CreateExpensePage Widget Tests should show validation error for empty description
  Skip: TODO(provider-setup): CreateExpensePage reads GroupBloc/other providers internally that the test does not wire up, throwing ProviderNotFoundException. Re-enable after the test provides every bloc the page reads.
02:18 +1080 ~316: /Users/nguyenanhkiet/Playground/grex/test/features/auth/presentation/bloc/auth_bloc_account_linking_property_test.dart: AuthBloc Account Linking Property Tests Property 16: Confirmed Linking Connects OAuth Provider
02:18 +1080 ~316: /Users/nguyenanhkiet/Playground/grex/test/features/expenses/presentation/pages/create_expense_page_test.dart: CreateExpensePage Widget Tests should show validation error for invalid amount
  Skip: TODO(provider-setup): CreateExpensePage reads GroupBloc/other providers internally that the test does not wire up, throwing ProviderNotFoundException. Re-enable after the test provides every bloc the page reads.
02:18 +1080 ~317: /Users/nguyenanhkiet/Playground/grex/test/features/auth/presentation/bloc/auth_bloc_account_linking_property_test.dart: AuthBloc Account Linking Property Tests Property 16: Confirmed Linking Connects OAuth Provider
02:18 +1080 ~317: /Users/nguyenanhkiet/Playground/grex/test/features/expenses/presentation/pages/create_expense_page_test.dart: CreateExpensePage Widget Tests should display group members when loaded
  Skip: TODO(provider-setup): CreateExpensePage reads GroupBloc/other providers internally that the test does not wire up, throwing ProviderNotFoundException. Re-enable after the test provides every bloc the page reads.
02:18 +1080 ~318: /Users/nguyenanhkiet/Playground/grex/test/features/auth/presentation/bloc/auth_bloc_account_linking_property_test.dart: AuthBloc Account Linking Property Tests Property 16: Confirmed Linking Connects OAuth Provider
02:18 +1080 ~318: /Users/nguyenanhkiet/Playground/grex/test/features/expenses/presentation/pages/create_expense_page_test.dart: CreateExpensePage Widget Tests should display split method selector
  Skip: TODO(provider-setup): CreateExpensePage reads GroupBloc/other providers internally that the test does not wire up, throwing ProviderNotFoundException. Re-enable after the test provides every bloc the page reads.
02:18 +1080 ~319: /Users/nguyenanhkiet/Playground/grex/test/features/auth/presentation/bloc/auth_bloc_account_linking_property_test.dart: AuthBloc Account Linking Property Tests Property 16: Confirmed Linking Connects OAuth Provider
02:18 +1080 ~319: /Users/nguyenanhkiet/Playground/grex/test/features/expenses/presentation/pages/create_expense_page_test.dart: CreateExpensePage Widget Tests should show participant selection when split method is selected
  Skip: TODO(provider-setup): CreateExpensePage reads GroupBloc/other providers internally that the test does not wire up, throwing ProviderNotFoundException. Re-enable after the test provides every bloc the page reads.
02:18 +1080 ~320: /Users/nguyenanhkiet/Playground/grex/test/features/auth/presentation/bloc/auth_bloc_account_linking_property_test.dart: AuthBloc Account Linking Property Tests Property 16: Confirmed Linking Connects OAuth Provider
02:18 +1080 ~320: /Users/nguyenanhkiet/Playground/grex/test/features/expenses/presentation/pages/create_expense_page_test.dart: CreateExpensePage Widget Tests should show custom split inputs for exact split method
  Skip: TODO(provider-setup): CreateExpensePage reads GroupBloc/other providers internally that the test does not wire up, throwing ProviderNotFoundException. Re-enable after the test provides every bloc the page reads.
02:18 +1080 ~321: /Users/nguyenanhkiet/Playground/grex/test/features/auth/presentation/bloc/auth_bloc_account_linking_property_test.dart: AuthBloc Account Linking Property Tests Property 16: Confirmed Linking Connects OAuth Provider
02:18 +1080 ~321: /Users/nguyenanhkiet/Playground/grex/test/features/expenses/presentation/pages/create_expense_page_test.dart: CreateExpensePage Widget Tests should validate split amounts for exact method
  Skip: TODO(provider-setup): CreateExpensePage reads GroupBloc/other providers internally that the test does not wire up, throwing ProviderNotFoundException. Re-enable after the test provides every bloc the page reads.
02:18 +1080 ~322: /Users/nguyenanhkiet/Playground/grex/test/features/auth/presentation/bloc/auth_bloc_account_linking_property_test.dart: AuthBloc Account Linking Property Tests Property 16: Confirmed Linking Connects OAuth Provider
02:18 +1080 ~322: /Users/nguyenanhkiet/Playground/grex/test/features/expenses/presentation/pages/create_expense_page_test.dart: CreateExpensePage Widget Tests should show percentage inputs for percentage split method
  Skip: TODO(provider-setup): CreateExpensePage reads GroupBloc/other providers internally that the test does not wire up, throwing ProviderNotFoundException. Re-enable after the test provides every bloc the page reads.
02:18 +1080 ~323: /Users/nguyenanhkiet/Playground/grex/test/features/auth/presentation/bloc/auth_bloc_account_linking_property_test.dart: AuthBloc Account Linking Property Tests Property 16: Confirmed Linking Connects OAuth Provider
02:18 +1080 ~323: /Users/nguyenanhkiet/Playground/grex/test/features/expenses/presentation/pages/create_expense_page_test.dart: CreateExpensePage Widget Tests should validate percentage totals
  Skip: TODO(provider-setup): CreateExpensePage reads GroupBloc/other providers internally that the test does not wire up, throwing ProviderNotFoundException. Re-enable after the test provides every bloc the page reads.
02:18 +1080 ~324: /Users/nguyenanhkiet/Playground/grex/test/features/auth/presentation/bloc/auth_bloc_account_linking_property_test.dart: AuthBloc Account Linking Property Tests Property 16: Confirmed Linking Connects OAuth Provider
02:18 +1080 ~324: /Users/nguyenanhkiet/Playground/grex/test/features/expenses/presentation/pages/create_expense_page_test.dart: CreateExpensePage Widget Tests should show date picker when date field is tapped
  Skip: TODO(provider-setup): CreateExpensePage reads GroupBloc/other providers internally that the test does not wire up, throwing ProviderNotFoundException. Re-enable after the test provides every bloc the page reads.
02:18 +1080 ~325: /Users/nguyenanhkiet/Playground/grex/test/features/auth/presentation/bloc/auth_bloc_account_linking_property_test.dart: AuthBloc Account Linking Property Tests Property 16: Confirmed Linking Connects OAuth Provider
02:18 +1080 ~325: /Users/nguyenanhkiet/Playground/grex/test/features/expenses/presentation/pages/create_expense_page_test.dart: CreateExpensePage Widget Tests should submit form with valid data
  Skip: TODO(provider-setup): CreateExpensePage reads GroupBloc/other providers internally that the test does not wire up, throwing ProviderNotFoundException. Re-enable after the test provides every bloc the page reads.
02:18 +1080 ~326: /Users/nguyenanhkiet/Playground/grex/test/features/auth/presentation/bloc/auth_bloc_account_linking_property_test.dart: AuthBloc Account Linking Property Tests Property 16: Confirmed Linking Connects OAuth Provider
02:18 +1080 ~326: /Users/nguyenanhkiet/Playground/grex/test/features/expenses/presentation/pages/create_expense_page_test.dart: CreateExpensePage Widget Tests should show loading state when creating expense
  Skip: TODO(provider-setup): CreateExpensePage reads GroupBloc/other providers internally that the test does not wire up, throwing ProviderNotFoundException. Re-enable after the test provides every bloc the page reads.
02:18 +1080 ~327: /Users/nguyenanhkiet/Playground/grex/test/features/auth/presentation/bloc/auth_bloc_account_linking_property_test.dart: AuthBloc Account Linking Property Tests Property 16: Confirmed Linking Connects OAuth Provider
02:18 +1080 ~327: /Users/nguyenanhkiet/Playground/grex/test/features/expenses/presentation/pages/create_expense_page_test.dart: CreateExpensePage Widget Tests should show error message when creation fails
  Skip: TODO(provider-setup): CreateExpensePage reads GroupBloc/other providers internally that the test does not wire up, throwing ProviderNotFoundException. Re-enable after the test provides every bloc the page reads.
02:18 +1080 ~328: /Users/nguyenanhkiet/Playground/grex/test/features/auth/presentation/bloc/auth_bloc_account_linking_property_test.dart: AuthBloc Account Linking Property Tests Property 16: Confirmed Linking Connects OAuth Provider
02:18 +1080 ~328: /Users/nguyenanhkiet/Playground/grex/test/features/expenses/presentation/pages/create_expense_page_test.dart: CreateExpensePage Widget Tests should require at least one participant
  Skip: TODO(provider-setup): CreateExpensePage reads GroupBloc/other providers internally that the test does not wire up, throwing ProviderNotFoundException. Re-enable after the test provides every bloc the page reads.
02:18 +1080 ~329: /Users/nguyenanhkiet/Playground/grex/test/features/auth/presentation/bloc/auth_bloc_account_linking_property_test.dart: AuthBloc Account Linking Property Tests Property 16: Confirmed Linking Connects OAuth Provider
02:18 +1080 ~329: /Users/nguyenanhkiet/Playground/grex/test/features/expenses/presentation/pages/create_expense_page_test.dart: CreateExpensePage Widget Tests should have proper form styling
  Skip: TODO(provider-setup): CreateExpensePage reads GroupBloc/other providers internally that the test does not wire up, throwing ProviderNotFoundException. Re-enable after the test provides every bloc the page reads.
02:18 +1080 ~330: /Users/nguyenanhkiet/Playground/grex/test/features/auth/presentation/bloc/auth_bloc_account_linking_property_test.dart: AuthBloc Account Linking Property Tests Property 16: Confirmed Linking Connects OAuth Provider
02:18 +1080 ~330: /Users/nguyenanhkiet/Playground/grex/test/features/expenses/presentation/pages/expense_list_page_test.dart: ExpenseListPage Widget Tests should display loading indicator when state is loading
  Skip: TODO(expense-page): assertions in this file (duplicate filter icons, FAB navigation, chronological-order assumption, active-filter indicator) do not match the current ExpenseListPage rendering. Fix each assertion or the page before re-enabling.
02:18 +1080 ~331: /Users/nguyenanhkiet/Playground/grex/test/features/auth/presentation/bloc/auth_bloc_account_linking_property_test.dart: AuthBloc Account Linking Property Tests Property 16: Confirmed Linking Connects OAuth Provider
02:18 +1080 ~331: /Users/nguyenanhkiet/Playground/grex/test/features/expenses/presentation/pages/expense_list_page_test.dart: ExpenseListPage Widget Tests should display empty state when no expenses exist
  Skip: TODO(expense-page): assertions in this file (duplicate filter icons, FAB navigation, chronological-order assumption, active-filter indicator) do not match the current ExpenseListPage rendering. Fix each assertion or the page before re-enabling.
02:18 +1080 ~332: /Users/nguyenanhkiet/Playground/grex/test/features/auth/presentation/bloc/auth_bloc_account_linking_property_test.dart: AuthBloc Account Linking Property Tests Property 16: Confirmed Linking Connects OAuth Provider
02:18 +1080 ~332: /Users/nguyenanhkiet/Playground/grex/test/features/expenses/presentation/pages/expense_list_page_test.dart: ExpenseListPage Widget Tests should display expenses when expenses exist
  Skip: TODO(expense-page): assertions in this file (duplicate filter icons, FAB navigation, chronological-order assumption, active-filter indicator) do not match the current ExpenseListPage rendering. Fix each assertion or the page before re-enabling.
02:18 +1080 ~333: /Users/nguyenanhkiet/Playground/grex/test/features/auth/presentation/bloc/auth_bloc_account_linking_property_test.dart: AuthBloc Account Linking Property Tests Property 16: Confirmed Linking Connects OAuth Provider
02:18 +1080 ~333: /Users/nguyenanhkiet/Playground/grex/test/features/expenses/presentation/pages/expense_list_page_test.dart: ExpenseListPage Widget Tests should display search bar
  Skip: TODO(expense-page): assertions in this file (duplicate filter icons, FAB navigation, chronological-order assumption, active-filter indicator) do not match the current ExpenseListPage rendering. Fix each assertion or the page before re-enabling.
02:18 +1080 ~334: /Users/nguyenanhkiet/Playground/grex/test/features/auth/presentation/bloc/auth_bloc_account_linking_property_test.dart: AuthBloc Account Linking Property Tests Property 16: Confirmed Linking Connects OAuth Provider
02:18 +1080 ~334: /Users/nguyenanhkiet/Playground/grex/test/features/expenses/presentation/pages/expense_list_page_test.dart: ExpenseListPage Widget Tests should show floating action button
  Skip: TODO(expense-page): assertions in this file (duplicate filter icons, FAB navigation, chronological-order assumption, active-filter indicator) do not match the current ExpenseListPage rendering. Fix each assertion or the page before re-enabling.
02:18 +1080 ~335: /Users/nguyenanhkiet/Playground/grex/test/features/auth/presentation/bloc/auth_bloc_account_linking_property_test.dart: AuthBloc Account Linking Property Tests Property 16: Confirmed Linking Connects OAuth Provider
02:18 +1080 ~335: /Users/nguyenanhkiet/Playground/grex/test/features/expenses/presentation/pages/expense_list_page_test.dart: ExpenseListPage Widget Tests should trigger search when search text changes
  Skip: TODO(expense-page): assertions in this file (duplicate filter icons, FAB navigation, chronological-order assumption, active-filter indicator) do not match the current ExpenseListPage rendering. Fix each assertion or the page before re-enabling.
02:18 +1080 ~336: /Users/nguyenanhkiet/Playground/grex/test/features/auth/presentation/bloc/auth_bloc_account_linking_property_test.dart: AuthBloc Account Linking Property Tests Property 16: Confirmed Linking Connects OAuth Provider
02:18 +1080 ~336: /Users/nguyenanhkiet/Playground/grex/test/features/expenses/presentation/pages/expense_list_page_test.dart: ExpenseListPage Widget Tests should show filter button and handle filter tap
  Skip: TODO(expense-page): assertions in this file (duplicate filter icons, FAB navigation, chronological-order assumption, active-filter indicator) do not match the current ExpenseListPage rendering. Fix each assertion or the page before re-enabling.
02:18 +1080 ~337: /Users/nguyenanhkiet/Playground/grex/test/features/auth/presentation/bloc/auth_bloc_account_linking_property_test.dart: AuthBloc Account Linking Property Tests Property 16: Confirmed Linking Connects OAuth Provider
02:18 +1080 ~337: /Users/nguyenanhkiet/Playground/grex/test/features/expenses/presentation/pages/expense_list_page_test.dart: ExpenseListPage Widget Tests should trigger refresh when pull to refresh
  Skip: TODO(expense-page): assertions in this file (duplicate filter icons, FAB navigation, chronological-order assumption, active-filter indicator) do not match the current ExpenseListPage rendering. Fix each assertion or the page before re-enabling.
02:18 +1080 ~338: /Users/nguyenanhkiet/Playground/grex/test/features/auth/presentation/bloc/auth_bloc_account_linking_property_test.dart: AuthBloc Account Linking Property Tests Property 16: Confirmed Linking Connects OAuth Provider
02:18 +1080 ~338: /Users/nguyenanhkiet/Playground/grex/test/features/expenses/presentation/pages/expense_list_page_test.dart: ExpenseListPage Widget Tests should display error message when error occurs
  Skip: TODO(expense-page): assertions in this file (duplicate filter icons, FAB navigation, chronological-order assumption, active-filter indicator) do not match the current ExpenseListPage rendering. Fix each assertion or the page before re-enabling.
02:18 +1080 ~339: /Users/nguyenanhkiet/Playground/grex/test/features/auth/presentation/bloc/auth_bloc_account_linking_property_test.dart: AuthBloc Account Linking Property Tests Property 16: Confirmed Linking Connects OAuth Provider
02:18 +1080 ~339: /Users/nguyenanhkiet/Playground/grex/test/features/expenses/presentation/pages/expense_list_page_test.dart: ExpenseListPage Widget Tests should navigate to expense details when expense is tapped
  Skip: TODO(expense-page): assertions in this file (duplicate filter icons, FAB navigation, chronological-order assumption, active-filter indicator) do not match the current ExpenseListPage rendering. Fix each assertion or the page before re-enabling.
02:18 +1080 ~340: /Users/nguyenanhkiet/Playground/grex/test/features/auth/presentation/bloc/auth_bloc_account_linking_property_test.dart: AuthBloc Account Linking Property Tests Property 16: Confirmed Linking Connects OAuth Provider
02:18 +1080 ~340: /Users/nguyenanhkiet/Playground/grex/test/features/expenses/presentation/pages/expense_list_page_test.dart: ExpenseListPage Widget Tests should navigate to create expense when FAB is tapped
  Skip: TODO(expense-page): assertions in this file (duplicate filter icons, FAB navigation, chronological-order assumption, active-filter indicator) do not match the current ExpenseListPage rendering. Fix each assertion or the page before re-enabling.
02:18 +1080 ~341: /Users/nguyenanhkiet/Playground/grex/test/features/auth/presentation/bloc/auth_bloc_account_linking_property_test.dart: AuthBloc Account Linking Property Tests Property 16: Confirmed Linking Connects OAuth Provider
02:18 +1080 ~341: /Users/nguyenanhkiet/Playground/grex/test/features/expenses/presentation/pages/expense_list_page_test.dart: ExpenseListPage Widget Tests should display expenses in chronological order
  Skip: TODO(expense-page): assertions in this file (duplicate filter icons, FAB navigation, chronological-order assumption, active-filter indicator) do not match the current ExpenseListPage rendering. Fix each assertion or the page before re-enabling.
02:18 +1080 ~342: /Users/nguyenanhkiet/Playground/grex/test/features/auth/presentation/bloc/auth_bloc_account_linking_property_test.dart: AuthBloc Account Linking Property Tests Property 16: Confirmed Linking Connects OAuth Provider
02:18 +1080 ~342: /Users/nguyenanhkiet/Playground/grex/test/features/expenses/presentation/pages/expense_list_page_test.dart: ExpenseListPage Widget Tests should display filtered results correctly
  Skip: TODO(expense-page): assertions in this file (duplicate filter icons, FAB navigation, chronological-order assumption, active-filter indicator) do not match the current ExpenseListPage rendering. Fix each assertion or the page before re-enabling.
02:18 +1080 ~343: /Users/nguyenanhkiet/Playground/grex/test/features/auth/presentation/bloc/auth_bloc_account_linking_property_test.dart: AuthBloc Account Linking Property Tests Property 16: Confirmed Linking Connects OAuth Provider
02:18 +1080 ~343: /Users/nguyenanhkiet/Playground/grex/test/features/expenses/presentation/pages/expense_list_page_test.dart: ExpenseListPage Widget Tests should show active filter indicator when filters are applied
  Skip: TODO(expense-page): assertions in this file (duplicate filter icons, FAB navigation, chronological-order assumption, active-filter indicator) do not match the current ExpenseListPage rendering. Fix each assertion or the page before re-enabling.
02:18 +1080 ~344: /Users/nguyenanhkiet/Playground/grex/test/features/auth/presentation/bloc/auth_bloc_account_linking_property_test.dart: AuthBloc Account Linking Property Tests Property 16: Confirmed Linking Connects OAuth Provider
02:18 +1080 ~344: /Users/nguyenanhkiet/Playground/grex/test/features/expenses/presentation/pages/expense_list_page_test.dart: ExpenseListPage Widget Tests should handle empty search results
  Skip: TODO(expense-page): assertions in this file (duplicate filter icons, FAB navigation, chronological-order assumption, active-filter indicator) do not match the current ExpenseListPage rendering. Fix each assertion or the page before re-enabling.
02:18 +1080 ~345: /Users/nguyenanhkiet/Playground/grex/test/features/auth/presentation/bloc/auth_bloc_account_linking_property_test.dart: AuthBloc Account Linking Property Tests Property 16: Confirmed Linking Connects OAuth Provider
02:20 +1080 ~345: /Users/nguyenanhkiet/Playground/grex/test/features/expenses/presentation/widgets/split_method_selector_test.dart: SplitMethodSelector Widget Tests should display all split method options
  Skip: TODO(widget-asserts): 3 tests in this file assert split-method arrangements that do not match the current widget. Fix each assertion before re-enabling.
02:20 +1080 ~346: /Users/nguyenanhkiet/Playground/grex/test/features/auth/presentation/bloc/auth_bloc_account_linking_property_test.dart: AuthBloc Account Linking Property Tests Property 16: Confirmed Linking Connects OAuth Provider
02:20 +1080 ~346: /Users/nguyenanhkiet/Playground/grex/test/features/expenses/presentation/widgets/split_method_selector_test.dart: SplitMethodSelector Widget Tests should show equal split as selected by default
  Skip: TODO(widget-asserts): 3 tests in this file assert split-method arrangements that do not match the current widget. Fix each assertion before re-enabling.
02:20 +1080 ~347: /Users/nguyenanhkiet/Playground/grex/test/features/auth/presentation/bloc/auth_bloc_account_linking_property_test.dart: AuthBloc Account Linking Property Tests Property 16: Confirmed Linking Connects OAuth Provider
02:20 +1080 ~347: /Users/nguyenanhkiet/Playground/grex/test/features/expenses/presentation/widgets/split_method_selector_test.dart: SplitMethodSelector Widget Tests should call onMethodChanged when selection changes
  Skip: TODO(widget-asserts): 3 tests in this file assert split-method arrangements that do not match the current widget. Fix each assertion before re-enabling.
02:20 +1080 ~348: /Users/nguyenanhkiet/Playground/grex/test/features/auth/presentation/bloc/auth_bloc_account_linking_property_test.dart: AuthBloc Account Linking Property Tests Property 16: Confirmed Linking Connects OAuth Provider
02:20 +1080 ~348: /Users/nguyenanhkiet/Playground/grex/test/features/expenses/presentation/widgets/split_method_selector_test.dart: SplitMethodSelector Widget Tests should display descriptions for each method
  Skip: TODO(widget-asserts): 3 tests in this file assert split-method arrangements that do not match the current widget. Fix each assertion before re-enabling.
02:20 +1080 ~349: /Users/nguyenanhkiet/Playground/grex/test/features/auth/presentation/bloc/auth_bloc_account_linking_property_test.dart: AuthBloc Account Linking Property Tests Property 16: Confirmed Linking Connects OAuth Provider
02:20 +1080 ~349: /Users/nguyenanhkiet/Playground/grex/test/features/expenses/presentation/widgets/split_method_selector_test.dart: SplitMethodSelector Widget Tests should display icons for each method
  Skip: TODO(widget-asserts): 3 tests in this file assert split-method arrangements that do not match the current widget. Fix each assertion before re-enabling.
02:20 +1080 ~350: /Users/nguyenanhkiet/Playground/grex/test/features/auth/presentation/bloc/auth_bloc_account_linking_property_test.dart: AuthBloc Account Linking Property Tests Property 16: Confirmed Linking Connects OAuth Provider
02:20 +1080 ~350: /Users/nguyenanhkiet/Playground/grex/test/features/expenses/presentation/widgets/split_method_selector_test.dart: SplitMethodSelector Widget Tests should update selection when selectedMethod prop changes
  Skip: TODO(widget-asserts): 3 tests in this file assert split-method arrangements that do not match the current widget. Fix each assertion before re-enabling.
02:20 +1080 ~351: /Users/nguyenanhkiet/Playground/grex/test/features/auth/presentation/bloc/auth_bloc_account_linking_property_test.dart: AuthBloc Account Linking Property Tests Property 16: Confirmed Linking Connects OAuth Provider
02:20 +1080 ~351: /Users/nguyenanhkiet/Playground/grex/test/features/expenses/presentation/widgets/split_method_selector_test.dart: SplitMethodSelector Widget Tests should have proper styling for radio tiles
  Skip: TODO(widget-asserts): 3 tests in this file assert split-method arrangements that do not match the current widget. Fix each assertion before re-enabling.
02:20 +1080 ~352: /Users/nguyenanhkiet/Playground/grex/test/features/auth/presentation/bloc/auth_bloc_account_linking_property_test.dart: AuthBloc Account Linking Property Tests Property 16: Confirmed Linking Connects OAuth Provider
02:20 +1080 ~352: /Users/nguyenanhkiet/Playground/grex/test/features/expenses/presentation/widgets/split_method_selector_test.dart: SplitMethodSelector Widget Tests should handle all split method values
  Skip: TODO(widget-asserts): 3 tests in this file assert split-method arrangements that do not match the current widget. Fix each assertion before re-enabling.
02:20 +1080 ~353: /Users/nguyenanhkiet/Playground/grex/test/features/auth/presentation/bloc/auth_bloc_account_linking_property_test.dart: AuthBloc Account Linking Property Tests Property 16: Confirmed Linking Connects OAuth Provider
02:20 +1080 ~353: /Users/nguyenanhkiet/Playground/grex/test/features/expenses/presentation/widgets/split_method_selector_test.dart: SplitMethodSelector Widget Tests should be scrollable when content overflows
  Skip: TODO(widget-asserts): 3 tests in this file assert split-method arrangements that do not match the current widget. Fix each assertion before re-enabling.
02:20 +1080 ~354: /Users/nguyenanhkiet/Playground/grex/test/features/auth/presentation/bloc/auth_bloc_account_linking_property_test.dart: AuthBloc Account Linking Property Tests Property 16: Confirmed Linking Connects OAuth Provider
02:20 +1080 ~354: /Users/nguyenanhkiet/Playground/grex/test/features/expenses/presentation/widgets/split_method_selector_test.dart: SplitMethodSelector Widget Tests should maintain selection state correctly
  Skip: TODO(widget-asserts): 3 tests in this file assert split-method arrangements that do not match the current widget. Fix each assertion before re-enabling.
02:20 +1080 ~355: /Users/nguyenanhkiet/Playground/grex/test/features/auth/presentation/bloc/auth_bloc_account_linking_property_test.dart: AuthBloc Account Linking Property Tests Property 16: Confirmed Linking Connects OAuth Provider
02:21 +1081 ~355: /Users/nguyenanhkiet/Playground/grex/test/features/auth/presentation/bloc/auth_bloc_account_linking_property_test.dart: AuthBloc Account Linking Property Tests Property 16: Confirmed Linking Connects OAuth Provider
02:21 +1082 ~355: /Users/nguyenanhkiet/Playground/grex/test/features/auth/presentation/bloc/auth_bloc_account_linking_property_test.dart: AuthBloc Account Linking Property Tests Property 16: Confirmed Linking Connects OAuth Provider
02:21 +1083 ~355: /Users/nguyenanhkiet/Playground/grex/test/features/auth/presentation/bloc/auth_bloc_account_linking_property_test.dart: AuthBloc Account Linking Property Tests Property 16: Confirmed Linking Connects OAuth Provider
02:21 +1084 ~355: /Users/nguyenanhkiet/Playground/grex/test/features/auth/presentation/bloc/auth_bloc_account_linking_property_test.dart: AuthBloc Account Linking Property Tests Property 16: Confirmed Linking Connects OAuth Provider
02:21 +1085 ~355: /Users/nguyenanhkiet/Playground/grex/test/features/auth/presentation/bloc/auth_bloc_account_linking_property_test.dart: AuthBloc Account Linking Property Tests Property 16: Confirmed Linking Connects OAuth Provider
02:21 +1086 ~355: /Users/nguyenanhkiet/Playground/grex/test/features/auth/presentation/bloc/auth_bloc_account_linking_property_test.dart: AuthBloc Account Linking Property Tests Property 16: Confirmed Linking Connects OAuth Provider
02:21 +1087 ~355: /Users/nguyenanhkiet/Playground/grex/test/features/auth/presentation/bloc/auth_bloc_account_linking_property_test.dart: AuthBloc Account Linking Property Tests Property 16: Confirmed Linking Connects OAuth Provider
02:21 +1087 ~355: /Users/nguyenanhkiet/Playground/grex/test/features/expenses/presentation/widgets/expense_filter_sheet_test.dart: ExpenseFilterSheet Widget Tests should display filter sheet with header and sections
  Skip: TODO(widget-asserts): 2 tests in this file assert specific text/widget arrangements that do not match the current ExpenseFilterSheet. Fix each assertion before re-enabling.
02:21 +1087 ~356: /Users/nguyenanhkiet/Playground/grex/test/features/auth/presentation/bloc/auth_bloc_account_linking_property_test.dart: AuthBloc Account Linking Property Tests Property 16: Confirmed Linking Connects OAuth Provider
02:21 +1087 ~356: /Users/nguyenanhkiet/Playground/grex/test/features/expenses/presentation/widgets/expense_filter_sheet_test.dart: ExpenseFilterSheet Widget Tests should display handle bar for draggable sheet
  Skip: TODO(widget-asserts): 2 tests in this file assert specific text/widget arrangements that do not match the current ExpenseFilterSheet. Fix each assertion before re-enabling.
02:21 +1087 ~357: /Users/nguyenanhkiet/Playground/grex/test/features/auth/presentation/bloc/auth_bloc_account_linking_property_test.dart: AuthBloc Account Linking Property Tests Property 16: Confirmed Linking Connects OAuth Provider
02:21 +1087 ~357: /Users/nguyenanhkiet/Playground/grex/test/features/expenses/presentation/widgets/expense_filter_sheet_test.dart: ExpenseFilterSheet Widget Tests should display date range fields
  Skip: TODO(widget-asserts): 2 tests in this file assert specific text/widget arrangements that do not match the current ExpenseFilterSheet. Fix each assertion before re-enabling.
02:21 +1087 ~358: /Users/nguyenanhkiet/Playground/grex/test/features/auth/presentation/bloc/auth_bloc_account_linking_property_test.dart: AuthBloc Account Linking Property Tests Property 16: Confirmed Linking Connects OAuth Provider
02:21 +1087 ~358: /Users/nguyenanhkiet/Playground/grex/test/features/expenses/presentation/widgets/expense_filter_sheet_test.dart: ExpenseFilterSheet Widget Tests should display pre-filled date values
  Skip: TODO(widget-asserts): 2 tests in this file assert specific text/widget arrangements that do not match the current ExpenseFilterSheet. Fix each assertion before re-enabling.
02:21 +1087 ~359: /Users/nguyenanhkiet/Playground/grex/test/features/auth/presentation/bloc/auth_bloc_account_linking_property_test.dart: AuthBloc Account Linking Property Tests Property 16: Confirmed Linking Connects OAuth Provider
02:21 +1087 ~359: /Users/nguyenanhkiet/Playground/grex/test/features/expenses/presentation/widgets/expense_filter_sheet_test.dart: ExpenseFilterSheet Widget Tests should clear date when clear button is tapped
  Skip: TODO(widget-asserts): 2 tests in this file assert specific text/widget arrangements that do not match the current ExpenseFilterSheet. Fix each assertion before re-enabling.
02:21 +1087 ~360: /Users/nguyenanhkiet/Playground/grex/test/features/auth/presentation/bloc/auth_bloc_account_linking_property_test.dart: AuthBloc Account Linking Property Tests Property 16: Confirmed Linking Connects OAuth Provider
02:21 +1087 ~360: /Users/nguyenanhkiet/Playground/grex/test/features/expenses/presentation/widgets/expense_filter_sheet_test.dart: ExpenseFilterSheet Widget Tests should open date picker when date field is tapped
  Skip: TODO(widget-asserts): 2 tests in this file assert specific text/widget arrangements that do not match the current ExpenseFilterSheet. Fix each assertion before re-enabling.
02:21 +1087 ~361: /Users/nguyenanhkiet/Playground/grex/test/features/auth/presentation/bloc/auth_bloc_account_linking_property_test.dart: AuthBloc Account Linking Property Tests Property 16: Confirmed Linking Connects OAuth Provider
02:21 +1087 ~361: /Users/nguyenanhkiet/Playground/grex/test/features/expenses/presentation/widgets/expense_filter_sheet_test.dart: ExpenseFilterSheet Widget Tests should display amount range fields with currency
  Skip: TODO(widget-asserts): 2 tests in this file assert specific text/widget arrangements that do not match the current ExpenseFilterSheet. Fix each assertion before re-enabling.
02:21 +1087 ~362: /Users/nguyenanhkiet/Playground/grex/test/features/auth/presentation/bloc/auth_bloc_account_linking_property_test.dart: AuthBloc Account Linking Property Tests Property 16: Confirmed Linking Connects OAuth Provider
02:21 +1087 ~362: /Users/nguyenanhkiet/Playground/grex/test/features/expenses/presentation/widgets/expense_filter_sheet_test.dart: ExpenseFilterSheet Widget Tests should display pre-filled amount values
  Skip: TODO(widget-asserts): 2 tests in this file assert specific text/widget arrangements that do not match the current ExpenseFilterSheet. Fix each assertion before re-enabling.
02:21 +1087 ~363: /Users/nguyenanhkiet/Playground/grex/test/features/auth/presentation/bloc/auth_bloc_account_linking_property_test.dart: AuthBloc Account Linking Property Tests Property 16: Confirmed Linking Connects OAuth Provider
02:21 +1087 ~363: /Users/nguyenanhkiet/Playground/grex/test/features/expenses/presentation/widgets/expense_filter_sheet_test.dart: ExpenseFilterSheet Widget Tests should display sort criteria options
  Skip: TODO(widget-asserts): 2 tests in this file assert specific text/widget arrangements that do not match the current ExpenseFilterSheet. Fix each assertion before re-enabling.
02:21 +1087 ~364: /Users/nguyenanhkiet/Playground/grex/test/features/auth/presentation/bloc/auth_bloc_account_linking_property_test.dart: AuthBloc Account Linking Property Tests Property 16: Confirmed Linking Connects OAuth Provider
02:21 +1087 ~364: /Users/nguyenanhkiet/Playground/grex/test/features/expenses/presentation/widgets/expense_filter_sheet_test.dart: ExpenseFilterSheet Widget Tests should display selected sort criteria
  Skip: TODO(widget-asserts): 2 tests in this file assert specific text/widget arrangements that do not match the current ExpenseFilterSheet. Fix each assertion before re-enabling.
02:21 +1087 ~365: /Users/nguyenanhkiet/Playground/grex/test/features/auth/presentation/bloc/auth_bloc_account_linking_property_test.dart: AuthBloc Account Linking Property Tests Property 16: Confirmed Linking Connects OAuth Provider
02:21 +1087 ~365: /Users/nguyenanhkiet/Playground/grex/test/features/expenses/presentation/widgets/expense_filter_sheet_test.dart: ExpenseFilterSheet Widget Tests should display sort order switch
  Skip: TODO(widget-asserts): 2 tests in this file assert specific text/widget arrangements that do not match the current ExpenseFilterSheet. Fix each assertion before re-enabling.
02:21 +1087 ~366: /Users/nguyenanhkiet/Playground/grex/test/features/auth/presentation/bloc/auth_bloc_account_linking_property_test.dart: AuthBloc Account Linking Property Tests Property 16: Confirmed Linking Connects OAuth Provider
02:21 +1087 ~366: /Users/nguyenanhkiet/Playground/grex/test/features/expenses/presentation/widgets/expense_filter_sheet_test.dart: ExpenseFilterSheet Widget Tests should display descending order text when sort is descending
  Skip: TODO(widget-asserts): 2 tests in this file assert specific text/widget arrangements that do not match the current ExpenseFilterSheet. Fix each assertion before re-enabling.
02:21 +1087 ~367: /Users/nguyenanhkiet/Playground/grex/test/features/auth/presentation/bloc/auth_bloc_account_linking_property_test.dart: AuthBloc Account Linking Property Tests Property 16: Confirmed Linking Connects OAuth Provider
02:21 +1087 ~367: /Users/nguyenanhkiet/Playground/grex/test/features/expenses/presentation/widgets/expense_filter_sheet_test.dart: ExpenseFilterSheet Widget Tests should display action buttons
  Skip: TODO(widget-asserts): 2 tests in this file assert specific text/widget arrangements that do not match the current ExpenseFilterSheet. Fix each assertion before re-enabling.
02:21 +1087 ~368: /Users/nguyenanhkiet/Playground/grex/test/features/auth/presentation/bloc/auth_bloc_account_linking_property_test.dart: AuthBloc Account Linking Property Tests Property 16: Confirmed Linking Connects OAuth Provider
02:21 +1087 ~368: /Users/nguyenanhkiet/Playground/grex/test/features/expenses/presentation/widgets/expense_filter_sheet_test.dart: ExpenseFilterSheet Widget Tests should close sheet when cancel is tapped
  Skip: TODO(widget-asserts): 2 tests in this file assert specific text/widget arrangements that do not match the current ExpenseFilterSheet. Fix each assertion before re-enabling.
02:21 +1087 ~369: /Users/nguyenanhkiet/Playground/grex/test/features/auth/presentation/bloc/auth_bloc_account_linking_property_test.dart: AuthBloc Account Linking Property Tests Property 16: Confirmed Linking Connects OAuth Provider
02:21 +1087 ~369: /Users/nguyenanhkiet/Playground/grex/test/features/expenses/presentation/widgets/expense_filter_sheet_test.dart: ExpenseFilterSheet Widget Tests should clear all filters when Clear All is tapped
  Skip: TODO(widget-asserts): 2 tests in this file assert specific text/widget arrangements that do not match the current ExpenseFilterSheet. Fix each assertion before re-enabling.
02:21 +1087 ~370: /Users/nguyenanhkiet/Playground/grex/test/features/auth/presentation/bloc/auth_bloc_account_linking_property_test.dart: AuthBloc Account Linking Property Tests Property 16: Confirmed Linking Connects OAuth Provider
02:21 +1087 ~370: /Users/nguyenanhkiet/Playground/grex/test/features/expenses/presentation/widgets/expense_filter_sheet_test.dart: ExpenseFilterSheet Widget Tests should update amount fields when text is entered
  Skip: TODO(widget-asserts): 2 tests in this file assert specific text/widget arrangements that do not match the current ExpenseFilterSheet. Fix each assertion before re-enabling.
02:21 +1087 ~371: /Users/nguyenanhkiet/Playground/grex/test/features/auth/presentation/bloc/auth_bloc_account_linking_property_test.dart: AuthBloc Account Linking Property Tests Property 16: Confirmed Linking Connects OAuth Provider
02:21 +1087 ~371: /Users/nguyenanhkiet/Playground/grex/test/features/expenses/presentation/widgets/expense_filter_sheet_test.dart: ExpenseFilterSheet Widget Tests should update sort criteria when radio button is selected
  Skip: TODO(widget-asserts): 2 tests in this file assert specific text/widget arrangements that do not match the current ExpenseFilterSheet. Fix each assertion before re-enabling.
02:21 +1087 ~372: /Users/nguyenanhkiet/Playground/grex/test/features/auth/presentation/bloc/auth_bloc_account_linking_property_test.dart: AuthBloc Account Linking Property Tests Property 16: Confirmed Linking Connects OAuth Provider
02:21 +1087 ~372: /Users/nguyenanhkiet/Playground/grex/test/features/expenses/presentation/widgets/expense_filter_sheet_test.dart: ExpenseFilterSheet Widget Tests should toggle sort order when switch is tapped
  Skip: TODO(widget-asserts): 2 tests in this file assert specific text/widget arrangements that do not match the current ExpenseFilterSheet. Fix each assertion before re-enabling.
02:21 +1087 ~373: /Users/nguyenanhkiet/Playground/grex/test/features/auth/presentation/bloc/auth_bloc_account_linking_property_test.dart: AuthBloc Account Linking Property Tests Property 16: Confirmed Linking Connects OAuth Provider
02:21 +1087 ~373: /Users/nguyenanhkiet/Playground/grex/test/features/expenses/presentation/widgets/expense_filter_sheet_test.dart: ExpenseFilterSheet Widget Tests should validate date range when applying filters
  Skip: TODO(widget-asserts): 2 tests in this file assert specific text/widget arrangements that do not match the current ExpenseFilterSheet. Fix each assertion before re-enabling.
02:21 +1087 ~374: /Users/nguyenanhkiet/Playground/grex/test/features/auth/presentation/bloc/auth_bloc_account_linking_property_test.dart: AuthBloc Account Linking Property Tests Property 16: Confirmed Linking Connects OAuth Provider
02:21 +1087 ~374: /Users/nguyenanhkiet/Playground/grex/test/features/expenses/presentation/widgets/expense_filter_sheet_test.dart: ExpenseFilterSheet Widget Tests should show validation error for invalid amount range
  Skip: TODO(widget-asserts): 2 tests in this file assert specific text/widget arrangements that do not match the current ExpenseFilterSheet. Fix each assertion before re-enabling.
02:21 +1087 ~375: /Users/nguyenanhkiet/Playground/grex/test/features/auth/presentation/bloc/auth_bloc_account_linking_property_test.dart: AuthBloc Account Linking Property Tests Property 16: Confirmed Linking Connects OAuth Provider
02:21 +1087 ~375: /Users/nguyenanhkiet/Playground/grex/test/features/expenses/presentation/widgets/expense_filter_sheet_test.dart: ExpenseFilterSheet Widget Tests should return filter data when apply is tapped with valid data
  Skip: TODO(widget-asserts): 2 tests in this file assert specific text/widget arrangements that do not match the current ExpenseFilterSheet. Fix each assertion before re-enabling.
02:21 +1087 ~376: /Users/nguyenanhkiet/Playground/grex/test/features/auth/presentation/bloc/auth_bloc_account_linking_property_test.dart: AuthBloc Account Linking Property Tests Property 16: Confirmed Linking Connects OAuth Provider
02:21 +1087 ~376: /Users/nguyenanhkiet/Playground/grex/test/features/expenses/presentation/widgets/expense_filter_sheet_test.dart: ExpenseFilterSheet Widget Tests should handle different currencies correctly
  Skip: TODO(widget-asserts): 2 tests in this file assert specific text/widget arrangements that do not match the current ExpenseFilterSheet. Fix each assertion before re-enabling.
02:21 +1087 ~377: /Users/nguyenanhkiet/Playground/grex/test/features/auth/presentation/bloc/auth_bloc_account_linking_property_test.dart: AuthBloc Account Linking Property Tests Property 16: Confirmed Linking Connects OAuth Provider
02:21 +1087 ~377: /Users/nguyenanhkiet/Playground/grex/test/features/expenses/presentation/widgets/expense_filter_sheet_test.dart: ExpenseFilterSheet Widget Tests should display scrollable content
  Skip: TODO(widget-asserts): 2 tests in this file assert specific text/widget arrangements that do not match the current ExpenseFilterSheet. Fix each assertion before re-enabling.
02:21 +1087 ~378: /Users/nguyenanhkiet/Playground/grex/test/features/auth/presentation/bloc/auth_bloc_account_linking_property_test.dart: AuthBloc Account Linking Property Tests Property 16: Confirmed Linking Connects OAuth Provider
02:21 +1087 ~378: /Users/nguyenanhkiet/Playground/grex/test/features/expenses/presentation/widgets/expense_filter_sheet_test.dart: ExpenseFilterSheet Widget Tests should maintain state when scrolling
  Skip: TODO(widget-asserts): 2 tests in this file assert specific text/widget arrangements that do not match the current ExpenseFilterSheet. Fix each assertion before re-enabling.
02:21 +1087 ~379: /Users/nguyenanhkiet/Playground/grex/test/features/auth/presentation/bloc/auth_bloc_account_linking_property_test.dart: AuthBloc Account Linking Property Tests Property 16: Confirmed Linking Connects OAuth Provider
02:21 +1087 ~379: /Users/nguyenanhkiet/Playground/grex/test/features/expenses/presentation/widgets/expense_filter_sheet_test.dart: ExpenseFilterSheet Widget Tests should handle edge case with no filters applied
  Skip: TODO(widget-asserts): 2 tests in this file assert specific text/widget arrangements that do not match the current ExpenseFilterSheet. Fix each assertion before re-enabling.
02:21 +1087 ~380: /Users/nguyenanhkiet/Playground/grex/test/features/auth/presentation/bloc/auth_bloc_account_linking_property_test.dart: AuthBloc Account Linking Property Tests Property 16: Confirmed Linking Connects OAuth Provider
02:21 +1087 ~380: /Users/nguyenanhkiet/Playground/grex/test/features/expenses/presentation/widgets/expense_filter_sheet_test.dart: ExpenseFilterSheet Widget Tests should display proper section headers
  Skip: TODO(widget-asserts): 2 tests in this file assert specific text/widget arrangements that do not match the current ExpenseFilterSheet. Fix each assertion before re-enabling.
02:21 +1087 ~381: /Users/nguyenanhkiet/Playground/grex/test/features/auth/presentation/bloc/auth_bloc_account_linking_property_test.dart: AuthBloc Account Linking Property Tests Property 16: Confirmed Linking Connects OAuth Provider
02:21 +1088 ~381: /Users/nguyenanhkiet/Playground/grex/test/features/auth/presentation/bloc/auth_bloc_account_linking_property_test.dart: AuthBloc Account Linking Property Tests Property 16: Confirmed Linking Connects OAuth Provider
02:21 +1089 ~381: /Users/nguyenanhkiet/Playground/grex/test/features/auth/presentation/bloc/auth_bloc_account_linking_property_test.dart: AuthBloc Account Linking Property Tests Property 16: Confirmed Linking Connects OAuth Provider
02:21 +1090 ~381: /Users/nguyenanhkiet/Playground/grex/test/features/auth/presentation/bloc/auth_bloc_account_linking_property_test.dart: AuthBloc Account Linking Property Tests Property 16: Confirmed Linking Connects OAuth Provider
02:21 +1091 ~381: /Users/nguyenanhkiet/Playground/grex/test/features/auth/presentation/bloc/auth_bloc_account_linking_property_test.dart: AuthBloc Account Linking Property Tests Property 16: Confirmed Linking Connects OAuth Provider
02:21 +1092 ~381: /Users/nguyenanhkiet/Playground/grex/test/features/auth/presentation/bloc/auth_bloc_account_linking_property_test.dart: AuthBloc Account Linking Property Tests Property 16: Confirmed Linking Connects OAuth Provider
02:22 +1092 ~381: /Users/nguyenanhkiet/Playground/grex/test/features/expenses/presentation/widgets/participant_selection_widget_test.dart: ParticipantSelectionWidget Widget Tests should display empty state when no members
  Skip: TODO(widget-asserts): 2 tests assert participant-selection text that does not match the current widget. Fix each before re-enabling.
02:22 +1092 ~382: /Users/nguyenanhkiet/Playground/grex/test/features/auth/presentation/bloc/auth_bloc_account_linking_property_test.dart: AuthBloc Account Linking Property Tests Property 16: Confirmed Linking Connects OAuth Provider
02:22 +1092 ~382: /Users/nguyenanhkiet/Playground/grex/test/features/expenses/presentation/widgets/participant_selection_widget_test.dart: ParticipantSelectionWidget Widget Tests should display all group members
  Skip: TODO(widget-asserts): 2 tests assert participant-selection text that does not match the current widget. Fix each before re-enabling.
02:22 +1092 ~383: /Users/nguyenanhkiet/Playground/grex/test/features/auth/presentation/bloc/auth_bloc_account_linking_property_test.dart: AuthBloc Account Linking Property Tests Property 16: Confirmed Linking Connects OAuth Provider
02:22 +1092 ~383: /Users/nguyenanhkiet/Playground/grex/test/features/expenses/presentation/widgets/participant_selection_widget_test.dart: ParticipantSelectionWidget Widget Tests should display member roles
  Skip: TODO(widget-asserts): 2 tests assert participant-selection text that does not match the current widget. Fix each before re-enabling.
02:22 +1092 ~384: /Users/nguyenanhkiet/Playground/grex/test/features/auth/presentation/bloc/auth_bloc_account_linking_property_test.dart: AuthBloc Account Linking Property Tests Property 16: Confirmed Linking Connects OAuth Provider
02:22 +1092 ~384: /Users/nguyenanhkiet/Playground/grex/test/features/expenses/presentation/widgets/participant_selection_widget_test.dart: ParticipantSelectionWidget Widget Tests should display member avatars with initials
  Skip: TODO(widget-asserts): 2 tests assert participant-selection text that does not match the current widget. Fix each before re-enabling.
02:22 +1092 ~385: /Users/nguyenanhkiet/Playground/grex/test/features/auth/presentation/bloc/auth_bloc_account_linking_property_test.dart: AuthBloc Account Linking Property Tests Property 16: Confirmed Linking Connects OAuth Provider
02:22 +1092 ~385: /Users/nguyenanhkiet/Playground/grex/test/features/expenses/presentation/widgets/participant_selection_widget_test.dart: ParticipantSelectionWidget Widget Tests should display selection count
  Skip: TODO(widget-asserts): 2 tests assert participant-selection text that does not match the current widget. Fix each before re-enabling.
02:22 +1092 ~386: /Users/nguyenanhkiet/Playground/grex/test/features/auth/presentation/bloc/auth_bloc_account_linking_property_test.dart: AuthBloc Account Linking Property Tests Property 16: Confirmed Linking Connects OAuth Provider
02:22 +1092 ~386: /Users/nguyenanhkiet/Playground/grex/test/features/expenses/presentation/widgets/participant_selection_widget_test.dart: ParticipantSelectionWidget Widget Tests should display Select All and Select None buttons
  Skip: TODO(widget-asserts): 2 tests assert participant-selection text that does not match the current widget. Fix each before re-enabling.
02:22 +1092 ~387: /Users/nguyenanhkiet/Playground/grex/test/features/auth/presentation/bloc/auth_bloc_account_linking_property_test.dart: AuthBloc Account Linking Property Tests Property 16: Confirmed Linking Connects OAuth Provider
02:22 +1092 ~387: /Users/nguyenanhkiet/Playground/grex/test/features/expenses/presentation/widgets/participant_selection_widget_test.dart: ParticipantSelectionWidget Widget Tests should show correct checkbox states
  Skip: TODO(widget-asserts): 2 tests assert participant-selection text that does not match the current widget. Fix each before re-enabling.
02:22 +1092 ~388: /Users/nguyenanhkiet/Playground/grex/test/features/auth/presentation/bloc/auth_bloc_account_linking_property_test.dart: AuthBloc Account Linking Property Tests Property 16: Confirmed Linking Connects OAuth Provider
02:22 +1092 ~388: /Users/nguyenanhkiet/Playground/grex/test/features/expenses/presentation/widgets/participant_selection_widget_test.dart: ParticipantSelectionWidget Widget Tests should call onSelectionChanged when participant is selected
  Skip: TODO(widget-asserts): 2 tests assert participant-selection text that does not match the current widget. Fix each before re-enabling.
02:22 +1092 ~389: /Users/nguyenanhkiet/Playground/grex/test/features/auth/presentation/bloc/auth_bloc_account_linking_property_test.dart: AuthBloc Account Linking Property Tests Property 16: Confirmed Linking Connects OAuth Provider
02:22 +1092 ~389: /Users/nguyenanhkiet/Playground/grex/test/features/expenses/presentation/widgets/participant_selection_widget_test.dart: ParticipantSelectionWidget Widget Tests should call onSelectionChanged when participant is deselected
  Skip: TODO(widget-asserts): 2 tests assert participant-selection text that does not match the current widget. Fix each before re-enabling.
02:22 +1092 ~390: /Users/nguyenanhkiet/Playground/grex/test/features/auth/presentation/bloc/auth_bloc_account_linking_property_test.dart: AuthBloc Account Linking Property Tests Property 16: Confirmed Linking Connects OAuth Provider
02:22 +1092 ~390: /Users/nguyenanhkiet/Playground/grex/test/features/expenses/presentation/widgets/participant_selection_widget_test.dart: ParticipantSelectionWidget Widget Tests should select all participants when Select All is tapped
  Skip: TODO(widget-asserts): 2 tests assert participant-selection text that does not match the current widget. Fix each before re-enabling.
02:22 +1092 ~391: /Users/nguyenanhkiet/Playground/grex/test/features/auth/presentation/bloc/auth_bloc_account_linking_property_test.dart: AuthBloc Account Linking Property Tests Property 16: Confirmed Linking Connects OAuth Provider
02:22 +1092 ~391: /Users/nguyenanhkiet/Playground/grex/test/features/expenses/presentation/widgets/participant_selection_widget_test.dart: ParticipantSelectionWidget Widget Tests should deselect all participants when Select None is tapped
  Skip: TODO(widget-asserts): 2 tests assert participant-selection text that does not match the current widget. Fix each before re-enabling.
02:22 +1092 ~392: /Users/nguyenanhkiet/Playground/grex/test/features/auth/presentation/bloc/auth_bloc_account_linking_property_test.dart: AuthBloc Account Linking Property Tests Property 16: Confirmed Linking Connects OAuth Provider
02:22 +1092 ~392: /Users/nguyenanhkiet/Playground/grex/test/features/expenses/presentation/widgets/participant_selection_widget_test.dart: ParticipantSelectionWidget Widget Tests should update selection count when participants change
  Skip: TODO(widget-asserts): 2 tests assert participant-selection text that does not match the current widget. Fix each before re-enabling.
02:22 +1092 ~393: /Users/nguyenanhkiet/Playground/grex/test/features/auth/presentation/bloc/auth_bloc_account_linking_property_test.dart: AuthBloc Account Linking Property Tests Property 16: Confirmed Linking Connects OAuth Provider
02:22 +1092 ~393: /Users/nguyenanhkiet/Playground/grex/test/features/expenses/presentation/widgets/participant_selection_widget_test.dart: ParticipantSelectionWidget Widget Tests should handle empty display names gracefully
  Skip: TODO(widget-asserts): 2 tests assert participant-selection text that does not match the current widget. Fix each before re-enabling.
02:22 +1092 ~394: /Users/nguyenanhkiet/Playground/grex/test/features/auth/presentation/bloc/auth_bloc_account_linking_property_test.dart: AuthBloc Account Linking Property Tests Property 16: Confirmed Linking Connects OAuth Provider
02:22 +1092 ~394: /Users/nguyenanhkiet/Playground/grex/test/features/expenses/presentation/widgets/participant_selection_widget_test.dart: ParticipantSelectionWidget Widget Tests should not duplicate participants when selecting already selected
  Skip: TODO(widget-asserts): 2 tests assert participant-selection text that does not match the current widget. Fix each before re-enabling.
02:22 +1092 ~395: /Users/nguyenanhkiet/Playground/grex/test/features/auth/presentation/bloc/auth_bloc_account_linking_property_test.dart: AuthBloc Account Linking Property Tests Property 16: Confirmed Linking Connects OAuth Provider
02:22 +1092 ~395: /Users/nguyenanhkiet/Playground/grex/test/features/expenses/presentation/widgets/participant_selection_widget_test.dart: ParticipantSelectionWidget Widget Tests should display correct participant data structure
  Skip: TODO(widget-asserts): 2 tests assert participant-selection text that does not match the current widget. Fix each before re-enabling.
02:22 +1092 ~396: /Users/nguyenanhkiet/Playground/grex/test/features/auth/presentation/bloc/auth_bloc_account_linking_property_test.dart: AuthBloc Account Linking Property Tests Property 16: Confirmed Linking Connects OAuth Provider
02:22 +1092 ~396: /Users/nguyenanhkiet/Playground/grex/test/features/expenses/presentation/widgets/participant_selection_widget_test.dart: ParticipantSelectionWidget Widget Tests should handle single member correctly
  Skip: TODO(widget-asserts): 2 tests assert participant-selection text that does not match the current widget. Fix each before re-enabling.
02:22 +1092 ~397: /Users/nguyenanhkiet/Playground/grex/test/features/auth/presentation/bloc/auth_bloc_account_linking_property_test.dart: AuthBloc Account Linking Property Tests Property 16: Confirmed Linking Connects OAuth Provider
02:22 +1092 ~397: /Users/nguyenanhkiet/Playground/grex/test/features/expenses/presentation/widgets/participant_selection_widget_test.dart: ParticipantSelectionWidget Widget Tests should maintain selection state across rebuilds
  Skip: TODO(widget-asserts): 2 tests assert participant-selection text that does not match the current widget. Fix each before re-enabling.
02:22 +1092 ~398: /Users/nguyenanhkiet/Playground/grex/test/features/auth/presentation/bloc/auth_bloc_account_linking_property_test.dart: AuthBloc Account Linking Property Tests Property 16: Confirmed Linking Connects OAuth Provider
02:22 +1092 ~398: /Users/nguyenanhkiet/Playground/grex/test/features/expenses/presentation/widgets/participant_selection_widget_test.dart: ParticipantSelectionWidget Widget Tests should handle large number of members
  Skip: TODO(widget-asserts): 2 tests assert participant-selection text that does not match the current widget. Fix each before re-enabling.
02:22 +1092 ~399: /Users/nguyenanhkiet/Playground/grex/test/features/auth/presentation/bloc/auth_bloc_account_linking_property_test.dart: AuthBloc Account Linking Property Tests Property 16: Confirmed Linking Connects OAuth Provider
02:23 +1093 ~399: /Users/nguyenanhkiet/Playground/grex/test/features/auth/presentation/bloc/auth_bloc_account_linking_property_test.dart: AuthBloc Account Linking Property Tests Property 16: Confirmed Linking Connects OAuth Provider
02:23 +1094 ~399: /Users/nguyenanhkiet/Playground/grex/test/features/auth/presentation/bloc/auth_bloc_account_linking_property_test.dart: AuthBloc Account Linking Property Tests Property 16: Confirmed Linking Connects OAuth Provider
02:23 +1095 ~399: /Users/nguyenanhkiet/Playground/grex/test/features/auth/presentation/bloc/auth_bloc_account_linking_property_test.dart: AuthBloc Account Linking Property Tests Property 16: Confirmed Linking Connects OAuth Provider
02:24 +1096 ~399: /Users/nguyenanhkiet/Playground/grex/test/features/auth/presentation/bloc/auth_bloc_account_linking_property_test.dart: AuthBloc Account Linking Property Tests Property 16: Confirmed Linking Connects OAuth Provider
02:24 +1096 ~399: /Users/nguyenanhkiet/Playground/grex/test/features/expenses/presentation/widgets/expense_search_bar_test.dart: ExpenseSearchBar Widget Tests should display search field correctly
  Skip: TODO(widget-asserts): 2 tests assert focus/text behavior that does not match the current ExpenseSearchBar. Fix each before re-enabling.
02:24 +1096 ~400: /Users/nguyenanhkiet/Playground/grex/test/features/auth/presentation/bloc/auth_bloc_account_linking_property_test.dart: AuthBloc Account Linking Property Tests Property 16: Confirmed Linking Connects OAuth Provider
02:24 +1096 ~400: /Users/nguyenanhkiet/Playground/grex/test/features/expenses/presentation/widgets/expense_search_bar_test.dart: ExpenseSearchBar Widget Tests should call onChanged when text changes
  Skip: TODO(widget-asserts): 2 tests assert focus/text behavior that does not match the current ExpenseSearchBar. Fix each before re-enabling.
02:24 +1096 ~401: /Users/nguyenanhkiet/Playground/grex/test/features/auth/presentation/bloc/auth_bloc_account_linking_property_test.dart: AuthBloc Account Linking Property Tests Property 16: Confirmed Linking Connects OAuth Provider
02:24 +1096 ~401: /Users/nguyenanhkiet/Playground/grex/test/features/expenses/presentation/widgets/expense_search_bar_test.dart: ExpenseSearchBar Widget Tests should show clear button when text is entered
  Skip: TODO(widget-asserts): 2 tests assert focus/text behavior that does not match the current ExpenseSearchBar. Fix each before re-enabling.
02:24 +1096 ~402: /Users/nguyenanhkiet/Playground/grex/test/features/auth/presentation/bloc/auth_bloc_account_linking_property_test.dart: AuthBloc Account Linking Property Tests Property 16: Confirmed Linking Connects OAuth Provider
02:24 +1096 ~402: /Users/nguyenanhkiet/Playground/grex/test/features/expenses/presentation/widgets/expense_search_bar_test.dart: ExpenseSearchBar Widget Tests should clear text when clear button is tapped
  Skip: TODO(widget-asserts): 2 tests assert focus/text behavior that does not match the current ExpenseSearchBar. Fix each before re-enabling.
02:24 +1096 ~403: /Users/nguyenanhkiet/Playground/grex/test/features/auth/presentation/bloc/auth_bloc_account_linking_property_test.dart: AuthBloc Account Linking Property Tests Property 16: Confirmed Linking Connects OAuth Provider
02:24 +1096 ~403: /Users/nguyenanhkiet/Playground/grex/test/features/expenses/presentation/widgets/expense_search_bar_test.dart: ExpenseSearchBar Widget Tests should show filter button
  Skip: TODO(widget-asserts): 2 tests assert focus/text behavior that does not match the current ExpenseSearchBar. Fix each before re-enabling.
02:24 +1096 ~404: /Users/nguyenanhkiet/Playground/grex/test/features/auth/presentation/bloc/auth_bloc_account_linking_property_test.dart: AuthBloc Account Linking Property Tests Property 16: Confirmed Linking Connects OAuth Provider
02:24 +1096 ~404: /Users/nguyenanhkiet/Playground/grex/test/features/expenses/presentation/widgets/expense_search_bar_test.dart: ExpenseSearchBar Widget Tests should work without filter callback
  Skip: TODO(widget-asserts): 2 tests assert focus/text behavior that does not match the current ExpenseSearchBar. Fix each before re-enabling.
02:24 +1096 ~405: /Users/nguyenanhkiet/Playground/grex/test/features/auth/presentation/bloc/auth_bloc_account_linking_property_test.dart: AuthBloc Account Linking Property Tests Property 16: Confirmed Linking Connects OAuth Provider
02:24 +1096 ~405: /Users/nguyenanhkiet/Playground/grex/test/features/expenses/presentation/widgets/expense_search_bar_test.dart: ExpenseSearchBar Widget Tests should have proper styling
  Skip: TODO(widget-asserts): 2 tests assert focus/text behavior that does not match the current ExpenseSearchBar. Fix each before re-enabling.
02:24 +1096 ~406: /Users/nguyenanhkiet/Playground/grex/test/features/auth/presentation/bloc/auth_bloc_account_linking_property_test.dart: AuthBloc Account Linking Property Tests Property 16: Confirmed Linking Connects OAuth Provider
02:24 +1096 ~406: /Users/nguyenanhkiet/Playground/grex/test/features/expenses/presentation/widgets/expense_search_bar_test.dart: ExpenseSearchBar Widget Tests should handle long search queries
  Skip: TODO(widget-asserts): 2 tests assert focus/text behavior that does not match the current ExpenseSearchBar. Fix each before re-enabling.
02:24 +1096 ~407: /Users/nguyenanhkiet/Playground/grex/test/features/auth/presentation/bloc/auth_bloc_account_linking_property_test.dart: AuthBloc Account Linking Property Tests Property 16: Confirmed Linking Connects OAuth Provider
02:24 +1096 ~407: /Users/nguyenanhkiet/Playground/grex/test/features/expenses/presentation/widgets/expense_search_bar_test.dart: ExpenseSearchBar Widget Tests should handle special characters in search
  Skip: TODO(widget-asserts): 2 tests assert focus/text behavior that does not match the current ExpenseSearchBar. Fix each before re-enabling.
02:24 +1096 ~408: /Users/nguyenanhkiet/Playground/grex/test/features/auth/presentation/bloc/auth_bloc_account_linking_property_test.dart: AuthBloc Account Linking Property Tests Property 16: Confirmed Linking Connects OAuth Provider
02:24 +1096 ~408: /Users/nguyenanhkiet/Playground/grex/test/features/expenses/presentation/widgets/expense_search_bar_test.dart: ExpenseSearchBar Widget Tests should show active filter indicator when filters are applied
  Skip: TODO(widget-asserts): 2 tests assert focus/text behavior that does not match the current ExpenseSearchBar. Fix each before re-enabling.
02:24 +1096 ~409: /Users/nguyenanhkiet/Playground/grex/test/features/auth/presentation/bloc/auth_bloc_account_linking_property_test.dart: AuthBloc Account Linking Property Tests Property 16: Confirmed Linking Connects OAuth Provider
02:24 +1096 ~409: /Users/nguyenanhkiet/Playground/grex/test/features/expenses/presentation/widgets/expense_search_bar_test.dart: ExpenseSearchBar Widget Tests should handle keyboard actions
  Skip: TODO(widget-asserts): 2 tests assert focus/text behavior that does not match the current ExpenseSearchBar. Fix each before re-enabling.
02:24 +1096 ~410: /Users/nguyenanhkiet/Playground/grex/test/features/auth/presentation/bloc/auth_bloc_account_linking_property_test.dart: AuthBloc Account Linking Property Tests Property 16: Confirmed Linking Connects OAuth Provider
02:24 +1096 ~410: /Users/nguyenanhkiet/Playground/grex/test/features/expenses/presentation/widgets/expense_search_bar_test.dart: ExpenseSearchBar Widget Tests should debounce search input
  Skip: TODO(widget-asserts): 2 tests assert focus/text behavior that does not match the current ExpenseSearchBar. Fix each before re-enabling.
02:24 +1096 ~411: /Users/nguyenanhkiet/Playground/grex/test/features/auth/presentation/bloc/auth_bloc_account_linking_property_test.dart: AuthBloc Account Linking Property Tests Property 16: Confirmed Linking Connects OAuth Provider
02:24 +1096 ~411: /Users/nguyenanhkiet/Playground/grex/test/features/expenses/presentation/widgets/expense_search_bar_test.dart: ExpenseSearchBar Widget Tests should maintain focus state correctly
  Skip: TODO(widget-asserts): 2 tests assert focus/text behavior that does not match the current ExpenseSearchBar. Fix each before re-enabling.
02:24 +1096 ~412: /Users/nguyenanhkiet/Playground/grex/test/features/auth/presentation/bloc/auth_bloc_account_linking_property_test.dart: AuthBloc Account Linking Property Tests Property 16: Confirmed Linking Connects OAuth Provider
02:24 +1097 ~412: /Users/nguyenanhkiet/Playground/grex/test/features/auth/presentation/bloc/auth_bloc_account_linking_property_test.dart: AuthBloc Account Linking Property Tests Property 16: Confirmed Linking Connects OAuth Provider
02:24 +1098 ~412: /Users/nguyenanhkiet/Playground/grex/test/features/auth/presentation/bloc/auth_bloc_account_linking_property_test.dart: AuthBloc Account Linking Property Tests Property 16: Confirmed Linking Connects OAuth Provider
02:24 +1099 ~412: /Users/nguyenanhkiet/Playground/grex/test/features/auth/presentation/bloc/auth_bloc_account_linking_property_test.dart: AuthBloc Account Linking Property Tests Property 17: Declined Linking Initiates New Account Flow
02:25 +1099 ~412: /Users/nguyenanhkiet/Playground/grex/test/features/expenses/presentation/widgets/split_configuration_widget_test.dart: SplitConfigurationWidget Widget Tests should display message when no participants or amount
  Skip: TODO(widget-asserts): 9 tests in this file assert specific percentage-split text/widget arrangements that do not match the current SplitConfigurationWidget. Fix each assertion before re-enabling.
02:25 +1099 ~413: /Users/nguyenanhkiet/Playground/grex/test/features/auth/presentation/bloc/auth_bloc_account_linking_property_test.dart: AuthBloc Account Linking Property Tests Property 17: Declined Linking Initiates New Account Flow
02:25 +1099 ~413: /Users/nguyenanhkiet/Playground/grex/test/features/expenses/presentation/widgets/split_configuration_widget_test.dart: SplitConfigurationWidget Widget Tests Equal Split Method should display equal split explanation
  Skip: TODO(widget-asserts): 9 tests in this file assert specific percentage-split text/widget arrangements that do not match the current SplitConfigurationWidget. Fix each assertion before re-enabling.
02:25 +1099 ~414: /Users/nguyenanhkiet/Playground/grex/test/features/auth/presentation/bloc/auth_bloc_account_linking_property_test.dart: AuthBloc Account Linking Property Tests Property 17: Declined Linking Initiates New Account Flow
02:25 +1099 ~414: /Users/nguyenanhkiet/Playground/grex/test/features/expenses/presentation/widgets/split_configuration_widget_test.dart: SplitConfigurationWidget Widget Tests Equal Split Method should display all participants with equal amounts
  Skip: TODO(widget-asserts): 9 tests in this file assert specific percentage-split text/widget arrangements that do not match the current SplitConfigurationWidget. Fix each assertion before re-enabling.
02:25 +1099 ~415: /Users/nguyenanhkiet/Playground/grex/test/features/auth/presentation/bloc/auth_bloc_account_linking_property_test.dart: AuthBloc Account Linking Property Tests Property 17: Declined Linking Initiates New Account Flow
02:25 +1099 ~415: /Users/nguyenanhkiet/Playground/grex/test/features/expenses/presentation/widgets/split_configuration_widget_test.dart: SplitConfigurationWidget Widget Tests Equal Split Method should handle rounding in equal split
  Skip: TODO(widget-asserts): 9 tests in this file assert specific percentage-split text/widget arrangements that do not match the current SplitConfigurationWidget. Fix each assertion before re-enabling.
02:25 +1099 ~416: /Users/nguyenanhkiet/Playground/grex/test/features/auth/presentation/bloc/auth_bloc_account_linking_property_test.dart: AuthBloc Account Linking Property Tests Property 17: Declined Linking Initiates New Account Flow
02:25 +1099 ~416: /Users/nguyenanhkiet/Playground/grex/test/features/expenses/presentation/widgets/split_configuration_widget_test.dart: SplitConfigurationWidget Widget Tests Equal Split Method should display participant avatars
  Skip: TODO(widget-asserts): 9 tests in this file assert specific percentage-split text/widget arrangements that do not match the current SplitConfigurationWidget. Fix each assertion before re-enabling.
02:25 +1099 ~417: /Users/nguyenanhkiet/Playground/grex/test/features/auth/presentation/bloc/auth_bloc_account_linking_property_test.dart: AuthBloc Account Linking Property Tests Property 17: Declined Linking Initiates New Account Flow
02:25 +1099 ~417: /Users/nguyenanhkiet/Playground/grex/test/features/expenses/presentation/widgets/split_configuration_widget_test.dart: SplitConfigurationWidget Widget Tests Percentage Split Method should display percentage split explanation
  Skip: TODO(widget-asserts): 9 tests in this file assert specific percentage-split text/widget arrangements that do not match the current SplitConfigurationWidget. Fix each assertion before re-enabling.
02:25 +1099 ~418: /Users/nguyenanhkiet/Playground/grex/test/features/auth/presentation/bloc/auth_bloc_account_linking_property_test.dart: AuthBloc Account Linking Property Tests Property 17: Declined Linking Initiates New Account Flow
02:25 +1099 ~418: /Users/nguyenanhkiet/Playground/grex/test/features/expenses/presentation/widgets/split_configuration_widget_test.dart: SplitConfigurationWidget Widget Tests Percentage Split Method should display percentage input fields
  Skip: TODO(widget-asserts): 9 tests in this file assert specific percentage-split text/widget arrangements that do not match the current SplitConfigurationWidget. Fix each assertion before re-enabling.
02:25 +1099 ~419: /Users/nguyenanhkiet/Playground/grex/test/features/auth/presentation/bloc/auth_bloc_account_linking_property_test.dart: AuthBloc Account Linking Property Tests Property 17: Declined Linking Initiates New Account Flow
02:25 +1099 ~419: /Users/nguyenanhkiet/Playground/grex/test/features/expenses/presentation/widgets/split_configuration_widget_test.dart: SplitConfigurationWidget Widget Tests Percentage Split Method should show calculated amounts for percentages
  Skip: TODO(widget-asserts): 9 tests in this file assert specific percentage-split text/widget arrangements that do not match the current SplitConfigurationWidget. Fix each assertion before re-enabling.
02:25 +1099 ~420: /Users/nguyenanhkiet/Playground/grex/test/features/auth/presentation/bloc/auth_bloc_account_linking_property_test.dart: AuthBloc Account Linking Property Tests Property 17: Declined Linking Initiates New Account Flow
02:25 +1099 ~420: /Users/nguyenanhkiet/Playground/grex/test/features/expenses/presentation/widgets/split_configuration_widget_test.dart: SplitConfigurationWidget Widget Tests Percentage Split Method should update calculated amounts when percentage changes
  Skip: TODO(widget-asserts): 9 tests in this file assert specific percentage-split text/widget arrangements that do not match the current SplitConfigurationWidget. Fix each assertion before re-enabling.
02:25 +1099 ~421: /Users/nguyenanhkiet/Playground/grex/test/features/auth/presentation/bloc/auth_bloc_account_linking_property_test.dart: AuthBloc Account Linking Property Tests Property 17: Declined Linking Initiates New Account Flow
02:25 +1099 ~421: /Users/nguyenanhkiet/Playground/grex/test/features/expenses/presentation/widgets/split_configuration_widget_test.dart: SplitConfigurationWidget Widget Tests Percentage Split Method should display total summary for percentage split
  Skip: TODO(widget-asserts): 9 tests in this file assert specific percentage-split text/widget arrangements that do not match the current SplitConfigurationWidget. Fix each assertion before re-enabling.
02:25 +1099 ~422: /Users/nguyenanhkiet/Playground/grex/test/features/auth/presentation/bloc/auth_bloc_account_linking_property_test.dart: AuthBloc Account Linking Property Tests Property 17: Declined Linking Initiates New Account Flow
02:25 +1099 ~422: /Users/nguyenanhkiet/Playground/grex/test/features/expenses/presentation/widgets/split_configuration_widget_test.dart: SplitConfigurationWidget Widget Tests Exact Amount Split Method should display exact amount explanation
  Skip: TODO(widget-asserts): 9 tests in this file assert specific percentage-split text/widget arrangements that do not match the current SplitConfigurationWidget. Fix each assertion before re-enabling.
02:25 +1099 ~423: /Users/nguyenanhkiet/Playground/grex/test/features/auth/presentation/bloc/auth_bloc_account_linking_property_test.dart: AuthBloc Account Linking Property Tests Property 17: Declined Linking Initiates New Account Flow
02:25 +1099 ~423: /Users/nguyenanhkiet/Playground/grex/test/features/expenses/presentation/widgets/split_configuration_widget_test.dart: SplitConfigurationWidget Widget Tests Exact Amount Split Method should display amount input fields with currency
  Skip: TODO(widget-asserts): 9 tests in this file assert specific percentage-split text/widget arrangements that do not match the current SplitConfigurationWidget. Fix each assertion before re-enabling.
02:25 +1099 ~424: /Users/nguyenanhkiet/Playground/grex/test/features/auth/presentation/bloc/auth_bloc_account_linking_property_test.dart: AuthBloc Account Linking Property Tests Property 17: Declined Linking Initiates New Account Flow
02:25 +1099 ~424: /Users/nguyenanhkiet/Playground/grex/test/features/expenses/presentation/widgets/split_configuration_widget_test.dart: SplitConfigurationWidget Widget Tests Exact Amount Split Method should update configuration when amounts change
  Skip: TODO(widget-asserts): 9 tests in this file assert specific percentage-split text/widget arrangements that do not match the current SplitConfigurationWidget. Fix each assertion before re-enabling.
02:25 +1099 ~425: /Users/nguyenanhkiet/Playground/grex/test/features/auth/presentation/bloc/auth_bloc_account_linking_property_test.dart: AuthBloc Account Linking Property Tests Property 17: Declined Linking Initiates New Account Flow
02:25 +1099 ~425: /Users/nguyenanhkiet/Playground/grex/test/features/expenses/presentation/widgets/split_configuration_widget_test.dart: SplitConfigurationWidget Widget Tests Shares Split Method should display shares explanation
  Skip: TODO(widget-asserts): 9 tests in this file assert specific percentage-split text/widget arrangements that do not match the current SplitConfigurationWidget. Fix each assertion before re-enabling.
02:25 +1099 ~426: /Users/nguyenanhkiet/Playground/grex/test/features/auth/presentation/bloc/auth_bloc_account_linking_property_test.dart: AuthBloc Account Linking Property Tests Property 17: Declined Linking Initiates New Account Flow
02:25 +1099 ~426: /Users/nguyenanhkiet/Playground/grex/test/features/expenses/presentation/widgets/split_configuration_widget_test.dart: SplitConfigurationWidget Widget Tests Shares Split Method should display shares input fields
  Skip: TODO(widget-asserts): 9 tests in this file assert specific percentage-split text/widget arrangements that do not match the current SplitConfigurationWidget. Fix each assertion before re-enabling.
02:25 +1099 ~427: /Users/nguyenanhkiet/Playground/grex/test/features/auth/presentation/bloc/auth_bloc_account_linking_property_test.dart: AuthBloc Account Linking Property Tests Property 17: Declined Linking Initiates New Account Flow
02:25 +1099 ~427: /Users/nguyenanhkiet/Playground/grex/test/features/expenses/presentation/widgets/split_configuration_widget_test.dart: SplitConfigurationWidget Widget Tests Shares Split Method should show calculated amounts for shares
  Skip: TODO(widget-asserts): 9 tests in this file assert specific percentage-split text/widget arrangements that do not match the current SplitConfigurationWidget. Fix each assertion before re-enabling.
02:25 +1099 ~428: /Users/nguyenanhkiet/Playground/grex/test/features/auth/presentation/bloc/auth_bloc_account_linking_property_test.dart: AuthBloc Account Linking Property Tests Property 17: Declined Linking Initiates New Account Flow
02:25 +1099 ~428: /Users/nguyenanhkiet/Playground/grex/test/features/expenses/presentation/widgets/split_configuration_widget_test.dart: SplitConfigurationWidget Widget Tests Shares Split Method should update calculated amounts when shares change
  Skip: TODO(widget-asserts): 9 tests in this file assert specific percentage-split text/widget arrangements that do not match the current SplitConfigurationWidget. Fix each assertion before re-enabling.
02:25 +1099 ~429: /Users/nguyenanhkiet/Playground/grex/test/features/auth/presentation/bloc/auth_bloc_account_linking_property_test.dart: AuthBloc Account Linking Property Tests Property 17: Declined Linking Initiates New Account Flow
02:25 +1099 ~429: /Users/nguyenanhkiet/Playground/grex/test/features/expenses/presentation/widgets/split_configuration_widget_test.dart: SplitConfigurationWidget Widget Tests Total Summary should display valid total summary when amounts match
  Skip: TODO(widget-asserts): 9 tests in this file assert specific percentage-split text/widget arrangements that do not match the current SplitConfigurationWidget. Fix each assertion before re-enabling.
02:25 +1099 ~430: /Users/nguyenanhkiet/Playground/grex/test/features/auth/presentation/bloc/auth_bloc_account_linking_property_test.dart: AuthBloc Account Linking Property Tests Property 17: Declined Linking Initiates New Account Flow
02:25 +1099 ~430: /Users/nguyenanhkiet/Playground/grex/test/features/expenses/presentation/widgets/split_configuration_widget_test.dart: SplitConfigurationWidget Widget Tests Total Summary should display error state when amounts do not match
  Skip: TODO(widget-asserts): 9 tests in this file assert specific percentage-split text/widget arrangements that do not match the current SplitConfigurationWidget. Fix each assertion before re-enabling.
02:25 +1099 ~431: /Users/nguyenanhkiet/Playground/grex/test/features/auth/presentation/bloc/auth_bloc_account_linking_property_test.dart: AuthBloc Account Linking Property Tests Property 17: Declined Linking Initiates New Account Flow
02:25 +1099 ~431: /Users/nguyenanhkiet/Playground/grex/test/features/expenses/presentation/widgets/split_configuration_widget_test.dart: SplitConfigurationWidget Widget Tests Total Summary should update total when configuration changes
  Skip: TODO(widget-asserts): 9 tests in this file assert specific percentage-split text/widget arrangements that do not match the current SplitConfigurationWidget. Fix each assertion before re-enabling.
02:25 +1099 ~432: /Users/nguyenanhkiet/Playground/grex/test/features/auth/presentation/bloc/auth_bloc_account_linking_property_test.dart: AuthBloc Account Linking Property Tests Property 17: Declined Linking Initiates New Account Flow
02:25 +1099 ~432: /Users/nguyenanhkiet/Playground/grex/test/features/expenses/presentation/widgets/split_configuration_widget_test.dart: SplitConfigurationWidget Widget Tests Widget Updates should reinitialize when split method changes
  Skip: TODO(widget-asserts): 9 tests in this file assert specific percentage-split text/widget arrangements that do not match the current SplitConfigurationWidget. Fix each assertion before re-enabling.
02:25 +1099 ~433: /Users/nguyenanhkiet/Playground/grex/test/features/auth/presentation/bloc/auth_bloc_account_linking_property_test.dart: AuthBloc Account Linking Property Tests Property 17: Declined Linking Initiates New Account Flow
02:25 +1099 ~433: /Users/nguyenanhkiet/Playground/grex/test/features/expenses/presentation/widgets/split_configuration_widget_test.dart: SplitConfigurationWidget Widget Tests Widget Updates should reinitialize when participants change
  Skip: TODO(widget-asserts): 9 tests in this file assert specific percentage-split text/widget arrangements that do not match the current SplitConfigurationWidget. Fix each assertion before re-enabling.
02:25 +1099 ~434: /Users/nguyenanhkiet/Playground/grex/test/features/auth/presentation/bloc/auth_bloc_account_linking_property_test.dart: AuthBloc Account Linking Property Tests Property 17: Declined Linking Initiates New Account Flow
02:25 +1099 ~434: /Users/nguyenanhkiet/Playground/grex/test/features/expenses/presentation/widgets/split_configuration_widget_test.dart: SplitConfigurationWidget Widget Tests Widget Updates should reinitialize when total amount changes
  Skip: TODO(widget-asserts): 9 tests in this file assert specific percentage-split text/widget arrangements that do not match the current SplitConfigurationWidget. Fix each assertion before re-enabling.
02:25 +1099 ~435: /Users/nguyenanhkiet/Playground/grex/test/features/auth/presentation/bloc/auth_bloc_account_linking_property_test.dart: AuthBloc Account Linking Property Tests Property 17: Declined Linking Initiates New Account Flow
02:25 +1099 ~435: /Users/nguyenanhkiet/Playground/grex/test/features/expenses/presentation/widgets/split_configuration_widget_test.dart: SplitConfigurationWidget Widget Tests Edge Cases should handle empty participant name
  Skip: TODO(widget-asserts): 9 tests in this file assert specific percentage-split text/widget arrangements that do not match the current SplitConfigurationWidget. Fix each assertion before re-enabling.
02:25 +1099 ~436: /Users/nguyenanhkiet/Playground/grex/test/features/auth/presentation/bloc/auth_bloc_account_linking_property_test.dart: AuthBloc Account Linking Property Tests Property 17: Declined Linking Initiates New Account Flow
02:25 +1099 ~436: /Users/nguyenanhkiet/Playground/grex/test/features/expenses/presentation/widgets/split_configuration_widget_test.dart: SplitConfigurationWidget Widget Tests Edge Cases should handle single participant
  Skip: TODO(widget-asserts): 9 tests in this file assert specific percentage-split text/widget arrangements that do not match the current SplitConfigurationWidget. Fix each assertion before re-enabling.
02:25 +1099 ~437: /Users/nguyenanhkiet/Playground/grex/test/features/auth/presentation/bloc/auth_bloc_account_linking_property_test.dart: AuthBloc Account Linking Property Tests Property 17: Declined Linking Initiates New Account Flow
02:25 +1099 ~437: /Users/nguyenanhkiet/Playground/grex/test/features/expenses/presentation/widgets/split_configuration_widget_test.dart: SplitConfigurationWidget Widget Tests Edge Cases should handle zero amount
  Skip: TODO(widget-asserts): 9 tests in this file assert specific percentage-split text/widget arrangements that do not match the current SplitConfigurationWidget. Fix each assertion before re-enabling.
02:25 +1099 ~438: /Users/nguyenanhkiet/Playground/grex/test/features/auth/presentation/bloc/auth_bloc_account_linking_property_test.dart: AuthBloc Account Linking Property Tests Property 17: Declined Linking Initiates New Account Flow
02:25 +1099 ~438: /Users/nguyenanhkiet/Playground/grex/test/features/expenses/presentation/widgets/split_configuration_widget_test.dart: SplitConfigurationWidget Widget Tests Edge Cases should handle negative amount gracefully
  Skip: TODO(widget-asserts): 9 tests in this file assert specific percentage-split text/widget arrangements that do not match the current SplitConfigurationWidget. Fix each assertion before re-enabling.
02:25 +1099 ~439: /Users/nguyenanhkiet/Playground/grex/test/features/auth/presentation/bloc/auth_bloc_account_linking_property_test.dart: AuthBloc Account Linking Property Tests Property 17: Declined Linking Initiates New Account Flow
02:25 +1099 ~439: /Users/nguyenanhkiet/Playground/grex/test/features/expenses/presentation/widgets/split_configuration_widget_test.dart: SplitConfigurationWidget Widget Tests Configuration Callbacks should call onConfigurationChanged on initialization
  Skip: TODO(widget-asserts): 9 tests in this file assert specific percentage-split text/widget arrangements that do not match the current SplitConfigurationWidget. Fix each assertion before re-enabling.
02:25 +1099 ~440: /Users/nguyenanhkiet/Playground/grex/test/features/auth/presentation/bloc/auth_bloc_account_linking_property_test.dart: AuthBloc Account Linking Property Tests Property 17: Declined Linking Initiates New Account Flow
02:25 +1099 ~440: /Users/nguyenanhkiet/Playground/grex/test/features/expenses/presentation/widgets/split_configuration_widget_test.dart: SplitConfigurationWidget Widget Tests Configuration Callbacks should include correct data structure in callbacks
  Skip: TODO(widget-asserts): 9 tests in this file assert specific percentage-split text/widget arrangements that do not match the current SplitConfigurationWidget. Fix each assertion before re-enabling.
02:25 +1099 ~441: /Users/nguyenanhkiet/Playground/grex/test/features/auth/presentation/bloc/auth_bloc_account_linking_property_test.dart: AuthBloc Account Linking Property Tests Property 17: Declined Linking Initiates New Account Flow
02:26 +1100 ~441: /Users/nguyenanhkiet/Playground/grex/test/features/auth/presentation/bloc/auth_bloc_account_linking_property_test.dart: AuthBloc Account Linking Property Tests Property 17: Declined Linking Initiates New Account Flow
02:26 +1101 ~441: /Users/nguyenanhkiet/Playground/grex/test/features/auth/presentation/bloc/auth_bloc_account_linking_property_test.dart: AuthBloc Account Linking Property Tests Property 17: Declined Linking Initiates New Account Flow
02:26 +1102 ~441: /Users/nguyenanhkiet/Playground/grex/test/features/auth/presentation/bloc/auth_bloc_account_linking_property_test.dart: AuthBloc Account Linking Property Tests Property 17: Declined Linking Initiates New Account Flow
02:26 +1103 ~441: /Users/nguyenanhkiet/Playground/grex/test/features/auth/presentation/bloc/auth_bloc_account_linking_property_test.dart: AuthBloc Account Linking Property Tests Property 17: Declined Linking Initiates New Account Flow
02:26 +1104 ~441: /Users/nguyenanhkiet/Playground/grex/test/features/auth/presentation/bloc/auth_bloc_account_linking_property_test.dart: AuthBloc Account Linking Property Tests Property 17: Declined Linking Initiates New Account Flow
02:26 +1105 ~441: /Users/nguyenanhkiet/Playground/grex/test/features/auth/presentation/bloc/auth_bloc_account_linking_property_test.dart: AuthBloc Account Linking Property Tests Property 17: Declined Linking Initiates New Account Flow
02:26 +1106 ~441: /Users/nguyenanhkiet/Playground/grex/test/features/auth/presentation/bloc/auth_bloc_account_linking_property_test.dart: AuthBloc Account Linking Property Tests Property 17: Declined Linking Initiates New Account Flow
02:26 +1107 ~441: /Users/nguyenanhkiet/Playground/grex/test/features/auth/presentation/bloc/auth_bloc_account_linking_property_test.dart: AuthBloc Account Linking Property Tests Property 17: Declined Linking Initiates New Account Flow
02:26 +1108 ~441: /Users/nguyenanhkiet/Playground/grex/test/features/auth/presentation/bloc/auth_bloc_account_linking_property_test.dart: AuthBloc Account Linking Property Tests Property 17: Declined Linking Initiates New Account Flow
02:26 +1109 ~441: /Users/nguyenanhkiet/Playground/grex/test/features/auth/presentation/bloc/auth_bloc_account_linking_property_test.dart: AuthBloc Account Linking Property Tests Property 17: Declined Linking Initiates New Account Flow
02:26 +1110 ~441: /Users/nguyenanhkiet/Playground/grex/test/features/auth/presentation/bloc/auth_bloc_account_linking_property_test.dart: AuthBloc Account Linking Property Tests Property 17: Declined Linking Initiates New Account Flow
02:26 +1111 ~441: /Users/nguyenanhkiet/Playground/grex/test/features/auth/presentation/bloc/auth_bloc_account_linking_property_test.dart: AuthBloc Account Linking Property Tests Property 17: Declined Linking Initiates New Account Flow
02:26 +1112 ~441: /Users/nguyenanhkiet/Playground/grex/test/features/auth/presentation/bloc/auth_bloc_account_linking_property_test.dart: AuthBloc Account Linking Property Tests Property 17: Declined Linking Initiates New Account Flow
02:26 +1113 ~441: /Users/nguyenanhkiet/Playground/grex/test/features/auth/presentation/bloc/auth_bloc_account_linking_property_test.dart: AuthBloc Account Linking Property Tests Property 17: Declined Linking Initiates New Account Flow
02:26 +1114 ~441: /Users/nguyenanhkiet/Playground/grex/test/features/auth/presentation/bloc/auth_bloc_account_linking_property_test.dart: AuthBloc Account Linking Property Tests Property 17: Declined Linking Initiates New Account Flow
02:26 +1115 ~441: /Users/nguyenanhkiet/Playground/grex/test/features/auth/presentation/bloc/auth_bloc_account_linking_property_test.dart: AuthBloc Account Linking Property Tests Property 17: Declined Linking Initiates New Account Flow
02:26 +1116 ~441: /Users/nguyenanhkiet/Playground/grex/test/features/auth/presentation/bloc/auth_bloc_account_linking_property_test.dart: AuthBloc Account Linking Property Tests Property 17: Declined Linking Initiates New Account Flow
02:26 +1117 ~441: /Users/nguyenanhkiet/Playground/grex/test/features/auth/presentation/bloc/auth_bloc_account_linking_property_test.dart: AuthBloc Account Linking Property Tests Property 17: Declined Linking Initiates New Account Flow
02:26 +1118 ~441: /Users/nguyenanhkiet/Playground/grex/test/features/auth/presentation/bloc/auth_bloc_account_linking_property_test.dart: AuthBloc Account Linking Property Tests Property 17: Declined Linking Initiates New Account Flow
02:26 +1119 ~441: /Users/nguyenanhkiet/Playground/grex/test/features/auth/presentation/bloc/auth_bloc_account_linking_property_test.dart: AuthBloc Account Linking Property Tests Property 17: Declined Linking Initiates New Account Flow
02:26 +1120 ~441: /Users/nguyenanhkiet/Playground/grex/test/features/auth/presentation/bloc/auth_bloc_account_linking_property_test.dart: AuthBloc Account Linking Property Tests Property 17: Declined Linking Initiates New Account Flow
02:26 +1121 ~441: /Users/nguyenanhkiet/Playground/grex/test/features/auth/presentation/bloc/auth_bloc_account_linking_property_test.dart: AuthBloc Account Linking Property Tests Property 17: Declined Linking Initiates New Account Flow
02:27 +1122 ~441: /Users/nguyenanhkiet/Playground/grex/test/features/auth/presentation/bloc/auth_bloc_account_linking_property_test.dart: AuthBloc Account Linking Property Tests Property 17: Declined Linking Initiates New Account Flow
02:27 +1122 ~441: /Users/nguyenanhkiet/Playground/grex/test/features/groups/domain/repositories/group_repository_property_test.dart: GroupRepository Property Tests placeholder
  Skip: TODO(mockito-null-safety): rewrite this file using @GenerateMocks or mocktail any<T>() so argument types match Supabase builder signatures.
02:27 +1122 ~442: /Users/nguyenanhkiet/Playground/grex/test/features/auth/presentation/bloc/auth_bloc_account_linking_property_test.dart: AuthBloc Account Linking Property Tests Property 17: Declined Linking Initiates New Account Flow
02:28 +1122 ~442: /Users/nguyenanhkiet/Playground/grex/test/features/groups/presentation/pages/group_details_page_test.dart: GroupDetailsPage Widget Tests should display loading state initially
  Skip: TODO(mock-migration): manual `class MockGroupBloc extends Mock implements GroupBloc` pattern broken under mockito null-safety. Migrate to bloc_test MockBloc + mocktail whenListen (see group_list_page_test.dart for the template).
02:28 +1122 ~443: /Users/nguyenanhkiet/Playground/grex/test/features/auth/presentation/bloc/auth_bloc_account_linking_property_test.dart: AuthBloc Account Linking Property Tests Property 17: Declined Linking Initiates New Account Flow
02:28 +1122 ~443: /Users/nguyenanhkiet/Playground/grex/test/features/groups/presentation/pages/group_details_page_test.dart: GroupDetailsPage Widget Tests should display group information when loaded
  Skip: TODO(mock-migration): manual `class MockGroupBloc extends Mock implements GroupBloc` pattern broken under mockito null-safety. Migrate to bloc_test MockBloc + mocktail whenListen (see group_list_page_test.dart for the template).
02:28 +1122 ~444: /Users/nguyenanhkiet/Playground/grex/test/features/auth/presentation/bloc/auth_bloc_account_linking_property_test.dart: AuthBloc Account Linking Property Tests Property 17: Declined Linking Initiates New Account Flow
02:28 +1122 ~444: /Users/nguyenanhkiet/Playground/grex/test/features/groups/presentation/pages/group_details_page_test.dart: GroupDetailsPage Widget Tests should display member list correctly
  Skip: TODO(mock-migration): manual `class MockGroupBloc extends Mock implements GroupBloc` pattern broken under mockito null-safety. Migrate to bloc_test MockBloc + mocktail whenListen (see group_list_page_test.dart for the template).
02:28 +1122 ~445: /Users/nguyenanhkiet/Playground/grex/test/features/auth/presentation/bloc/auth_bloc_account_linking_property_test.dart: AuthBloc Account Linking Property Tests Property 17: Declined Linking Initiates New Account Flow
02:28 +1122 ~445: /Users/nguyenanhkiet/Playground/grex/test/features/groups/presentation/pages/group_details_page_test.dart: GroupDetailsPage Widget Tests should display navigation buttons
  Skip: TODO(mock-migration): manual `class MockGroupBloc extends Mock implements GroupBloc` pattern broken under mockito null-safety. Migrate to bloc_test MockBloc + mocktail whenListen (see group_list_page_test.dart for the template).
02:28 +1122 ~446: /Users/nguyenanhkiet/Playground/grex/test/features/auth/presentation/bloc/auth_bloc_account_linking_property_test.dart: AuthBloc Account Linking Property Tests Property 17: Declined Linking Initiates New Account Flow
02:28 +1122 ~446: /Users/nguyenanhkiet/Playground/grex/test/features/groups/presentation/pages/group_details_page_test.dart: GroupDetailsPage Widget Tests should show settings button for administrators
  Skip: TODO(mock-migration): manual `class MockGroupBloc extends Mock implements GroupBloc` pattern broken under mockito null-safety. Migrate to bloc_test MockBloc + mocktail whenListen (see group_list_page_test.dart for the template).
02:28 +1122 ~447: /Users/nguyenanhkiet/Playground/grex/test/features/auth/presentation/bloc/auth_bloc_account_linking_property_test.dart: AuthBloc Account Linking Property Tests Property 17: Declined Linking Initiates New Account Flow
02:28 +1122 ~447: /Users/nguyenanhkiet/Playground/grex/test/features/groups/presentation/pages/group_details_page_test.dart: GroupDetailsPage Widget Tests should not show settings button for non-administrators
  Skip: TODO(mock-migration): manual `class MockGroupBloc extends Mock implements GroupBloc` pattern broken under mockito null-safety. Migrate to bloc_test MockBloc + mocktail whenListen (see group_list_page_test.dart for the template).
02:28 +1122 ~448: /Users/nguyenanhkiet/Playground/grex/test/features/auth/presentation/bloc/auth_bloc_account_linking_property_test.dart: AuthBloc Account Linking Property Tests Property 17: Declined Linking Initiates New Account Flow
02:28 +1122 ~448: /Users/nguyenanhkiet/Playground/grex/test/features/groups/presentation/pages/group_details_page_test.dart: GroupDetailsPage Widget Tests should display error state when group not found
  Skip: TODO(mock-migration): manual `class MockGroupBloc extends Mock implements GroupBloc` pattern broken under mockito null-safety. Migrate to bloc_test MockBloc + mocktail whenListen (see group_list_page_test.dart for the template).
02:28 +1122 ~449: /Users/nguyenanhkiet/Playground/grex/test/features/auth/presentation/bloc/auth_bloc_account_linking_property_test.dart: AuthBloc Account Linking Property Tests Property 17: Declined Linking Initiates New Account Flow
02:28 +1122 ~449: /Users/nguyenanhkiet/Playground/grex/test/features/groups/presentation/pages/group_details_page_test.dart: GroupDetailsPage Widget Tests should handle navigation to expenses
  Skip: TODO(mock-migration): manual `class MockGroupBloc extends Mock implements GroupBloc` pattern broken under mockito null-safety. Migrate to bloc_test MockBloc + mocktail whenListen (see group_list_page_test.dart for the template).
02:28 +1122 ~450: /Users/nguyenanhkiet/Playground/grex/test/features/auth/presentation/bloc/auth_bloc_account_linking_property_test.dart: AuthBloc Account Linking Property Tests Property 17: Declined Linking Initiates New Account Flow
02:28 +1122 ~450: /Users/nguyenanhkiet/Playground/grex/test/features/groups/presentation/pages/group_details_page_test.dart: GroupDetailsPage Widget Tests should handle navigation to payments
  Skip: TODO(mock-migration): manual `class MockGroupBloc extends Mock implements GroupBloc` pattern broken under mockito null-safety. Migrate to bloc_test MockBloc + mocktail whenListen (see group_list_page_test.dart for the template).
02:28 +1122 ~451: /Users/nguyenanhkiet/Playground/grex/test/features/auth/presentation/bloc/auth_bloc_account_linking_property_test.dart: AuthBloc Account Linking Property Tests Property 17: Declined Linking Initiates New Account Flow
02:28 +1122 ~451: /Users/nguyenanhkiet/Playground/grex/test/features/groups/presentation/pages/group_details_page_test.dart: GroupDetailsPage Widget Tests should handle navigation to balances
  Skip: TODO(mock-migration): manual `class MockGroupBloc extends Mock implements GroupBloc` pattern broken under mockito null-safety. Migrate to bloc_test MockBloc + mocktail whenListen (see group_list_page_test.dart for the template).
02:28 +1122 ~452: /Users/nguyenanhkiet/Playground/grex/test/features/auth/presentation/bloc/auth_bloc_account_linking_property_test.dart: AuthBloc Account Linking Property Tests Property 17: Declined Linking Initiates New Account Flow
02:28 +1122 ~452: /Users/nguyenanhkiet/Playground/grex/test/features/groups/presentation/pages/group_details_page_test.dart: GroupDetailsPage Widget Tests should handle navigation to export
  Skip: TODO(mock-migration): manual `class MockGroupBloc extends Mock implements GroupBloc` pattern broken under mockito null-safety. Migrate to bloc_test MockBloc + mocktail whenListen (see group_list_page_test.dart for the template).
02:28 +1122 ~453: /Users/nguyenanhkiet/Playground/grex/test/features/auth/presentation/bloc/auth_bloc_account_linking_property_test.dart: AuthBloc Account Linking Property Tests Property 17: Declined Linking Initiates New Account Flow
02:28 +1122 ~453: /Users/nguyenanhkiet/Playground/grex/test/features/groups/presentation/pages/group_details_page_test.dart: GroupDetailsPage Widget Tests should display member join dates correctly
  Skip: TODO(mock-migration): manual `class MockGroupBloc extends Mock implements GroupBloc` pattern broken under mockito null-safety. Migrate to bloc_test MockBloc + mocktail whenListen (see group_list_page_test.dart for the template).
02:28 +1122 ~454: /Users/nguyenanhkiet/Playground/grex/test/features/auth/presentation/bloc/auth_bloc_account_linking_property_test.dart: AuthBloc Account Linking Property Tests Property 17: Declined Linking Initiates New Account Flow
02:28 +1122 ~454: /Users/nguyenanhkiet/Playground/grex/test/features/groups/presentation/pages/group_details_page_test.dart: GroupDetailsPage Widget Tests should refresh data on pull to refresh
  Skip: TODO(mock-migration): manual `class MockGroupBloc extends Mock implements GroupBloc` pattern broken under mockito null-safety. Migrate to bloc_test MockBloc + mocktail whenListen (see group_list_page_test.dart for the template).
02:28 +1122 ~455: /Users/nguyenanhkiet/Playground/grex/test/features/auth/presentation/bloc/auth_bloc_account_linking_property_test.dart: AuthBloc Account Linking Property Tests Property 17: Declined Linking Initiates New Account Flow
02:28 +1122 ~455: /Users/nguyenanhkiet/Playground/grex/test/features/groups/presentation/pages/group_details_page_test.dart: GroupDetailsPage Widget Tests should display group creation date
  Skip: TODO(mock-migration): manual `class MockGroupBloc extends Mock implements GroupBloc` pattern broken under mockito null-safety. Migrate to bloc_test MockBloc + mocktail whenListen (see group_list_page_test.dart for the template).
02:28 +1122 ~456: /Users/nguyenanhkiet/Playground/grex/test/features/auth/presentation/bloc/auth_bloc_account_linking_property_test.dart: AuthBloc Account Linking Property Tests Property 17: Declined Linking Initiates New Account Flow
02:30 +1122 ~456: /Users/nguyenanhkiet/Playground/grex/test/features/groups/presentation/pages/create_group_page_test.dart: CreateGroupPage Widget Tests should display form fields correctly
  Skip: TODO(layout): CreateGroupView triggers "RenderFlex children have non-zero flex but incoming width constraints are unbounded" during initial build in the test harness — DropdownMenuItem inside an unbounded Row. Either fix the page layout or pump under a fixed Surface size in tests before re-enabling.
02:30 +1122 ~457: /Users/nguyenanhkiet/Playground/grex/test/features/auth/presentation/bloc/auth_bloc_account_linking_property_test.dart: AuthBloc Account Linking Property Tests Property 17: Declined Linking Initiates New Account Flow
02:30 +1122 ~457: /Users/nguyenanhkiet/Playground/grex/test/features/groups/presentation/pages/create_group_page_test.dart: CreateGroupPage Widget Tests should show validation error for empty group name
  Skip: TODO(layout): CreateGroupView triggers "RenderFlex children have non-zero flex but incoming width constraints are unbounded" during initial build in the test harness — DropdownMenuItem inside an unbounded Row. Either fix the page layout or pump under a fixed Surface size in tests before re-enabling.
02:30 +1122 ~458: /Users/nguyenanhkiet/Playground/grex/test/features/auth/presentation/bloc/auth_bloc_account_linking_property_test.dart: AuthBloc Account Linking Property Tests Property 17: Declined Linking Initiates New Account Flow
02:30 +1122 ~458: /Users/nguyenanhkiet/Playground/grex/test/features/groups/presentation/pages/create_group_page_test.dart: CreateGroupPage Widget Tests should show validation error for short group name
  Skip: TODO(layout): CreateGroupView triggers "RenderFlex children have non-zero flex but incoming width constraints are unbounded" during initial build in the test harness — DropdownMenuItem inside an unbounded Row. Either fix the page layout or pump under a fixed Surface size in tests before re-enabling.
02:30 +1122 ~459: /Users/nguyenanhkiet/Playground/grex/test/features/auth/presentation/bloc/auth_bloc_account_linking_property_test.dart: AuthBloc Account Linking Property Tests Property 17: Declined Linking Initiates New Account Flow
02:30 +1122 ~459: /Users/nguyenanhkiet/Playground/grex/test/features/groups/presentation/pages/create_group_page_test.dart: CreateGroupPage Widget Tests should show validation error for long group name
  Skip: TODO(layout): CreateGroupView triggers "RenderFlex children have non-zero flex but incoming width constraints are unbounded" during initial build in the test harness — DropdownMenuItem inside an unbounded Row. Either fix the page layout or pump under a fixed Surface size in tests before re-enabling.
02:30 +1122 ~460: /Users/nguyenanhkiet/Playground/grex/test/features/auth/presentation/bloc/auth_bloc_account_linking_property_test.dart: AuthBloc Account Linking Property Tests Property 17: Declined Linking Initiates New Account Flow
02:30 +1122 ~460: /Users/nguyenanhkiet/Playground/grex/test/features/groups/presentation/pages/create_group_page_test.dart: CreateGroupPage Widget Tests should display currency options in dropdown
  Skip: TODO(layout): CreateGroupView triggers "RenderFlex children have non-zero flex but incoming width constraints are unbounded" during initial build in the test harness — DropdownMenuItem inside an unbounded Row. Either fix the page layout or pump under a fixed Surface size in tests before re-enabling.
02:30 +1122 ~461: /Users/nguyenanhkiet/Playground/grex/test/features/auth/presentation/bloc/auth_bloc_account_linking_property_test.dart: AuthBloc Account Linking Property Tests Property 17: Declined Linking Initiates New Account Flow
02:30 +1122 ~461: /Users/nguyenanhkiet/Playground/grex/test/features/groups/presentation/pages/create_group_page_test.dart: CreateGroupPage Widget Tests should select currency from dropdown
  Skip: TODO(layout): CreateGroupView triggers "RenderFlex children have non-zero flex but incoming width constraints are unbounded" during initial build in the test harness — DropdownMenuItem inside an unbounded Row. Either fix the page layout or pump under a fixed Surface size in tests before re-enabling.
02:30 +1122 ~462: /Users/nguyenanhkiet/Playground/grex/test/features/auth/presentation/bloc/auth_bloc_account_linking_property_test.dart: AuthBloc Account Linking Property Tests Property 17: Declined Linking Initiates New Account Flow
02:30 +1122 ~462: /Users/nguyenanhkiet/Playground/grex/test/features/groups/presentation/pages/create_group_page_test.dart: CreateGroupPage Widget Tests should submit form with valid data
  Skip: TODO(layout): CreateGroupView triggers "RenderFlex children have non-zero flex but incoming width constraints are unbounded" during initial build in the test harness — DropdownMenuItem inside an unbounded Row. Either fix the page layout or pump under a fixed Surface size in tests before re-enabling.
02:30 +1122 ~463: /Users/nguyenanhkiet/Playground/grex/test/features/auth/presentation/bloc/auth_bloc_account_linking_property_test.dart: AuthBloc Account Linking Property Tests Property 17: Declined Linking Initiates New Account Flow
02:30 +1122 ~463: /Users/nguyenanhkiet/Playground/grex/test/features/groups/presentation/pages/create_group_page_test.dart: CreateGroupPage Widget Tests should show loading state when creating group
  Skip: TODO(layout): CreateGroupView triggers "RenderFlex children have non-zero flex but incoming width constraints are unbounded" during initial build in the test harness — DropdownMenuItem inside an unbounded Row. Either fix the page layout or pump under a fixed Surface size in tests before re-enabling.
02:30 +1122 ~464: /Users/nguyenanhkiet/Playground/grex/test/features/auth/presentation/bloc/auth_bloc_account_linking_property_test.dart: AuthBloc Account Linking Property Tests Property 17: Declined Linking Initiates New Account Flow
02:30 +1122 ~464: /Users/nguyenanhkiet/Playground/grex/test/features/groups/presentation/pages/create_group_page_test.dart: CreateGroupPage Widget Tests should show error message when creation fails
  Skip: TODO(layout): CreateGroupView triggers "RenderFlex children have non-zero flex but incoming width constraints are unbounded" during initial build in the test harness — DropdownMenuItem inside an unbounded Row. Either fix the page layout or pump under a fixed Surface size in tests before re-enabling.
02:30 +1122 ~465: /Users/nguyenanhkiet/Playground/grex/test/features/auth/presentation/bloc/auth_bloc_account_linking_property_test.dart: AuthBloc Account Linking Property Tests Property 17: Declined Linking Initiates New Account Flow
02:30 +1122 ~465: /Users/nguyenanhkiet/Playground/grex/test/features/groups/presentation/pages/create_group_page_test.dart: CreateGroupPage Widget Tests should navigate back when group is created successfully
  Skip: TODO(layout): CreateGroupView triggers "RenderFlex children have non-zero flex but incoming width constraints are unbounded" during initial build in the test harness — DropdownMenuItem inside an unbounded Row. Either fix the page layout or pump under a fixed Surface size in tests before re-enabling.
02:30 +1122 ~466: /Users/nguyenanhkiet/Playground/grex/test/features/auth/presentation/bloc/auth_bloc_account_linking_property_test.dart: AuthBloc Account Linking Property Tests Property 17: Declined Linking Initiates New Account Flow
02:30 +1122 ~466: /Users/nguyenanhkiet/Playground/grex/test/features/groups/presentation/pages/create_group_page_test.dart: CreateGroupPage Widget Tests should have proper form styling
  Skip: TODO(layout): CreateGroupView triggers "RenderFlex children have non-zero flex but incoming width constraints are unbounded" during initial build in the test harness — DropdownMenuItem inside an unbounded Row. Either fix the page layout or pump under a fixed Surface size in tests before re-enabling.
02:30 +1122 ~467: /Users/nguyenanhkiet/Playground/grex/test/features/auth/presentation/bloc/auth_bloc_account_linking_property_test.dart: AuthBloc Account Linking Property Tests Property 17: Declined Linking Initiates New Account Flow
02:30 +1122 ~467: /Users/nguyenanhkiet/Playground/grex/test/features/groups/presentation/pages/create_group_page_test.dart: CreateGroupPage Widget Tests should have back button in app bar
  Skip: TODO(layout): CreateGroupView triggers "RenderFlex children have non-zero flex but incoming width constraints are unbounded" during initial build in the test harness — DropdownMenuItem inside an unbounded Row. Either fix the page layout or pump under a fixed Surface size in tests before re-enabling.
02:30 +1122 ~468: /Users/nguyenanhkiet/Playground/grex/test/features/auth/presentation/bloc/auth_bloc_account_linking_property_test.dart: AuthBloc Account Linking Property Tests Property 17: Declined Linking Initiates New Account Flow
02:30 +1122 ~468: /Users/nguyenanhkiet/Playground/grex/test/features/groups/presentation/pages/create_group_page_test.dart: CreateGroupPage Widget Tests should clear form when reset
  Skip: TODO(layout): CreateGroupView triggers "RenderFlex children have non-zero flex but incoming width constraints are unbounded" during initial build in the test harness — DropdownMenuItem inside an unbounded Row. Either fix the page layout or pump under a fixed Surface size in tests before re-enabling.
02:30 +1122 ~469: /Users/nguyenanhkiet/Playground/grex/test/features/auth/presentation/bloc/auth_bloc_account_linking_property_test.dart: AuthBloc Account Linking Property Tests Property 17: Declined Linking Initiates New Account Flow
02:30 +1122 ~469: /Users/nguyenanhkiet/Playground/grex/test/features/groups/presentation/pages/create_group_page_test.dart: CreateGroupPage Widget Tests should handle keyboard actions properly
  Skip: TODO(layout): CreateGroupView triggers "RenderFlex children have non-zero flex but incoming width constraints are unbounded" during initial build in the test harness — DropdownMenuItem inside an unbounded Row. Either fix the page layout or pump under a fixed Surface size in tests before re-enabling.
02:30 +1122 ~470: /Users/nguyenanhkiet/Playground/grex/test/features/auth/presentation/bloc/auth_bloc_account_linking_property_test.dart: AuthBloc Account Linking Property Tests Property 17: Declined Linking Initiates New Account Flow
02:30 +1123 ~470: /Users/nguyenanhkiet/Playground/grex/test/features/auth/presentation/bloc/auth_bloc_account_linking_property_test.dart: AuthBloc Account Linking Property Tests Property 17: Declined Linking Initiates New Account Flow
02:30 +1124 ~470: /Users/nguyenanhkiet/Playground/grex/test/features/auth/presentation/bloc/auth_bloc_account_linking_property_test.dart: AuthBloc Account Linking Property Tests Property 17: Declined Linking Initiates New Account Flow
02:30 +1125 ~470: /Users/nguyenanhkiet/Playground/grex/test/features/auth/presentation/bloc/auth_bloc_account_linking_property_test.dart: AuthBloc Account Linking Property Tests Property 17: Declined Linking Initiates New Account Flow
02:30 +1126 ~470: /Users/nguyenanhkiet/Playground/grex/test/features/auth/presentation/bloc/auth_bloc_account_linking_property_test.dart: AuthBloc Account Linking Property Tests Property 17: Declined Linking Initiates New Account Flow
02:30 +1127 ~470: /Users/nguyenanhkiet/Playground/grex/test/features/auth/presentation/bloc/auth_bloc_account_linking_property_test.dart: AuthBloc Account Linking Property Tests Property 17: Declined Linking Initiates New Account Flow
02:30 +1128 ~470: /Users/nguyenanhkiet/Playground/grex/test/features/auth/presentation/bloc/auth_bloc_account_linking_property_test.dart: AuthBloc Account Linking Property Tests Property 17: Declined Linking Initiates New Account Flow
02:31 +1128 ~470: /Users/nguyenanhkiet/Playground/grex/test/features/groups/presentation/pages/group_settings_page_test.dart: GroupSettingsPage Widget Tests should display loading state initially
  Skip: TODO(mock-migration): test uses the manual `class MockGroupBloc extends Mock implements GroupBloc` pattern which mockito null-safety can no longer stub (Bad state: Cannot call `when` within a stub response). Migrate to bloc_test MockBloc + mocktail whenListen (see group_list_page_test.dart for the template).
02:31 +1128 ~471: /Users/nguyenanhkiet/Playground/grex/test/features/auth/presentation/bloc/auth_bloc_account_linking_property_test.dart: AuthBloc Account Linking Property Tests Property 17: Declined Linking Initiates New Account Flow
02:31 +1128 ~471: /Users/nguyenanhkiet/Playground/grex/test/features/groups/presentation/pages/group_settings_page_test.dart: GroupSettingsPage Widget Tests should display group settings form when loaded
  Skip: TODO(mock-migration): test uses the manual `class MockGroupBloc extends Mock implements GroupBloc` pattern which mockito null-safety can no longer stub (Bad state: Cannot call `when` within a stub response). Migrate to bloc_test MockBloc + mocktail whenListen (see group_list_page_test.dart for the template).
02:31 +1128 ~472: /Users/nguyenanhkiet/Playground/grex/test/features/auth/presentation/bloc/auth_bloc_account_linking_property_test.dart: AuthBloc Account Linking Property Tests Property 17: Declined Linking Initiates New Account Flow
02:31 +1128 ~472: /Users/nguyenanhkiet/Playground/grex/test/features/groups/presentation/pages/group_settings_page_test.dart: GroupSettingsPage Widget Tests should pre-populate form with current group data
  Skip: TODO(mock-migration): test uses the manual `class MockGroupBloc extends Mock implements GroupBloc` pattern which mockito null-safety can no longer stub (Bad state: Cannot call `when` within a stub response). Migrate to bloc_test MockBloc + mocktail whenListen (see group_list_page_test.dart for the template).
02:31 +1128 ~473: /Users/nguyenanhkiet/Playground/grex/test/features/auth/presentation/bloc/auth_bloc_account_linking_property_test.dart: AuthBloc Account Linking Property Tests Property 17: Declined Linking Initiates New Account Flow
02:31 +1128 ~473: /Users/nguyenanhkiet/Playground/grex/test/features/groups/presentation/pages/group_settings_page_test.dart: GroupSettingsPage Widget Tests should display member list with roles
  Skip: TODO(mock-migration): test uses the manual `class MockGroupBloc extends Mock implements GroupBloc` pattern which mockito null-safety can no longer stub (Bad state: Cannot call `when` within a stub response). Migrate to bloc_test MockBloc + mocktail whenListen (see group_list_page_test.dart for the template).
02:31 +1128 ~474: /Users/nguyenanhkiet/Playground/grex/test/features/auth/presentation/bloc/auth_bloc_account_linking_property_test.dart: AuthBloc Account Linking Property Tests Property 17: Declined Linking Initiates New Account Flow
02:31 +1128 ~474: /Users/nguyenanhkiet/Playground/grex/test/features/groups/presentation/pages/group_settings_page_test.dart: GroupSettingsPage Widget Tests should show invite member button
  Skip: TODO(mock-migration): test uses the manual `class MockGroupBloc extends Mock implements GroupBloc` pattern which mockito null-safety can no longer stub (Bad state: Cannot call `when` within a stub response). Migrate to bloc_test MockBloc + mocktail whenListen (see group_list_page_test.dart for the template).
02:31 +1128 ~475: /Users/nguyenanhkiet/Playground/grex/test/features/auth/presentation/bloc/auth_bloc_account_linking_property_test.dart: AuthBloc Account Linking Property Tests Property 17: Declined Linking Initiates New Account Flow
02:31 +1128 ~475: /Users/nguyenanhkiet/Playground/grex/test/features/groups/presentation/pages/group_settings_page_test.dart: GroupSettingsPage Widget Tests should validate group name input
  Skip: TODO(mock-migration): test uses the manual `class MockGroupBloc extends Mock implements GroupBloc` pattern which mockito null-safety can no longer stub (Bad state: Cannot call `when` within a stub response). Migrate to bloc_test MockBloc + mocktail whenListen (see group_list_page_test.dart for the template).
02:31 +1128 ~476: /Users/nguyenanhkiet/Playground/grex/test/features/auth/presentation/bloc/auth_bloc_account_linking_property_test.dart: AuthBloc Account Linking Property Tests Property 17: Declined Linking Initiates New Account Flow
02:31 +1128 ~476: /Users/nguyenanhkiet/Playground/grex/test/features/groups/presentation/pages/group_settings_page_test.dart: GroupSettingsPage Widget Tests should enable save button when changes are made
  Skip: TODO(mock-migration): test uses the manual `class MockGroupBloc extends Mock implements GroupBloc` pattern which mockito null-safety can no longer stub (Bad state: Cannot call `when` within a stub response). Migrate to bloc_test MockBloc + mocktail whenListen (see group_list_page_test.dart for the template).
02:31 +1128 ~477: /Users/nguyenanhkiet/Playground/grex/test/features/auth/presentation/bloc/auth_bloc_account_linking_property_test.dart: AuthBloc Account Linking Property Tests Property 17: Declined Linking Initiates New Account Flow
02:31 +1128 ~477: /Users/nguyenanhkiet/Playground/grex/test/features/groups/presentation/pages/group_settings_page_test.dart: GroupSettingsPage Widget Tests should show member management options for administrators
  Skip: TODO(mock-migration): test uses the manual `class MockGroupBloc extends Mock implements GroupBloc` pattern which mockito null-safety can no longer stub (Bad state: Cannot call `when` within a stub response). Migrate to bloc_test MockBloc + mocktail whenListen (see group_list_page_test.dart for the template).
02:31 +1128 ~478: /Users/nguyenanhkiet/Playground/grex/test/features/auth/presentation/bloc/auth_bloc_account_linking_property_test.dart: AuthBloc Account Linking Property Tests Property 17: Declined Linking Initiates New Account Flow
02:31 +1128 ~478: /Users/nguyenanhkiet/Playground/grex/test/features/groups/presentation/pages/group_settings_page_test.dart: GroupSettingsPage Widget Tests should show role change options in member menu
  Skip: TODO(mock-migration): test uses the manual `class MockGroupBloc extends Mock implements GroupBloc` pattern which mockito null-safety can no longer stub (Bad state: Cannot call `when` within a stub response). Migrate to bloc_test MockBloc + mocktail whenListen (see group_list_page_test.dart for the template).
02:31 +1128 ~479: /Users/nguyenanhkiet/Playground/grex/test/features/auth/presentation/bloc/auth_bloc_account_linking_property_test.dart: AuthBloc Account Linking Property Tests Property 17: Declined Linking Initiates New Account Flow
02:31 +1128 ~479: /Users/nguyenanhkiet/Playground/grex/test/features/groups/presentation/pages/group_settings_page_test.dart: GroupSettingsPage Widget Tests should show invite member dialog when invite button is tapped
  Skip: TODO(mock-migration): test uses the manual `class MockGroupBloc extends Mock implements GroupBloc` pattern which mockito null-safety can no longer stub (Bad state: Cannot call `when` within a stub response). Migrate to bloc_test MockBloc + mocktail whenListen (see group_list_page_test.dart for the template).
02:31 +1128 ~480: /Users/nguyenanhkiet/Playground/grex/test/features/auth/presentation/bloc/auth_bloc_account_linking_property_test.dart: AuthBloc Account Linking Property Tests Property 17: Declined Linking Initiates New Account Flow
02:31 +1128 ~480: /Users/nguyenanhkiet/Playground/grex/test/features/groups/presentation/pages/group_settings_page_test.dart: GroupSettingsPage Widget Tests should show role selection dialog when changing member role
  Skip: TODO(mock-migration): test uses the manual `class MockGroupBloc extends Mock implements GroupBloc` pattern which mockito null-safety can no longer stub (Bad state: Cannot call `when` within a stub response). Migrate to bloc_test MockBloc + mocktail whenListen (see group_list_page_test.dart for the template).
02:31 +1128 ~481: /Users/nguyenanhkiet/Playground/grex/test/features/auth/presentation/bloc/auth_bloc_account_linking_property_test.dart: AuthBloc Account Linking Property Tests Property 17: Declined Linking Initiates New Account Flow
02:31 +1128 ~481: /Users/nguyenanhkiet/Playground/grex/test/features/groups/presentation/pages/group_settings_page_test.dart: GroupSettingsPage Widget Tests should show confirmation dialog when removing member
  Skip: TODO(mock-migration): test uses the manual `class MockGroupBloc extends Mock implements GroupBloc` pattern which mockito null-safety can no longer stub (Bad state: Cannot call `when` within a stub response). Migrate to bloc_test MockBloc + mocktail whenListen (see group_list_page_test.dart for the template).
02:31 +1128 ~482: /Users/nguyenanhkiet/Playground/grex/test/features/auth/presentation/bloc/auth_bloc_account_linking_property_test.dart: AuthBloc Account Linking Property Tests Property 17: Declined Linking Initiates New Account Flow
02:31 +1128 ~482: /Users/nguyenanhkiet/Playground/grex/test/features/groups/presentation/pages/group_settings_page_test.dart: GroupSettingsPage Widget Tests should show leave group option for non-creators
  Skip: TODO(mock-migration): test uses the manual `class MockGroupBloc extends Mock implements GroupBloc` pattern which mockito null-safety can no longer stub (Bad state: Cannot call `when` within a stub response). Migrate to bloc_test MockBloc + mocktail whenListen (see group_list_page_test.dart for the template).
02:31 +1128 ~483: /Users/nguyenanhkiet/Playground/grex/test/features/auth/presentation/bloc/auth_bloc_account_linking_property_test.dart: AuthBloc Account Linking Property Tests Property 17: Declined Linking Initiates New Account Flow
02:31 +1128 ~483: /Users/nguyenanhkiet/Playground/grex/test/features/groups/presentation/pages/group_settings_page_test.dart: GroupSettingsPage Widget Tests should show delete group option for creators
  Skip: TODO(mock-migration): test uses the manual `class MockGroupBloc extends Mock implements GroupBloc` pattern which mockito null-safety can no longer stub (Bad state: Cannot call `when` within a stub response). Migrate to bloc_test MockBloc + mocktail whenListen (see group_list_page_test.dart for the template).
02:31 +1128 ~484: /Users/nguyenanhkiet/Playground/grex/test/features/auth/presentation/bloc/auth_bloc_account_linking_property_test.dart: AuthBloc Account Linking Property Tests Property 17: Declined Linking Initiates New Account Flow
02:31 +1128 ~484: /Users/nguyenanhkiet/Playground/grex/test/features/groups/presentation/pages/group_settings_page_test.dart: GroupSettingsPage Widget Tests should show error message when update fails
  Skip: TODO(mock-migration): test uses the manual `class MockGroupBloc extends Mock implements GroupBloc` pattern which mockito null-safety can no longer stub (Bad state: Cannot call `when` within a stub response). Migrate to bloc_test MockBloc + mocktail whenListen (see group_list_page_test.dart for the template).
02:31 +1128 ~485: /Users/nguyenanhkiet/Playground/grex/test/features/auth/presentation/bloc/auth_bloc_account_linking_property_test.dart: AuthBloc Account Linking Property Tests Property 17: Declined Linking Initiates New Account Flow
02:31 +1128 ~485: /Users/nguyenanhkiet/Playground/grex/test/features/groups/presentation/pages/group_settings_page_test.dart: GroupSettingsPage Widget Tests should handle currency change
  Skip: TODO(mock-migration): test uses the manual `class MockGroupBloc extends Mock implements GroupBloc` pattern which mockito null-safety can no longer stub (Bad state: Cannot call `when` within a stub response). Migrate to bloc_test MockBloc + mocktail whenListen (see group_list_page_test.dart for the template).
02:31 +1128 ~486: /Users/nguyenanhkiet/Playground/grex/test/features/auth/presentation/bloc/auth_bloc_account_linking_property_test.dart: AuthBloc Account Linking Property Tests Property 17: Declined Linking Initiates New Account Flow
02:33 +1129 ~486: /Users/nguyenanhkiet/Playground/grex/test/features/auth/presentation/bloc/auth_bloc_account_linking_property_test.dart: AuthBloc Account Linking Property Tests Property 17: Declined Linking Initiates New Account Flow
02:33 +1130 ~486: /Users/nguyenanhkiet/Playground/grex/test/features/auth/presentation/bloc/auth_bloc_account_linking_property_test.dart: AuthBloc Account Linking Property Tests Property 17: Declined Linking Initiates New Account Flow
02:33 +1131 ~486: /Users/nguyenanhkiet/Playground/grex/test/features/auth/presentation/bloc/auth_bloc_account_linking_property_test.dart: AuthBloc Account Linking Property Tests Property 17: Declined Linking Initiates New Account Flow
02:33 +1132 ~486: /Users/nguyenanhkiet/Playground/grex/test/features/auth/presentation/bloc/auth_bloc_account_linking_property_test.dart: AuthBloc Account Linking Property Tests Property 17: Declined Linking Initiates New Account Flow
02:33 +1133 ~486: /Users/nguyenanhkiet/Playground/grex/test/features/auth/presentation/bloc/auth_bloc_account_linking_property_test.dart: AuthBloc Account Linking Property Tests Property 17: Declined Linking Initiates New Account Flow
02:33 +1134 ~486: /Users/nguyenanhkiet/Playground/grex/test/features/auth/presentation/bloc/auth_bloc_account_linking_property_test.dart: AuthBloc Account Linking Property Tests Property 17: Declined Linking Initiates New Account Flow
02:33 +1135 ~486: /Users/nguyenanhkiet/Playground/grex/test/features/auth/presentation/bloc/auth_bloc_account_linking_property_test.dart: AuthBloc Account Linking Property Tests Property 17: Declined Linking Initiates New Account Flow
02:33 +1136 ~486: /Users/nguyenanhkiet/Playground/grex/test/features/auth/presentation/bloc/auth_bloc_account_linking_property_test.dart: AuthBloc Account Linking Property Tests Property 17: Declined Linking Initiates New Account Flow
02:33 +1137 ~486: /Users/nguyenanhkiet/Playground/grex/test/features/auth/presentation/bloc/auth_bloc_account_linking_property_test.dart: AuthBloc Account Linking Property Tests Property 17: Declined Linking Initiates New Account Flow
02:33 +1138 ~486: /Users/nguyenanhkiet/Playground/grex/test/features/auth/presentation/bloc/auth_bloc_account_linking_property_test.dart: AuthBloc Account Linking Property Tests Property 17: Declined Linking Initiates New Account Flow
02:34 +1139 ~486: /Users/nguyenanhkiet/Playground/grex/test/features/auth/presentation/bloc/auth_bloc_account_linking_property_test.dart: AuthBloc Account Linking Property Tests Property 17: Declined Linking Initiates New Account Flow
02:34 +1140 ~486: /Users/nguyenanhkiet/Playground/grex/test/features/auth/presentation/bloc/auth_bloc_account_linking_property_test.dart: AuthBloc Account Linking Property Tests Property 17: Declined Linking Initiates New Account Flow
02:34 +1141 ~486: /Users/nguyenanhkiet/Playground/grex/test/features/auth/presentation/bloc/auth_bloc_account_linking_property_test.dart: AuthBloc Account Linking Property Tests Property 17: Declined Linking Initiates New Account Flow
02:34 +1142 ~486: /Users/nguyenanhkiet/Playground/grex/test/features/auth/presentation/bloc/auth_bloc_account_linking_property_test.dart: AuthBloc Account Linking Property Tests Property 17: Declined Linking Initiates New Account Flow
02:34 +1143 ~486: /Users/nguyenanhkiet/Playground/grex/test/features/auth/presentation/bloc/auth_bloc_account_linking_property_test.dart: AuthBloc Account Linking Property Tests Property 17: Declined Linking Initiates New Account Flow
02:35 +1144 ~486: /Users/nguyenanhkiet/Playground/grex/test/features/auth/presentation/bloc/auth_bloc_account_linking_property_test.dart: AuthBloc Account Linking Property Tests Property 17: Declined Linking Initiates New Account Flow
02:35 +1145 ~486: /Users/nguyenanhkiet/Playground/grex/test/features/auth/presentation/bloc/auth_bloc_account_linking_property_test.dart: AuthBloc Account Linking Property Tests Property 17: Declined Linking Initiates New Account Flow
02:35 +1146 ~486: /Users/nguyenanhkiet/Playground/grex/test/features/auth/presentation/bloc/auth_bloc_account_linking_property_test.dart: AuthBloc Account Linking Property Tests Property 17: Declined Linking Initiates New Account Flow
02:35 +1147 ~486: /Users/nguyenanhkiet/Playground/grex/test/features/auth/presentation/bloc/auth_bloc_account_linking_property_test.dart: AuthBloc Account Linking Property Tests Property 17: Declined Linking Initiates New Account Flow
02:35 +1148 ~486: /Users/nguyenanhkiet/Playground/grex/test/features/auth/presentation/bloc/auth_bloc_account_linking_property_test.dart: AuthBloc Account Linking Property Tests Property 17: Declined Linking Initiates New Account Flow
02:35 +1149 ~486: /Users/nguyenanhkiet/Playground/grex/test/features/auth/presentation/bloc/auth_bloc_account_linking_property_test.dart: AuthBloc Account Linking Property Tests Property 17: Declined Linking Initiates New Account Flow
02:35 +1150 ~486: /Users/nguyenanhkiet/Playground/grex/test/features/auth/presentation/bloc/auth_bloc_account_linking_property_test.dart: AuthBloc Account Linking Property Tests Property 17: Declined Linking Initiates New Account Flow
02:35 +1151 ~486: /Users/nguyenanhkiet/Playground/grex/test/features/auth/presentation/bloc/auth_bloc_account_linking_property_test.dart: AuthBloc Account Linking Property Tests Property 17: Declined Linking Initiates New Account Flow
02:35 +1152 ~486: /Users/nguyenanhkiet/Playground/grex/test/features/auth/presentation/bloc/auth_bloc_account_linking_property_test.dart: AuthBloc Account Linking Property Tests Property 17: Declined Linking Initiates New Account Flow
02:35 +1153 ~486: /Users/nguyenanhkiet/Playground/grex/test/features/auth/presentation/bloc/auth_bloc_account_linking_property_test.dart: AuthBloc Account Linking Property Tests Property 17: Declined Linking Initiates New Account Flow
02:35 +1154 ~486: /Users/nguyenanhkiet/Playground/grex/test/features/auth/presentation/bloc/auth_bloc_account_linking_property_test.dart: AuthBloc Account Linking Property Tests Property 17: Declined Linking Initiates New Account Flow
02:35 +1155 ~486: /Users/nguyenanhkiet/Playground/grex/test/features/auth/presentation/bloc/auth_bloc_account_linking_property_test.dart: AuthBloc Account Linking Property Tests Property 17: Declined Linking Initiates New Account Flow
02:35 +1156 ~486: /Users/nguyenanhkiet/Playground/grex/test/features/auth/presentation/bloc/auth_bloc_account_linking_property_test.dart: AuthBloc Account Linking Property Tests Property 17: Declined Linking Initiates New Account Flow
02:35 +1157 ~486: /Users/nguyenanhkiet/Playground/grex/test/features/auth/presentation/bloc/auth_bloc_account_linking_property_test.dart: AuthBloc Account Linking Property Tests Property 17: Declined Linking Initiates New Account Flow
02:35 +1158 ~486: /Users/nguyenanhkiet/Playground/grex/test/features/auth/presentation/bloc/auth_bloc_account_linking_property_test.dart: AuthBloc Account Linking Property Tests Property 17: Declined Linking Initiates New Account Flow
02:35 +1159 ~486: /Users/nguyenanhkiet/Playground/grex/test/features/auth/presentation/bloc/auth_bloc_account_linking_property_test.dart: AuthBloc Account Linking Property Tests Property 17: Declined Linking Initiates New Account Flow
02:35 +1160 ~486: /Users/nguyenanhkiet/Playground/grex/test/features/auth/presentation/bloc/auth_bloc_account_linking_property_test.dart: AuthBloc Account Linking Property Tests Property 17: Declined Linking Initiates New Account Flow
02:35 +1161 ~486: /Users/nguyenanhkiet/Playground/grex/test/features/auth/presentation/bloc/auth_bloc_account_linking_property_test.dart: AuthBloc Account Linking Property Tests Property 17: Declined Linking Initiates New Account Flow
02:35 +1162 ~486: /Users/nguyenanhkiet/Playground/grex/test/features/auth/presentation/bloc/auth_bloc_account_linking_property_test.dart: AuthBloc Account Linking Property Tests Property 17: Declined Linking Initiates New Account Flow
02:35 +1163 ~486: /Users/nguyenanhkiet/Playground/grex/test/features/auth/presentation/bloc/auth_bloc_account_linking_property_test.dart: AuthBloc Account Linking Property Tests Property 17: Declined Linking Initiates New Account Flow
02:35 +1164 ~486: /Users/nguyenanhkiet/Playground/grex/test/features/auth/presentation/bloc/auth_bloc_account_linking_property_test.dart: AuthBloc Account Linking Property Tests Property 17: Declined Linking Initiates New Account Flow
02:35 +1165 ~486: /Users/nguyenanhkiet/Playground/grex/test/features/auth/presentation/bloc/auth_bloc_account_linking_property_test.dart: AuthBloc Account Linking Property Tests Property 17: Declined Linking Initiates New Account Flow
02:36 +1165 ~486: /Users/nguyenanhkiet/Playground/grex/test/features/balances/domain/repositories/balance_repository_property_test.dart: BalanceRepository Property Tests Property 18: Balance display shows net amounts should display correct net amounts for any group configuration
  Skip: TODO(supabase-mock): MockSupabaseClient.auth getter is null (type 'Null' is not a subtype of 'GoTrueClient'). The shared mock in test/helpers/supabase_mocks.dart needs an explicit auth stub before these property tests can construct the repository.
02:36 +1165 ~487: /Users/nguyenanhkiet/Playground/grex/test/features/auth/presentation/bloc/auth_bloc_account_linking_property_test.dart: AuthBloc Account Linking Property Tests Property 17: Declined Linking Initiates New Account Flow
02:36 +1165 ~487: /Users/nguyenanhkiet/Playground/grex/test/features/balances/domain/repositories/balance_repository_property_test.dart: BalanceRepository Property Tests Property 18: Balance display shows net amounts should handle zero balances correctly
  Skip: TODO(supabase-mock): MockSupabaseClient.auth getter is null (type 'Null' is not a subtype of 'GoTrueClient'). The shared mock in test/helpers/supabase_mocks.dart needs an explicit auth stub before these property tests can construct the repository.
02:36 +1165 ~488: /Users/nguyenanhkiet/Playground/grex/test/features/auth/presentation/bloc/auth_bloc_account_linking_property_test.dart: AuthBloc Account Linking Property Tests Property 17: Declined Linking Initiates New Account Flow
02:36 +1165 ~488: /Users/nguyenanhkiet/Playground/grex/test/features/balances/domain/repositories/balance_repository_property_test.dart: BalanceRepository Property Tests Property 18: Balance display shows net amounts should preserve balance precision
  Skip: TODO(supabase-mock): MockSupabaseClient.auth getter is null (type 'Null' is not a subtype of 'GoTrueClient'). The shared mock in test/helpers/supabase_mocks.dart needs an explicit auth stub before these property tests can construct the repository.
02:36 +1165 ~489: /Users/nguyenanhkiet/Playground/grex/test/features/auth/presentation/bloc/auth_bloc_account_linking_property_test.dart: AuthBloc Account Linking Property Tests Property 17: Declined Linking Initiates New Account Flow
02:36 +1165 ~489: /Users/nguyenanhkiet/Playground/grex/test/features/balances/domain/repositories/balance_repository_property_test.dart: BalanceRepository Property Tests Property 19: Balance calculation includes all transactions should include all expenses and payments in balance calculation
  Skip: TODO(supabase-mock): MockSupabaseClient.auth getter is null (type 'Null' is not a subtype of 'GoTrueClient'). The shared mock in test/helpers/supabase_mocks.dart needs an explicit auth stub before these property tests can construct the repository.
02:36 +1165 ~490: /Users/nguyenanhkiet/Playground/grex/test/features/auth/presentation/bloc/auth_bloc_account_linking_property_test.dart: AuthBloc Account Linking Property Tests Property 17: Declined Linking Initiates New Account Flow
02:36 +1165 ~490: /Users/nguyenanhkiet/Playground/grex/test/features/balances/domain/repositories/balance_repository_property_test.dart: BalanceRepository Property Tests Property 19: Balance calculation includes all transactions should handle groups with no transactions
  Skip: TODO(supabase-mock): MockSupabaseClient.auth getter is null (type 'Null' is not a subtype of 'GoTrueClient'). The shared mock in test/helpers/supabase_mocks.dart needs an explicit auth stub before these property tests can construct the repository.
02:36 +1165 ~491: /Users/nguyenanhkiet/Playground/grex/test/features/auth/presentation/bloc/auth_bloc_account_linking_property_test.dart: AuthBloc Account Linking Property Tests Property 17: Declined Linking Initiates New Account Flow
02:36 +1165 ~491: /Users/nguyenanhkiet/Playground/grex/test/features/balances/domain/repositories/balance_repository_property_test.dart: BalanceRepository Property Tests Property 19: Balance calculation includes all transactions should maintain consistency across multiple calculations
  Skip: TODO(supabase-mock): MockSupabaseClient.auth getter is null (type 'Null' is not a subtype of 'GoTrueClient'). The shared mock in test/helpers/supabase_mocks.dart needs an explicit auth stub before these property tests can construct the repository.
02:36 +1165 ~492: /Users/nguyenanhkiet/Playground/grex/test/features/auth/presentation/bloc/auth_bloc_account_linking_property_test.dart: AuthBloc Account Linking Property Tests Property 17: Declined Linking Initiates New Account Flow
02:36 +1165 ~492: /Users/nguyenanhkiet/Playground/grex/test/features/balances/domain/repositories/balance_repository_property_test.dart: BalanceRepository Property Tests Property 20: Settlement plan minimizes transactions should generate settlement plan that minimizes number of transactions
  Skip: TODO(supabase-mock): MockSupabaseClient.auth getter is null (type 'Null' is not a subtype of 'GoTrueClient'). The shared mock in test/helpers/supabase_mocks.dart needs an explicit auth stub before these property tests can construct the repository.
02:36 +1165 ~493: /Users/nguyenanhkiet/Playground/grex/test/features/auth/presentation/bloc/auth_bloc_account_linking_property_test.dart: AuthBloc Account Linking Property Tests Property 17: Declined Linking Initiates New Account Flow
02:36 +1165 ~493: /Users/nguyenanhkiet/Playground/grex/test/features/balances/domain/repositories/balance_repository_property_test.dart: BalanceRepository Property Tests Property 20: Settlement plan minimizes transactions should generate empty settlement plan for balanced groups
  Skip: TODO(supabase-mock): MockSupabaseClient.auth getter is null (type 'Null' is not a subtype of 'GoTrueClient'). The shared mock in test/helpers/supabase_mocks.dart needs an explicit auth stub before these property tests can construct the repository.
02:36 +1165 ~494: /Users/nguyenanhkiet/Playground/grex/test/features/auth/presentation/bloc/auth_bloc_account_linking_property_test.dart: AuthBloc Account Linking Property Tests Property 17: Declined Linking Initiates New Account Flow
02:36 +1165 ~494: /Users/nguyenanhkiet/Playground/grex/test/features/balances/domain/repositories/balance_repository_property_test.dart: BalanceRepository Property Tests Property 20: Settlement plan minimizes transactions should handle single debtor and single creditor optimally
  Skip: TODO(supabase-mock): MockSupabaseClient.auth getter is null (type 'Null' is not a subtype of 'GoTrueClient'). The shared mock in test/helpers/supabase_mocks.dart needs an explicit auth stub before these property tests can construct the repository.
02:36 +1165 ~495: /Users/nguyenanhkiet/Playground/grex/test/features/auth/presentation/bloc/auth_bloc_account_linking_property_test.dart: AuthBloc Account Linking Property Tests Property 17: Declined Linking Initiates New Account Flow
02:36 +1165 ~495: /Users/nguyenanhkiet/Playground/grex/test/features/balances/domain/repositories/balance_repository_property_test.dart: BalanceRepository Property Tests Property 20: Settlement plan minimizes transactions should preserve total settlement amounts
  Skip: TODO(supabase-mock): MockSupabaseClient.auth getter is null (type 'Null' is not a subtype of 'GoTrueClient'). The shared mock in test/helpers/supabase_mocks.dart needs an explicit auth stub before these property tests can construct the repository.
02:36 +1165 ~496: /Users/nguyenanhkiet/Playground/grex/test/features/auth/presentation/bloc/auth_bloc_account_linking_property_test.dart: AuthBloc Account Linking Property Tests Property 17: Declined Linking Initiates New Account Flow
02:36 +1165 ~496: /Users/nguyenanhkiet/Playground/grex/test/features/balances/domain/repositories/balance_repository_property_test.dart: BalanceRepository Property Tests Property 20: Settlement plan minimizes transactions should handle complex multi-person scenarios efficiently
  Skip: TODO(supabase-mock): MockSupabaseClient.auth getter is null (type 'Null' is not a subtype of 'GoTrueClient'). The shared mock in test/helpers/supabase_mocks.dart needs an explicit auth stub before these property tests can construct the repository.
02:36 +1165 ~497: /Users/nguyenanhkiet/Playground/grex/test/features/auth/presentation/bloc/auth_bloc_account_linking_property_test.dart: AuthBloc Account Linking Property Tests Property 17: Declined Linking Initiates New Account Flow
02:37 +1165 ~497: /Users/nguyenanhkiet/Playground/grex/test/features/balances/presentation/pages/balance_page_test.dart: BalancePage Widget Tests should display app bar with title and settlement button
  Skip: TODO(mock-migration): manual `class MockBalanceBloc extends Mock implements BalanceBloc` returns null for stream/state under mockito null-safety. Migrate to bloc_test MockBloc + mocktail whenListen (see group_list_page_test.dart for the template).
02:37 +1165 ~498: /Users/nguyenanhkiet/Playground/grex/test/features/auth/presentation/bloc/auth_bloc_account_linking_property_test.dart: AuthBloc Account Linking Property Tests Property 17: Declined Linking Initiates New Account Flow
02:37 +1165 ~498: /Users/nguyenanhkiet/Playground/grex/test/features/balances/presentation/pages/balance_page_test.dart: BalancePage Widget Tests should display loading indicator when loading
  Skip: TODO(mock-migration): manual `class MockBalanceBloc extends Mock implements BalanceBloc` returns null for stream/state under mockito null-safety. Migrate to bloc_test MockBloc + mocktail whenListen (see group_list_page_test.dart for the template).
02:37 +1165 ~499: /Users/nguyenanhkiet/Playground/grex/test/features/auth/presentation/bloc/auth_bloc_account_linking_property_test.dart: AuthBloc Account Linking Property Tests Property 17: Declined Linking Initiates New Account Flow
02:37 +1165 ~499: /Users/nguyenanhkiet/Playground/grex/test/features/balances/presentation/pages/balance_page_test.dart: BalancePage Widget Tests should display error state with retry button
  Skip: TODO(mock-migration): manual `class MockBalanceBloc extends Mock implements BalanceBloc` returns null for stream/state under mockito null-safety. Migrate to bloc_test MockBloc + mocktail whenListen (see group_list_page_test.dart for the template).
02:37 +1165 ~500: /Users/nguyenanhkiet/Playground/grex/test/features/auth/presentation/bloc/auth_bloc_account_linking_property_test.dart: AuthBloc Account Linking Property Tests Property 17: Declined Linking Initiates New Account Flow
02:37 +1165 ~500: /Users/nguyenanhkiet/Playground/grex/test/features/balances/presentation/pages/balance_page_test.dart: BalancePage Widget Tests should retry loading when retry button is tapped
  Skip: TODO(mock-migration): manual `class MockBalanceBloc extends Mock implements BalanceBloc` returns null for stream/state under mockito null-safety. Migrate to bloc_test MockBloc + mocktail whenListen (see group_list_page_test.dart for the template).
02:37 +1165 ~501: /Users/nguyenanhkiet/Playground/grex/test/features/auth/presentation/bloc/auth_bloc_account_linking_property_test.dart: AuthBloc Account Linking Property Tests Property 17: Declined Linking Initiates New Account Flow
02:37 +1165 ~501: /Users/nguyenanhkiet/Playground/grex/test/features/balances/presentation/pages/balance_page_test.dart: BalancePage Widget Tests should display empty state when no balances
  Skip: TODO(mock-migration): manual `class MockBalanceBloc extends Mock implements BalanceBloc` returns null for stream/state under mockito null-safety. Migrate to bloc_test MockBloc + mocktail whenListen (see group_list_page_test.dart for the template).
02:37 +1165 ~502: /Users/nguyenanhkiet/Playground/grex/test/features/auth/presentation/bloc/auth_bloc_account_linking_property_test.dart: AuthBloc Account Linking Property Tests Property 17: Declined Linking Initiates New Account Flow
02:37 +1165 ~502: /Users/nguyenanhkiet/Playground/grex/test/features/balances/presentation/pages/balance_page_test.dart: BalancePage Widget Tests should display balance summary card
  Skip: TODO(mock-migration): manual `class MockBalanceBloc extends Mock implements BalanceBloc` returns null for stream/state under mockito null-safety. Migrate to bloc_test MockBloc + mocktail whenListen (see group_list_page_test.dart for the template).
02:37 +1165 ~503: /Users/nguyenanhkiet/Playground/grex/test/features/auth/presentation/bloc/auth_bloc_account_linking_property_test.dart: AuthBloc Account Linking Property Tests Property 17: Declined Linking Initiates New Account Flow
02:37 +1165 ~503: /Users/nguyenanhkiet/Playground/grex/test/features/balances/presentation/pages/balance_page_test.dart: BalancePage Widget Tests should display all balances in list
  Skip: TODO(mock-migration): manual `class MockBalanceBloc extends Mock implements BalanceBloc` returns null for stream/state under mockito null-safety. Migrate to bloc_test MockBloc + mocktail whenListen (see group_list_page_test.dart for the template).
02:37 +1165 ~504: /Users/nguyenanhkiet/Playground/grex/test/features/auth/presentation/bloc/auth_bloc_account_linking_property_test.dart: AuthBloc Account Linking Property Tests Property 17: Declined Linking Initiates New Account Flow
02:37 +1165 ~504: /Users/nguyenanhkiet/Playground/grex/test/features/balances/presentation/pages/balance_page_test.dart: BalancePage Widget Tests should navigate to settlement plan when button is tapped
  Skip: TODO(mock-migration): manual `class MockBalanceBloc extends Mock implements BalanceBloc` returns null for stream/state under mockito null-safety. Migrate to bloc_test MockBloc + mocktail whenListen (see group_list_page_test.dart for the template).
02:37 +1165 ~505: /Users/nguyenanhkiet/Playground/grex/test/features/auth/presentation/bloc/auth_bloc_account_linking_property_test.dart: AuthBloc Account Linking Property Tests Property 17: Declined Linking Initiates New Account Flow
02:37 +1165 ~505: /Users/nguyenanhkiet/Playground/grex/test/features/balances/presentation/pages/balance_page_test.dart: BalancePage Widget Tests should refresh balances on pull to refresh
  Skip: TODO(mock-migration): manual `class MockBalanceBloc extends Mock implements BalanceBloc` returns null for stream/state under mockito null-safety. Migrate to bloc_test MockBloc + mocktail whenListen (see group_list_page_test.dart for the template).
02:37 +1165 ~506: /Users/nguyenanhkiet/Playground/grex/test/features/auth/presentation/bloc/auth_bloc_account_linking_property_test.dart: AuthBloc Account Linking Property Tests Property 17: Declined Linking Initiates New Account Flow
02:37 +1165 ~506: /Users/nguyenanhkiet/Playground/grex/test/features/balances/presentation/pages/balance_page_test.dart: BalancePage Widget Tests should load balances on init
  Skip: TODO(mock-migration): manual `class MockBalanceBloc extends Mock implements BalanceBloc` returns null for stream/state under mockito null-safety. Migrate to bloc_test MockBloc + mocktail whenListen (see group_list_page_test.dart for the template).
02:37 +1165 ~507: /Users/nguyenanhkiet/Playground/grex/test/features/auth/presentation/bloc/auth_bloc_account_linking_property_test.dart: AuthBloc Account Linking Property Tests Property 17: Declined Linking Initiates New Account Flow
02:37 +1165 ~507: /Users/nguyenanhkiet/Playground/grex/test/features/balances/presentation/pages/balance_page_test.dart: BalancePage Widget Tests should display balances sorted by amount
  Skip: TODO(mock-migration): manual `class MockBalanceBloc extends Mock implements BalanceBloc` returns null for stream/state under mockito null-safety. Migrate to bloc_test MockBloc + mocktail whenListen (see group_list_page_test.dart for the template).
02:37 +1165 ~508: /Users/nguyenanhkiet/Playground/grex/test/features/auth/presentation/bloc/auth_bloc_account_linking_property_test.dart: AuthBloc Account Linking Property Tests Property 17: Declined Linking Initiates New Account Flow
02:37 +1165 ~508: /Users/nguyenanhkiet/Playground/grex/test/features/balances/presentation/pages/balance_page_test.dart: BalancePage Widget Tests should display currency formatting correctly
  Skip: TODO(mock-migration): manual `class MockBalanceBloc extends Mock implements BalanceBloc` returns null for stream/state under mockito null-safety. Migrate to bloc_test MockBloc + mocktail whenListen (see group_list_page_test.dart for the template).
02:37 +1165 ~509: /Users/nguyenanhkiet/Playground/grex/test/features/auth/presentation/bloc/auth_bloc_account_linking_property_test.dart: AuthBloc Account Linking Property Tests Property 17: Declined Linking Initiates New Account Flow
02:37 +1165 ~509: /Users/nguyenanhkiet/Playground/grex/test/features/balances/presentation/pages/balance_page_test.dart: BalancePage Widget Tests should handle real-time balance updates
  Skip: TODO(mock-migration): manual `class MockBalanceBloc extends Mock implements BalanceBloc` returns null for stream/state under mockito null-safety. Migrate to bloc_test MockBloc + mocktail whenListen (see group_list_page_test.dart for the template).
02:37 +1165 ~510: /Users/nguyenanhkiet/Playground/grex/test/features/auth/presentation/bloc/auth_bloc_account_linking_property_test.dart: AuthBloc Account Linking Property Tests Property 17: Declined Linking Initiates New Account Flow
02:37 +1165 ~510: /Users/nguyenanhkiet/Playground/grex/test/features/balances/presentation/pages/balance_page_test.dart: BalancePage Widget Tests should display balance summary with correct totals
  Skip: TODO(mock-migration): manual `class MockBalanceBloc extends Mock implements BalanceBloc` returns null for stream/state under mockito null-safety. Migrate to bloc_test MockBloc + mocktail whenListen (see group_list_page_test.dart for the template).
02:37 +1165 ~511: /Users/nguyenanhkiet/Playground/grex/test/features/auth/presentation/bloc/auth_bloc_account_linking_property_test.dart: AuthBloc Account Linking Property Tests Property 17: Declined Linking Initiates New Account Flow
02:37 +1165 ~511: /Users/nguyenanhkiet/Playground/grex/test/features/balances/presentation/pages/balance_page_test.dart: BalancePage Widget Tests should hide settlement button when all balanced
  Skip: TODO(mock-migration): manual `class MockBalanceBloc extends Mock implements BalanceBloc` returns null for stream/state under mockito null-safety. Migrate to bloc_test MockBloc + mocktail whenListen (see group_list_page_test.dart for the template).
02:37 +1165 ~512: /Users/nguyenanhkiet/Playground/grex/test/features/auth/presentation/bloc/auth_bloc_account_linking_property_test.dart: AuthBloc Account Linking Property Tests Property 17: Declined Linking Initiates New Account Flow
02:37 +1165 ~512: /Users/nguyenanhkiet/Playground/grex/test/features/balances/presentation/pages/balance_page_test.dart: BalancePage Widget Tests should display floating action button for settlement
  Skip: TODO(mock-migration): manual `class MockBalanceBloc extends Mock implements BalanceBloc` returns null for stream/state under mockito null-safety. Migrate to bloc_test MockBloc + mocktail whenListen (see group_list_page_test.dart for the template).
02:37 +1165 ~513: /Users/nguyenanhkiet/Playground/grex/test/features/auth/presentation/bloc/auth_bloc_account_linking_property_test.dart: AuthBloc Account Linking Property Tests Property 17: Declined Linking Initiates New Account Flow
02:37 +1165 ~513: /Users/nguyenanhkiet/Playground/grex/test/features/balances/presentation/pages/balance_page_test.dart: BalancePage Widget Tests should handle large number of balances
  Skip: TODO(mock-migration): manual `class MockBalanceBloc extends Mock implements BalanceBloc` returns null for stream/state under mockito null-safety. Migrate to bloc_test MockBloc + mocktail whenListen (see group_list_page_test.dart for the template).
02:37 +1165 ~514: /Users/nguyenanhkiet/Playground/grex/test/features/auth/presentation/bloc/auth_bloc_account_linking_property_test.dart: AuthBloc Account Linking Property Tests Property 17: Declined Linking Initiates New Account Flow
02:37 +1165 ~514: /Users/nguyenanhkiet/Playground/grex/test/features/balances/presentation/pages/balance_page_test.dart: BalancePage Widget Tests should display proper section headers
  Skip: TODO(mock-migration): manual `class MockBalanceBloc extends Mock implements BalanceBloc` returns null for stream/state under mockito null-safety. Migrate to bloc_test MockBloc + mocktail whenListen (see group_list_page_test.dart for the template).
02:37 +1165 ~515: /Users/nguyenanhkiet/Playground/grex/test/features/auth/presentation/bloc/auth_bloc_account_linking_property_test.dart: AuthBloc Account Linking Property Tests Property 17: Declined Linking Initiates New Account Flow
02:37 +1165 ~515: /Users/nguyenanhkiet/Playground/grex/test/features/balances/presentation/pages/balance_page_test.dart: BalancePage Widget Tests should show balance details when item is tapped
  Skip: TODO(mock-migration): manual `class MockBalanceBloc extends Mock implements BalanceBloc` returns null for stream/state under mockito null-safety. Migrate to bloc_test MockBloc + mocktail whenListen (see group_list_page_test.dart for the template).
02:37 +1165 ~516: /Users/nguyenanhkiet/Playground/grex/test/features/auth/presentation/bloc/auth_bloc_account_linking_property_test.dart: AuthBloc Account Linking Property Tests Property 17: Declined Linking Initiates New Account Flow
02:37 +1165 ~516: /Users/nguyenanhkiet/Playground/grex/test/features/balances/presentation/pages/balance_page_test.dart: BalancePage Widget Tests should maintain scroll position during updates
  Skip: TODO(mock-migration): manual `class MockBalanceBloc extends Mock implements BalanceBloc` returns null for stream/state under mockito null-safety. Migrate to bloc_test MockBloc + mocktail whenListen (see group_list_page_test.dart for the template).
02:37 +1165 ~517: /Users/nguyenanhkiet/Playground/grex/test/features/auth/presentation/bloc/auth_bloc_account_linking_property_test.dart: AuthBloc Account Linking Property Tests Property 17: Declined Linking Initiates New Account Flow
02:37 +1165 ~517: /Users/nguyenanhkiet/Playground/grex/test/features/balances/presentation/pages/balance_page_test.dart: BalancePage Widget Tests should display appropriate empty state message
  Skip: TODO(mock-migration): manual `class MockBalanceBloc extends Mock implements BalanceBloc` returns null for stream/state under mockito null-safety. Migrate to bloc_test MockBloc + mocktail whenListen (see group_list_page_test.dart for the template).
02:37 +1165 ~518: /Users/nguyenanhkiet/Playground/grex/test/features/auth/presentation/bloc/auth_bloc_account_linking_property_test.dart: AuthBloc Account Linking Property Tests Property 17: Declined Linking Initiates New Account Flow
02:38 +1166 ~518: /Users/nguyenanhkiet/Playground/grex/test/features/auth/presentation/bloc/auth_bloc_account_linking_property_test.dart: AuthBloc Account Linking Property Tests Property 17: Declined Linking Initiates New Account Flow
02:40 +1167 ~518: /Users/nguyenanhkiet/Playground/grex/test/features/auth/presentation/bloc/auth_bloc_account_linking_property_test.dart: AuthBloc Account Linking Property Tests Property 17: Declined Linking Initiates New Account Flow
02:40 +1168 ~518: /Users/nguyenanhkiet/Playground/grex/test/features/auth/presentation/bloc/auth_bloc_account_linking_property_test.dart: AuthBloc Account Linking Property Tests Property 17: Declined Linking Initiates New Account Flow
02:40 +1169 ~518: /Users/nguyenanhkiet/Playground/grex/test/features/auth/presentation/bloc/auth_bloc_account_linking_property_test.dart: AuthBloc Account Linking Property Tests Property 17: Declined Linking Initiates New Account Flow
02:40 +1170 ~518: /Users/nguyenanhkiet/Playground/grex/test/features/auth/presentation/bloc/auth_bloc_account_linking_property_test.dart: AuthBloc Account Linking Property Tests Property 17: Declined Linking Initiates New Account Flow
02:40 +1171 ~518: /Users/nguyenanhkiet/Playground/grex/test/features/auth/presentation/bloc/auth_bloc_account_linking_property_test.dart: AuthBloc Account Linking Property Tests Property 17: Declined Linking Initiates New Account Flow
02:40 +1172 ~518: /Users/nguyenanhkiet/Playground/grex/test/features/auth/presentation/bloc/auth_bloc_account_linking_property_test.dart: AuthBloc Account Linking Property Tests Property 17: Declined Linking Initiates New Account Flow
02:40 +1173 ~518: /Users/nguyenanhkiet/Playground/grex/test/features/auth/presentation/bloc/auth_bloc_account_linking_property_test.dart: AuthBloc Account Linking Property Tests Property 17: Declined Linking Initiates New Account Flow
02:40 +1174 ~518: /Users/nguyenanhkiet/Playground/grex/test/features/auth/presentation/bloc/auth_bloc_account_linking_property_test.dart: AuthBloc Account Linking Property Tests Property 17: Declined Linking Initiates New Account Flow
02:41 +1175 ~518: /Users/nguyenanhkiet/Playground/grex/test/features/auth/presentation/bloc/auth_bloc_account_linking_property_test.dart: AuthBloc Account Linking Property Tests Property 17: Declined Linking Initiates New Account Flow
02:41 +1176 ~518: /Users/nguyenanhkiet/Playground/grex/test/features/auth/presentation/bloc/auth_bloc_account_linking_property_test.dart: AuthBloc Account Linking Property Tests Property 17: Declined Linking Initiates New Account Flow
02:41 +1177 ~518: /Users/nguyenanhkiet/Playground/grex/test/features/auth/presentation/bloc/auth_bloc_account_linking_property_test.dart: AuthBloc Account Linking Property Tests Property 17: Declined Linking Initiates New Account Flow
02:41 +1178 ~518: /Users/nguyenanhkiet/Playground/grex/test/features/auth/presentation/bloc/auth_bloc_account_linking_property_test.dart: AuthBloc Account Linking Property Tests Property 17: Declined Linking Initiates New Account Flow
02:41 +1179 ~518: /Users/nguyenanhkiet/Playground/grex/test/features/auth/presentation/bloc/auth_bloc_account_linking_property_test.dart: AuthBloc Account Linking Property Tests Property 17: Declined Linking Initiates New Account Flow
02:41 +1180 ~518: /Users/nguyenanhkiet/Playground/grex/test/features/auth/presentation/bloc/auth_bloc_account_linking_property_test.dart: AuthBloc Account Linking Property Tests Property 17: Declined Linking Initiates New Account Flow
02:41 +1181 ~518: /Users/nguyenanhkiet/Playground/grex/test/features/auth/presentation/bloc/auth_bloc_account_linking_property_test.dart: AuthBloc Account Linking Property Tests Property 17: Declined Linking Initiates New Account Flow
02:41 +1182 ~518: /Users/nguyenanhkiet/Playground/grex/test/features/auth/presentation/bloc/auth_bloc_account_linking_property_test.dart: AuthBloc Account Linking Property Tests Property 17: Declined Linking Initiates New Account Flow
02:41 +1183 ~518: /Users/nguyenanhkiet/Playground/grex/test/features/auth/presentation/bloc/auth_bloc_account_linking_property_test.dart: AuthBloc Account Linking Property Tests Property 17: Declined Linking Initiates New Account Flow
02:41 +1184 ~518: /Users/nguyenanhkiet/Playground/grex/test/features/auth/presentation/bloc/auth_bloc_account_linking_property_test.dart: AuthBloc Account Linking Property Tests Property 17: Declined Linking Initiates New Account Flow
02:41 +1185 ~518: /Users/nguyenanhkiet/Playground/grex/test/features/auth/presentation/bloc/auth_bloc_account_linking_property_test.dart: AuthBloc Account Linking Property Tests Property 17: Declined Linking Initiates New Account Flow
02:41 +1186 ~518: /Users/nguyenanhkiet/Playground/grex/test/features/auth/presentation/bloc/auth_bloc_account_linking_property_test.dart: AuthBloc Account Linking Property Tests Property 17: Declined Linking Initiates New Account Flow
02:41 +1187 ~518: /Users/nguyenanhkiet/Playground/grex/test/features/auth/presentation/bloc/auth_bloc_account_linking_property_test.dart: AuthBloc Account Linking Property Tests Property 17: Declined Linking Initiates New Account Flow
02:42 +1188 ~518: /Users/nguyenanhkiet/Playground/grex/test/features/auth/presentation/bloc/auth_bloc_account_linking_property_test.dart: AuthBloc Account Linking Property Tests Property 17: Declined Linking Initiates New Account Flow
02:42 +1189 ~518: /Users/nguyenanhkiet/Playground/grex/test/features/auth/presentation/bloc/auth_bloc_account_linking_property_test.dart: AuthBloc Account Linking Property Tests Property 17: Declined Linking Initiates New Account Flow
02:42 +1190 ~518: /Users/nguyenanhkiet/Playground/grex/test/features/auth/presentation/bloc/auth_bloc_account_linking_property_test.dart: AuthBloc Account Linking Property Tests Property 17: Declined Linking Initiates New Account Flow
02:44 +1191 ~518: /Users/nguyenanhkiet/Playground/grex/test/features/auth/presentation/bloc/auth_bloc_account_linking_property_test.dart: AuthBloc Account Linking Property Tests Property 17: Declined Linking Initiates New Account Flow
02:44 +1192 ~518: /Users/nguyenanhkiet/Playground/grex/test/features/auth/presentation/bloc/auth_bloc_account_linking_property_test.dart: AuthBloc Account Linking Property Tests Property 17: Declined Linking Initiates New Account Flow
02:44 +1193 ~518: /Users/nguyenanhkiet/Playground/grex/test/features/auth/presentation/bloc/auth_bloc_account_linking_property_test.dart: AuthBloc Account Linking Property Tests Property 17: Declined Linking Initiates New Account Flow
02:44 +1194 ~518: /Users/nguyenanhkiet/Playground/grex/test/features/auth/presentation/bloc/auth_bloc_account_linking_property_test.dart: AuthBloc Account Linking Property Tests Property 17: Declined Linking Initiates New Account Flow
02:44 +1195 ~518: /Users/nguyenanhkiet/Playground/grex/test/features/auth/presentation/bloc/auth_bloc_account_linking_property_test.dart: AuthBloc Account Linking Property Tests Property 17: Declined Linking Initiates New Account Flow
02:44 +1196 ~518: /Users/nguyenanhkiet/Playground/grex/test/features/auth/presentation/bloc/auth_bloc_account_linking_property_test.dart: AuthBloc Account Linking Property Tests Property 17: Declined Linking Initiates New Account Flow
02:44 +1197 ~518: /Users/nguyenanhkiet/Playground/grex/test/features/auth/presentation/bloc/auth_bloc_account_linking_property_test.dart: AuthBloc Account Linking Property Tests Property 17: Declined Linking Initiates New Account Flow
02:44 +1198 ~518: /Users/nguyenanhkiet/Playground/grex/test/features/auth/presentation/bloc/auth_bloc_account_linking_property_test.dart: AuthBloc Account Linking Property Tests Property 17: Declined Linking Initiates New Account Flow
02:45 +1199 ~518: /Users/nguyenanhkiet/Playground/grex/test/features/auth/presentation/bloc/auth_bloc_account_linking_property_test.dart: AuthBloc Account Linking Property Tests Property 17: Declined Linking Initiates New Account Flow
02:45 +1200 ~518: /Users/nguyenanhkiet/Playground/grex/test/features/auth/presentation/bloc/auth_bloc_account_linking_property_test.dart: AuthBloc Account Linking Property Tests Property 18: Successful Linking Uses Existing Profile
02:47 +1201 ~518: /Users/nguyenanhkiet/Playground/grex/test/features/auth/presentation/bloc/auth_bloc_account_linking_property_test.dart: AuthBloc Account Linking Property Tests Property 18: Successful Linking Uses Existing Profile
02:47 +1202 ~518: /Users/nguyenanhkiet/Playground/grex/test/features/auth/presentation/bloc/auth_bloc_account_linking_property_test.dart: AuthBloc Account Linking Property Tests Property 18: Successful Linking Uses Existing Profile
02:47 +1203 ~518: /Users/nguyenanhkiet/Playground/grex/test/features/auth/presentation/bloc/auth_bloc_account_linking_property_test.dart: AuthBloc Account Linking Property Tests Property 18: Successful Linking Uses Existing Profile
02:47 +1204 ~518: /Users/nguyenanhkiet/Playground/grex/test/features/auth/presentation/bloc/auth_bloc_account_linking_property_test.dart: AuthBloc Account Linking Property Tests Property 18: Successful Linking Uses Existing Profile
02:47 +1205 ~518: /Users/nguyenanhkiet/Playground/grex/test/features/auth/presentation/bloc/auth_bloc_account_linking_property_test.dart: AuthBloc Account Linking Property Tests Property 18: Successful Linking Uses Existing Profile
02:47 +1206 ~518: /Users/nguyenanhkiet/Playground/grex/test/features/auth/presentation/bloc/auth_bloc_account_linking_property_test.dart: AuthBloc Account Linking Property Tests Property 18: Successful Linking Uses Existing Profile
02:47 +1207 ~518: /Users/nguyenanhkiet/Playground/grex/test/features/auth/presentation/bloc/auth_bloc_account_linking_property_test.dart: AuthBloc Account Linking Property Tests Property 18: Successful Linking Uses Existing Profile
02:47 +1208 ~518: /Users/nguyenanhkiet/Playground/grex/test/features/auth/presentation/bloc/auth_bloc_account_linking_property_test.dart: AuthBloc Account Linking Property Tests Property 18: Successful Linking Uses Existing Profile
02:47 +1209 ~518: /Users/nguyenanhkiet/Playground/grex/test/features/auth/presentation/bloc/auth_bloc_account_linking_property_test.dart: AuthBloc Account Linking Property Tests Property 18: Successful Linking Uses Existing Profile
02:47 +1210 ~518: /Users/nguyenanhkiet/Playground/grex/test/features/auth/presentation/bloc/auth_bloc_account_linking_property_test.dart: AuthBloc Account Linking Property Tests Property 18: Successful Linking Uses Existing Profile
02:47 +1211 ~518: /Users/nguyenanhkiet/Playground/grex/test/features/auth/presentation/bloc/auth_bloc_account_linking_property_test.dart: AuthBloc Account Linking Property Tests Property 18: Successful Linking Uses Existing Profile
02:47 +1212 ~518: /Users/nguyenanhkiet/Playground/grex/test/features/auth/presentation/bloc/auth_bloc_account_linking_property_test.dart: AuthBloc Account Linking Property Tests Property 18: Successful Linking Uses Existing Profile
02:47 +1213 ~518: /Users/nguyenanhkiet/Playground/grex/test/features/auth/presentation/bloc/auth_bloc_account_linking_property_test.dart: AuthBloc Account Linking Property Tests Property 18: Successful Linking Uses Existing Profile
02:47 +1214 ~518: /Users/nguyenanhkiet/Playground/grex/test/features/auth/presentation/bloc/auth_bloc_account_linking_property_test.dart: AuthBloc Account Linking Property Tests Property 18: Successful Linking Uses Existing Profile
02:47 +1215 ~518: /Users/nguyenanhkiet/Playground/grex/test/features/auth/presentation/bloc/auth_bloc_account_linking_property_test.dart: AuthBloc Account Linking Property Tests Property 18: Successful Linking Uses Existing Profile
02:47 +1216 ~518: /Users/nguyenanhkiet/Playground/grex/test/features/auth/presentation/bloc/auth_bloc_account_linking_property_test.dart: AuthBloc Account Linking Property Tests Property 18: Successful Linking Uses Existing Profile
02:47 +1217 ~518: /Users/nguyenanhkiet/Playground/grex/test/features/auth/presentation/bloc/auth_bloc_account_linking_property_test.dart: AuthBloc Account Linking Property Tests Property 18: Successful Linking Uses Existing Profile
02:47 +1218 ~518: /Users/nguyenanhkiet/Playground/grex/test/features/auth/presentation/bloc/auth_bloc_account_linking_property_test.dart: AuthBloc Account Linking Property Tests Property 18: Successful Linking Uses Existing Profile
02:47 +1219 ~518: /Users/nguyenanhkiet/Playground/grex/test/features/auth/presentation/bloc/auth_bloc_account_linking_property_test.dart: AuthBloc Account Linking Property Tests Property 18: Successful Linking Uses Existing Profile
02:47 +1220 ~518: /Users/nguyenanhkiet/Playground/grex/test/features/auth/presentation/bloc/auth_bloc_account_linking_property_test.dart: AuthBloc Account Linking Property Tests Property 18: Successful Linking Uses Existing Profile
02:47 +1221 ~518: /Users/nguyenanhkiet/Playground/grex/test/features/auth/presentation/bloc/auth_bloc_account_linking_property_test.dart: AuthBloc Account Linking Property Tests Property 18: Successful Linking Uses Existing Profile
02:47 +1222 ~518: /Users/nguyenanhkiet/Playground/grex/test/features/auth/presentation/bloc/auth_bloc_account_linking_property_test.dart: AuthBloc Account Linking Property Tests Property 18: Successful Linking Uses Existing Profile
02:47 +1223 ~518: /Users/nguyenanhkiet/Playground/grex/test/features/auth/presentation/bloc/auth_bloc_account_linking_property_test.dart: AuthBloc Account Linking Property Tests Property 18: Successful Linking Uses Existing Profile
02:47 +1224 ~518: /Users/nguyenanhkiet/Playground/grex/test/features/auth/presentation/bloc/auth_bloc_account_linking_property_test.dart: AuthBloc Account Linking Property Tests Property 18: Successful Linking Uses Existing Profile
02:47 +1225 ~518: /Users/nguyenanhkiet/Playground/grex/test/features/auth/presentation/bloc/auth_bloc_account_linking_property_test.dart: AuthBloc Account Linking Property Tests Property 18: Successful Linking Uses Existing Profile
02:47 +1226 ~518: /Users/nguyenanhkiet/Playground/grex/test/features/auth/presentation/bloc/auth_bloc_account_linking_property_test.dart: AuthBloc Account Linking Property Tests Property 18: Successful Linking Uses Existing Profile
02:47 +1227 ~518: /Users/nguyenanhkiet/Playground/grex/test/features/auth/presentation/bloc/auth_bloc_account_linking_property_test.dart: AuthBloc Account Linking Property Tests Property 18: Successful Linking Uses Existing Profile
02:47 +1228 ~518: /Users/nguyenanhkiet/Playground/grex/test/features/auth/presentation/bloc/auth_bloc_account_linking_property_test.dart: AuthBloc Account Linking Property Tests Property 18: Successful Linking Uses Existing Profile
02:47 +1229 ~518: /Users/nguyenanhkiet/Playground/grex/test/features/auth/presentation/bloc/auth_bloc_account_linking_property_test.dart: AuthBloc Account Linking Property Tests Property 18: Successful Linking Uses Existing Profile
02:47 +1230 ~518: /Users/nguyenanhkiet/Playground/grex/test/features/auth/presentation/bloc/auth_bloc_account_linking_property_test.dart: AuthBloc Account Linking Property Tests Property 18: Successful Linking Uses Existing Profile
02:47 +1231 ~518: /Users/nguyenanhkiet/Playground/grex/test/features/auth/presentation/bloc/auth_bloc_account_linking_property_test.dart: AuthBloc Account Linking Property Tests Property 18: Successful Linking Uses Existing Profile
02:47 +1232 ~518: /Users/nguyenanhkiet/Playground/grex/test/features/auth/presentation/bloc/auth_bloc_account_linking_property_test.dart: AuthBloc Account Linking Property Tests Property 18: Successful Linking Uses Existing Profile
02:47 +1233 ~518: /Users/nguyenanhkiet/Playground/grex/test/features/auth/presentation/bloc/auth_bloc_account_linking_property_test.dart: AuthBloc Account Linking Property Tests Property 18: Successful Linking Uses Existing Profile
02:48 +1234 ~518: /Users/nguyenanhkiet/Playground/grex/test/features/auth/presentation/bloc/auth_bloc_account_linking_property_test.dart: AuthBloc Account Linking Property Tests Property 18: Successful Linking Uses Existing Profile
02:48 +1235 ~518: /Users/nguyenanhkiet/Playground/grex/test/features/auth/presentation/bloc/auth_bloc_account_linking_property_test.dart: AuthBloc Account Linking Property Tests Property 18: Successful Linking Uses Existing Profile
02:49 +1236 ~518: /Users/nguyenanhkiet/Playground/grex/test/features/auth/presentation/bloc/auth_bloc_account_linking_property_test.dart: AuthBloc Account Linking Property Tests Property 18: Successful Linking Uses Existing Profile
02:49 +1237 ~518: /Users/nguyenanhkiet/Playground/grex/test/features/auth/presentation/bloc/auth_bloc_account_linking_property_test.dart: AuthBloc Account Linking Property Tests Property 18: Successful Linking Uses Existing Profile
02:49 +1238 ~518: /Users/nguyenanhkiet/Playground/grex/test/features/auth/presentation/bloc/auth_bloc_account_linking_property_test.dart: AuthBloc Account Linking Property Tests Property 18: Successful Linking Uses Existing Profile
02:49 +1239 ~518: /Users/nguyenanhkiet/Playground/grex/test/features/auth/presentation/bloc/auth_bloc_account_linking_property_test.dart: AuthBloc Account Linking Property Tests Property 18: Successful Linking Uses Existing Profile
02:49 +1240 ~518: /Users/nguyenanhkiet/Playground/grex/test/features/auth/presentation/bloc/auth_bloc_account_linking_property_test.dart: AuthBloc Account Linking Property Tests Property 18: Successful Linking Uses Existing Profile
02:49 +1240 ~518: /Users/nguyenanhkiet/Playground/grex/test/features/export/presentation/pages/export_page_test.dart: ExportPage should display export page correctly
  Skip: TODO(export-page): multiple assertions in this file (data preview, info message, format selector, button, icons, scrollable, app bar, padding, accessibility) do not match the current ExportPage. Update each assertion or the page before re-enabling.
02:49 +1240 ~519: /Users/nguyenanhkiet/Playground/grex/test/features/auth/presentation/bloc/auth_bloc_account_linking_property_test.dart: AuthBloc Account Linking Property Tests Property 18: Successful Linking Uses Existing Profile
02:49 +1240 ~519: /Users/nguyenanhkiet/Playground/grex/test/features/export/presentation/pages/export_page_test.dart: ExportPage should display data preview sections
  Skip: TODO(export-page): multiple assertions in this file (data preview, info message, format selector, button, icons, scrollable, app bar, padding, accessibility) do not match the current ExportPage. Update each assertion or the page before re-enabling.
02:49 +1240 ~520: /Users/nguyenanhkiet/Playground/grex/test/features/auth/presentation/bloc/auth_bloc_account_linking_property_test.dart: AuthBloc Account Linking Property Tests Property 18: Successful Linking Uses Existing Profile
02:49 +1240 ~520: /Users/nguyenanhkiet/Playground/grex/test/features/export/presentation/pages/export_page_test.dart: ExportPage should display info message
  Skip: TODO(export-page): multiple assertions in this file (data preview, info message, format selector, button, icons, scrollable, app bar, padding, accessibility) do not match the current ExportPage. Update each assertion or the page before re-enabling.
02:49 +1240 ~521: /Users/nguyenanhkiet/Playground/grex/test/features/auth/presentation/bloc/auth_bloc_account_linking_property_test.dart: AuthBloc Account Linking Property Tests Property 18: Successful Linking Uses Existing Profile
02:49 +1240 ~521: /Users/nguyenanhkiet/Playground/grex/test/features/export/presentation/pages/export_page_test.dart: ExportPage should change export format when selector is used
  Skip: TODO(export-page): multiple assertions in this file (data preview, info message, format selector, button, icons, scrollable, app bar, padding, accessibility) do not match the current ExportPage. Update each assertion or the page before re-enabling.
02:49 +1240 ~522: /Users/nguyenanhkiet/Playground/grex/test/features/auth/presentation/bloc/auth_bloc_account_linking_property_test.dart: AuthBloc Account Linking Property Tests Property 18: Successful Linking Uses Existing Profile
02:49 +1240 ~522: /Users/nguyenanhkiet/Playground/grex/test/features/export/presentation/pages/export_page_test.dart: ExportPage should show export button as enabled initially
  Skip: TODO(export-page): multiple assertions in this file (data preview, info message, format selector, button, icons, scrollable, app bar, padding, accessibility) do not match the current ExportPage. Update each assertion or the page before re-enabling.
02:49 +1240 ~523: /Users/nguyenanhkiet/Playground/grex/test/features/auth/presentation/bloc/auth_bloc_account_linking_property_test.dart: AuthBloc Account Linking Property Tests Property 18: Successful Linking Uses Existing Profile
02:49 +1240 ~523: /Users/nguyenanhkiet/Playground/grex/test/features/export/presentation/pages/export_page_test.dart: ExportPage should display correct icons
  Skip: TODO(export-page): multiple assertions in this file (data preview, info message, format selector, button, icons, scrollable, app bar, padding, accessibility) do not match the current ExportPage. Update each assertion or the page before re-enabling.
02:49 +1240 ~524: /Users/nguyenanhkiet/Playground/grex/test/features/auth/presentation/bloc/auth_bloc_account_linking_property_test.dart: AuthBloc Account Linking Property Tests Property 18: Successful Linking Uses Existing Profile
02:49 +1240 ~524: /Users/nguyenanhkiet/Playground/grex/test/features/export/presentation/pages/export_page_test.dart: ExportPage should be scrollable
  Skip: TODO(export-page): multiple assertions in this file (data preview, info message, format selector, button, icons, scrollable, app bar, padding, accessibility) do not match the current ExportPage. Update each assertion or the page before re-enabling.
02:49 +1240 ~525: /Users/nguyenanhkiet/Playground/grex/test/features/auth/presentation/bloc/auth_bloc_account_linking_property_test.dart: AuthBloc Account Linking Property Tests Property 18: Successful Linking Uses Existing Profile
02:49 +1240 ~525: /Users/nguyenanhkiet/Playground/grex/test/features/export/presentation/pages/export_page_test.dart: ExportPage should have proper app bar
  Skip: TODO(export-page): multiple assertions in this file (data preview, info message, format selector, button, icons, scrollable, app bar, padding, accessibility) do not match the current ExportPage. Update each assertion or the page before re-enabling.
02:49 +1240 ~526: /Users/nguyenanhkiet/Playground/grex/test/features/auth/presentation/bloc/auth_bloc_account_linking_property_test.dart: AuthBloc Account Linking Property Tests Property 18: Successful Linking Uses Existing Profile
02:49 +1240 ~526: /Users/nguyenanhkiet/Playground/grex/test/features/export/presentation/pages/export_page_test.dart: ExportPage should use proper padding and spacing
  Skip: TODO(export-page): multiple assertions in this file (data preview, info message, format selector, button, icons, scrollable, app bar, padding, accessibility) do not match the current ExportPage. Update each assertion or the page before re-enabling.
02:49 +1240 ~527: /Users/nguyenanhkiet/Playground/grex/test/features/auth/presentation/bloc/auth_bloc_account_linking_property_test.dart: AuthBloc Account Linking Property Tests Property 18: Successful Linking Uses Existing Profile
02:49 +1240 ~527: /Users/nguyenanhkiet/Playground/grex/test/features/export/presentation/pages/export_page_test.dart: ExportPage should be accessible
  Skip: TODO(export-page): multiple assertions in this file (data preview, info message, format selector, button, icons, scrollable, app bar, padding, accessibility) do not match the current ExportPage. Update each assertion or the page before re-enabling.
02:49 +1240 ~528: /Users/nguyenanhkiet/Playground/grex/test/features/auth/presentation/bloc/auth_bloc_account_linking_property_test.dart: AuthBloc Account Linking Property Tests Property 18: Successful Linking Uses Existing Profile
02:50 +1240 ~528: /Users/nguyenanhkiet/Playground/grex/test/features/export/presentation/widgets/export_progress_dialog_test.dart: ExportProgressDialog should display export progress correctly
  Skip: TODO(progress-dialog): the onCancel-button assertion does not match the current ExportProgressDialog. Update before re-enabling.
02:50 +1240 ~529: /Users/nguyenanhkiet/Playground/grex/test/features/auth/presentation/bloc/auth_bloc_account_linking_property_test.dart: AuthBloc Account Linking Property Tests Property 18: Successful Linking Uses Existing Profile
02:50 +1240 ~529: /Users/nguyenanhkiet/Playground/grex/test/features/export/presentation/widgets/export_progress_dialog_test.dart: ExportProgressDialog should display PDF format correctly
  Skip: TODO(progress-dialog): the onCancel-button assertion does not match the current ExportProgressDialog. Update before re-enabling.
02:50 +1240 ~530: /Users/nguyenanhkiet/Playground/grex/test/features/auth/presentation/bloc/auth_bloc_account_linking_property_test.dart: AuthBloc Account Linking Property Tests Property 18: Successful Linking Uses Existing Profile
02:50 +1240 ~530: /Users/nguyenanhkiet/Playground/grex/test/features/export/presentation/widgets/export_progress_dialog_test.dart: ExportProgressDialog should show correct progress text at different stages
  Skip: TODO(progress-dialog): the onCancel-button assertion does not match the current ExportProgressDialog. Update before re-enabling.
02:50 +1240 ~531: /Users/nguyenanhkiet/Playground/grex/test/features/auth/presentation/bloc/auth_bloc_account_linking_property_test.dart: AuthBloc Account Linking Property Tests Property 18: Successful Linking Uses Existing Profile
02:50 +1240 ~531: /Users/nguyenanhkiet/Playground/grex/test/features/export/presentation/widgets/export_progress_dialog_test.dart: ExportProgressDialog should show correct status messages at different stages
  Skip: TODO(progress-dialog): the onCancel-button assertion does not match the current ExportProgressDialog. Update before re-enabling.
02:50 +1240 ~532: /Users/nguyenanhkiet/Playground/grex/test/features/auth/presentation/bloc/auth_bloc_account_linking_property_test.dart: AuthBloc Account Linking Property Tests Property 18: Successful Linking Uses Existing Profile
02:50 +1240 ~532: /Users/nguyenanhkiet/Playground/grex/test/features/export/presentation/widgets/export_progress_dialog_test.dart: ExportProgressDialog should show cancel button when onCancel is provided
  Skip: TODO(progress-dialog): the onCancel-button assertion does not match the current ExportProgressDialog. Update before re-enabling.
02:50 +1240 ~533: /Users/nguyenanhkiet/Playground/grex/test/features/auth/presentation/bloc/auth_bloc_account_linking_property_test.dart: AuthBloc Account Linking Property Tests Property 18: Successful Linking Uses Existing Profile
02:50 +1240 ~533: /Users/nguyenanhkiet/Playground/grex/test/features/export/presentation/widgets/export_progress_dialog_test.dart: ExportProgressDialog should not show cancel button when onCancel is null
  Skip: TODO(progress-dialog): the onCancel-button assertion does not match the current ExportProgressDialog. Update before re-enabling.
02:50 +1240 ~534: /Users/nguyenanhkiet/Playground/grex/test/features/auth/presentation/bloc/auth_bloc_account_linking_property_test.dart: AuthBloc Account Linking Property Tests Property 18: Successful Linking Uses Existing Profile
02:50 +1240 ~534: /Users/nguyenanhkiet/Playground/grex/test/features/export/presentation/widgets/export_progress_dialog_test.dart: ExportProgressDialog should update progress indicator value
  Skip: TODO(progress-dialog): the onCancel-button assertion does not match the current ExportProgressDialog. Update before re-enabling.
02:50 +1240 ~535: /Users/nguyenanhkiet/Playground/grex/test/features/auth/presentation/bloc/auth_bloc_account_linking_property_test.dart: AuthBloc Account Linking Property Tests Property 18: Successful Linking Uses Existing Profile
02:50 +1240 ~535: /Users/nguyenanhkiet/Playground/grex/test/features/export/presentation/widgets/export_progress_dialog_test.dart: ExportProgressDialog should display correct percentage text
  Skip: TODO(progress-dialog): the onCancel-button assertion does not match the current ExportProgressDialog. Update before re-enabling.
02:50 +1240 ~536: /Users/nguyenanhkiet/Playground/grex/test/features/auth/presentation/bloc/auth_bloc_account_linking_property_test.dart: AuthBloc Account Linking Property Tests Property 18: Successful Linking Uses Existing Profile
02:50 +1240 ~536: /Users/nguyenanhkiet/Playground/grex/test/features/export/presentation/widgets/export_progress_dialog_test.dart: ExportProgressDialog should show download icon in title
  Skip: TODO(progress-dialog): the onCancel-button assertion does not match the current ExportProgressDialog. Update before re-enabling.
02:50 +1240 ~537: /Users/nguyenanhkiet/Playground/grex/test/features/auth/presentation/bloc/auth_bloc_account_linking_property_test.dart: AuthBloc Account Linking Property Tests Property 18: Successful Linking Uses Existing Profile
02:50 +1240 ~537: /Users/nguyenanhkiet/Playground/grex/test/features/export/presentation/widgets/export_progress_dialog_test.dart: ExportProgressDialog should be accessible
  Skip: TODO(progress-dialog): the onCancel-button assertion does not match the current ExportProgressDialog. Update before re-enabling.
02:50 +1240 ~538: /Users/nguyenanhkiet/Playground/grex/test/features/auth/presentation/bloc/auth_bloc_account_linking_property_test.dart: AuthBloc Account Linking Property Tests Property 18: Successful Linking Uses Existing Profile
02:50 +1240 ~538: /Users/nguyenanhkiet/Playground/grex/test/features/export/presentation/widgets/export_format_selector_test.dart: ExportFormatSelector should display all export formats
  Skip: TODO(format-selector): 2 tests assert initial-selection and highlight styling that do not match the current ExportFormatSelector. Update assertions or widget before re-enabling.
02:50 +1240 ~539: /Users/nguyenanhkiet/Playground/grex/test/features/auth/presentation/bloc/auth_bloc_account_linking_property_test.dart: AuthBloc Account Linking Property Tests Property 18: Successful Linking Uses Existing Profile
02:50 +1240 ~539: /Users/nguyenanhkiet/Playground/grex/test/features/export/presentation/widgets/export_format_selector_test.dart: ExportFormatSelector should show CSV as selected initially
  Skip: TODO(format-selector): 2 tests assert initial-selection and highlight styling that do not match the current ExportFormatSelector. Update assertions or widget before re-enabling.
02:50 +1240 ~540: /Users/nguyenanhkiet/Playground/grex/test/features/auth/presentation/bloc/auth_bloc_account_linking_property_test.dart: AuthBloc Account Linking Property Tests Property 18: Successful Linking Uses Existing Profile
02:50 +1240 ~540: /Users/nguyenanhkiet/Playground/grex/test/features/export/presentation/widgets/export_format_selector_test.dart: ExportFormatSelector should call onFormatChanged when format is selected
  Skip: TODO(format-selector): 2 tests assert initial-selection and highlight styling that do not match the current ExportFormatSelector. Update assertions or widget before re-enabling.
02:50 +1240 ~541: /Users/nguyenanhkiet/Playground/grex/test/features/auth/presentation/bloc/auth_bloc_account_linking_property_test.dart: AuthBloc Account Linking Property Tests Property 18: Successful Linking Uses Existing Profile
02:50 +1240 ~541: /Users/nguyenanhkiet/Playground/grex/test/features/export/presentation/widgets/export_format_selector_test.dart: ExportFormatSelector should call onFormatChanged when radio button is tapped
  Skip: TODO(format-selector): 2 tests assert initial-selection and highlight styling that do not match the current ExportFormatSelector. Update assertions or widget before re-enabling.
02:50 +1240 ~542: /Users/nguyenanhkiet/Playground/grex/test/features/auth/presentation/bloc/auth_bloc_account_linking_property_test.dart: AuthBloc Account Linking Property Tests Property 18: Successful Linking Uses Existing Profile
02:50 +1240 ~542: /Users/nguyenanhkiet/Playground/grex/test/features/export/presentation/widgets/export_format_selector_test.dart: ExportFormatSelector should highlight selected format
  Skip: TODO(format-selector): 2 tests assert initial-selection and highlight styling that do not match the current ExportFormatSelector. Update assertions or widget before re-enabling.
02:50 +1240 ~543: /Users/nguyenanhkiet/Playground/grex/test/features/auth/presentation/bloc/auth_bloc_account_linking_property_test.dart: AuthBloc Account Linking Property Tests Property 18: Successful Linking Uses Existing Profile
02:50 +1240 ~543: /Users/nguyenanhkiet/Playground/grex/test/features/export/presentation/widgets/export_format_selector_test.dart: ExportFormatSelector should display correct icons for each format
  Skip: TODO(format-selector): 2 tests assert initial-selection and highlight styling that do not match the current ExportFormatSelector. Update assertions or widget before re-enabling.
02:50 +1240 ~544: /Users/nguyenanhkiet/Playground/grex/test/features/auth/presentation/bloc/auth_bloc_account_linking_property_test.dart: AuthBloc Account Linking Property Tests Property 18: Successful Linking Uses Existing Profile
02:50 +1240 ~544: /Users/nguyenanhkiet/Playground/grex/test/features/export/presentation/widgets/export_format_selector_test.dart: ExportFormatSelector should be accessible
  Skip: TODO(format-selector): 2 tests assert initial-selection and highlight styling that do not match the current ExportFormatSelector. Update assertions or widget before re-enabling.
02:50 +1240 ~545: /Users/nguyenanhkiet/Playground/grex/test/features/auth/presentation/bloc/auth_bloc_account_linking_property_test.dart: AuthBloc Account Linking Property Tests Property 18: Successful Linking Uses Existing Profile
02:52 +1241 ~545: /Users/nguyenanhkiet/Playground/grex/test/features/auth/presentation/bloc/auth_bloc_account_linking_property_test.dart: AuthBloc Account Linking Property Tests Property 18: Successful Linking Uses Existing Profile
02:52 +1242 ~545: /Users/nguyenanhkiet/Playground/grex/test/features/auth/presentation/bloc/auth_bloc_account_linking_property_test.dart: AuthBloc Account Linking Property Tests Property 18: Successful Linking Uses Existing Profile
02:52 +1243 ~545: /Users/nguyenanhkiet/Playground/grex/test/features/auth/presentation/bloc/auth_bloc_account_linking_property_test.dart: AuthBloc Account Linking Property Tests Property 18: Successful Linking Uses Existing Profile
02:52 +1244 ~545: /Users/nguyenanhkiet/Playground/grex/test/features/auth/presentation/bloc/auth_bloc_account_linking_property_test.dart: AuthBloc Account Linking Property Tests Property 18: Successful Linking Uses Existing Profile
02:52 +1245 ~545: /Users/nguyenanhkiet/Playground/grex/test/features/auth/presentation/bloc/auth_bloc_account_linking_property_test.dart: AuthBloc Account Linking Property Tests Property 18: Successful Linking Uses Existing Profile
02:53 +1246 ~545: /Users/nguyenanhkiet/Playground/grex/test/features/auth/presentation/bloc/auth_bloc_account_linking_property_test.dart: AuthBloc Account Linking Property Tests Property 18: Successful Linking Uses Existing Profile
02:53 +1247 ~545: /Users/nguyenanhkiet/Playground/grex/test/features/auth/presentation/bloc/auth_bloc_account_linking_property_test.dart: AuthBloc Account Linking Property Tests Property 18: Successful Linking Uses Existing Profile
02:53 +1248 ~545: /Users/nguyenanhkiet/Playground/grex/test/features/auth/presentation/bloc/auth_bloc_account_linking_property_test.dart: AuthBloc Account Linking Property Tests Property 18: Successful Linking Uses Existing Profile
02:53 +1249 ~545: /Users/nguyenanhkiet/Playground/grex/test/features/auth/presentation/bloc/auth_bloc_account_linking_property_test.dart: AuthBloc Account Linking Property Tests Property 18: Successful Linking Uses Existing Profile
02:53 +1250 ~545: /Users/nguyenanhkiet/Playground/grex/test/features/auth/presentation/bloc/auth_bloc_account_linking_property_test.dart: AuthBloc Account Linking Property Tests Property 18: Successful Linking Uses Existing Profile
02:53 +1251 ~545: /Users/nguyenanhkiet/Playground/grex/test/features/auth/presentation/bloc/auth_bloc_account_linking_property_test.dart: AuthBloc Account Linking Property Tests Property 18: Successful Linking Uses Existing Profile
02:53 +1252 ~545: /Users/nguyenanhkiet/Playground/grex/test/features/auth/presentation/bloc/auth_bloc_account_linking_property_test.dart: AuthBloc Account Linking Property Tests Property 18: Successful Linking Uses Existing Profile
02:53 +1253 ~545: /Users/nguyenanhkiet/Playground/grex/test/features/auth/presentation/bloc/auth_bloc_account_linking_property_test.dart: AuthBloc Account Linking Property Tests Property 18: Successful Linking Uses Existing Profile
02:53 +1254 ~545: /Users/nguyenanhkiet/Playground/grex/test/features/auth/presentation/bloc/auth_bloc_account_linking_property_test.dart: AuthBloc Account Linking Property Tests Property 18: Successful Linking Uses Existing Profile
02:53 +1255 ~545: /Users/nguyenanhkiet/Playground/grex/test/features/auth/presentation/bloc/auth_bloc_account_linking_property_test.dart: AuthBloc Account Linking Property Tests Property 18: Successful Linking Uses Existing Profile
02:53 +1256 ~545: /Users/nguyenanhkiet/Playground/grex/test/features/auth/presentation/bloc/auth_bloc_account_linking_property_test.dart: AuthBloc Account Linking Property Tests Property 18: Successful Linking Uses Existing Profile
02:53 +1257 ~545: /Users/nguyenanhkiet/Playground/grex/test/features/auth/presentation/bloc/auth_bloc_account_linking_property_test.dart: AuthBloc Account Linking Property Tests Property 18: Successful Linking Uses Existing Profile
02:53 +1258 ~545: /Users/nguyenanhkiet/Playground/grex/test/features/auth/presentation/bloc/auth_bloc_account_linking_property_test.dart: AuthBloc Account Linking Property Tests Property 18: Successful Linking Uses Existing Profile
02:53 +1259 ~545: /Users/nguyenanhkiet/Playground/grex/test/features/auth/presentation/bloc/auth_bloc_account_linking_property_test.dart: AuthBloc Account Linking Property Tests Property 18: Successful Linking Uses Existing Profile
02:53 +1260 ~545: /Users/nguyenanhkiet/Playground/grex/test/features/auth/presentation/bloc/auth_bloc_account_linking_property_test.dart: AuthBloc Account Linking Property Tests Property 18: Successful Linking Uses Existing Profile
02:53 +1261 ~545: /Users/nguyenanhkiet/Playground/grex/test/features/auth/presentation/bloc/auth_bloc_account_linking_property_test.dart: AuthBloc Account Linking Property Tests Property 18: Successful Linking Uses Existing Profile
02:53 +1262 ~545: /Users/nguyenanhkiet/Playground/grex/test/features/auth/presentation/bloc/auth_bloc_account_linking_property_test.dart: AuthBloc Account Linking Property Tests Property 18: Successful Linking Uses Existing Profile
02:53 +1263 ~545: /Users/nguyenanhkiet/Playground/grex/test/features/auth/presentation/bloc/auth_bloc_account_linking_property_test.dart: AuthBloc Account Linking Property Tests Property 18: Successful Linking Uses Existing Profile
02:53 +1264 ~545: /Users/nguyenanhkiet/Playground/grex/test/features/auth/presentation/bloc/auth_bloc_account_linking_property_test.dart: AuthBloc Account Linking Property Tests Property 18: Successful Linking Uses Existing Profile
02:53 +1265 ~545: /Users/nguyenanhkiet/Playground/grex/test/features/auth/presentation/bloc/auth_bloc_account_linking_property_test.dart: AuthBloc Account Linking Property Tests Property 18: Successful Linking Uses Existing Profile
02:53 +1266 ~545: /Users/nguyenanhkiet/Playground/grex/test/features/auth/presentation/bloc/auth_bloc_account_linking_property_test.dart: AuthBloc Account Linking Property Tests Property 18: Successful Linking Uses Existing Profile
02:53 +1267 ~545: /Users/nguyenanhkiet/Playground/grex/test/features/auth/presentation/bloc/auth_bloc_account_linking_property_test.dart: AuthBloc Account Linking Property Tests Property 18: Successful Linking Uses Existing Profile
02:53 +1268 ~545: /Users/nguyenanhkiet/Playground/grex/test/features/auth/presentation/bloc/auth_bloc_account_linking_property_test.dart: AuthBloc Account Linking Property Tests Property 18: Successful Linking Uses Existing Profile
02:53 +1269 ~545: /Users/nguyenanhkiet/Playground/grex/test/features/auth/presentation/bloc/auth_bloc_account_linking_property_test.dart: AuthBloc Account Linking Property Tests Property 18: Successful Linking Uses Existing Profile
02:53 +1270 ~545: /Users/nguyenanhkiet/Playground/grex/test/features/auth/presentation/bloc/auth_bloc_account_linking_property_test.dart: AuthBloc Account Linking Property Tests Property 18: Successful Linking Uses Existing Profile
02:53 +1271 ~545: /Users/nguyenanhkiet/Playground/grex/test/features/auth/presentation/bloc/auth_bloc_account_linking_property_test.dart: AuthBloc Account Linking Property Tests Property 18: Successful Linking Uses Existing Profile
02:53 +1272 ~545: /Users/nguyenanhkiet/Playground/grex/test/features/auth/presentation/bloc/auth_bloc_account_linking_property_test.dart: AuthBloc Account Linking Property Tests Property 18: Successful Linking Uses Existing Profile
02:53 +1273 ~545: /Users/nguyenanhkiet/Playground/grex/test/features/auth/presentation/bloc/auth_bloc_account_linking_property_test.dart: AuthBloc Account Linking Property Tests Property 18: Successful Linking Uses Existing Profile
02:53 +1274 ~545: /Users/nguyenanhkiet/Playground/grex/test/features/auth/presentation/bloc/auth_bloc_account_linking_property_test.dart: AuthBloc Account Linking Property Tests Property 18: Successful Linking Uses Existing Profile
02:53 +1275 ~545: /Users/nguyenanhkiet/Playground/grex/test/features/auth/presentation/bloc/auth_bloc_account_linking_property_test.dart: AuthBloc Account Linking Property Tests Property 18: Successful Linking Uses Existing Profile
02:53 +1276 ~545: /Users/nguyenanhkiet/Playground/grex/test/features/auth/presentation/bloc/auth_bloc_account_linking_property_test.dart: AuthBloc Account Linking Property Tests Property 18: Successful Linking Uses Existing Profile
02:53 +1277 ~545: /Users/nguyenanhkiet/Playground/grex/test/features/auth/presentation/bloc/auth_bloc_account_linking_property_test.dart: AuthBloc Account Linking Property Tests Property 18: Successful Linking Uses Existing Profile
02:53 +1278 ~545: /Users/nguyenanhkiet/Playground/grex/test/features/auth/presentation/bloc/auth_bloc_account_linking_property_test.dart: AuthBloc Account Linking Property Tests Property 18: Successful Linking Uses Existing Profile
02:53 +1279 ~545: /Users/nguyenanhkiet/Playground/grex/test/features/auth/presentation/bloc/auth_bloc_account_linking_property_test.dart: AuthBloc Account Linking Property Tests Property 18: Successful Linking Uses Existing Profile
02:53 +1280 ~545: /Users/nguyenanhkiet/Playground/grex/test/features/auth/presentation/bloc/auth_bloc_account_linking_property_test.dart: AuthBloc Account Linking Property Tests Property 18: Successful Linking Uses Existing Profile
02:53 +1281 ~545: /Users/nguyenanhkiet/Playground/grex/test/features/auth/presentation/bloc/auth_bloc_account_linking_property_test.dart: AuthBloc Account Linking Property Tests Property 18: Successful Linking Uses Existing Profile
02:53 +1282 ~545: /Users/nguyenanhkiet/Playground/grex/test/features/auth/presentation/bloc/auth_bloc_account_linking_property_test.dart: AuthBloc Account Linking Property Tests Property 18: Successful Linking Uses Existing Profile
02:53 +1283 ~545: /Users/nguyenanhkiet/Playground/grex/test/features/auth/presentation/bloc/auth_bloc_account_linking_property_test.dart: AuthBloc Account Linking Property Tests Property 18: Successful Linking Uses Existing Profile
02:53 +1284 ~545: /Users/nguyenanhkiet/Playground/grex/test/features/auth/presentation/bloc/auth_bloc_account_linking_property_test.dart: AuthBloc Account Linking Property Tests Property 18: Successful Linking Uses Existing Profile
02:53 +1285 ~545: /Users/nguyenanhkiet/Playground/grex/test/features/auth/presentation/bloc/auth_bloc_account_linking_property_test.dart: AuthBloc Account Linking Property Tests Property 18: Successful Linking Uses Existing Profile
02:53 +1286 ~545: /Users/nguyenanhkiet/Playground/grex/test/features/auth/presentation/bloc/auth_bloc_account_linking_property_test.dart: AuthBloc Account Linking Property Tests Property 18: Successful Linking Uses Existing Profile
02:53 +1287 ~545: /Users/nguyenanhkiet/Playground/grex/test/features/auth/presentation/bloc/auth_bloc_account_linking_property_test.dart: AuthBloc Account Linking Property Tests Property 18: Successful Linking Uses Existing Profile
02:53 +1288 ~545: /Users/nguyenanhkiet/Playground/grex/test/features/auth/presentation/bloc/auth_bloc_account_linking_property_test.dart: AuthBloc Account Linking Property Tests Property 18: Successful Linking Uses Existing Profile
02:53 +1289 ~545: /Users/nguyenanhkiet/Playground/grex/test/features/auth/presentation/bloc/auth_bloc_account_linking_property_test.dart: AuthBloc Account Linking Property Tests Property 18: Successful Linking Uses Existing Profile
02:53 +1290 ~545: /Users/nguyenanhkiet/Playground/grex/test/features/auth/presentation/bloc/auth_bloc_account_linking_property_test.dart: AuthBloc Account Linking Property Tests Property 18: Successful Linking Uses Existing Profile
02:53 +1291 ~545: /Users/nguyenanhkiet/Playground/grex/test/features/auth/presentation/bloc/auth_bloc_account_linking_property_test.dart: AuthBloc Account Linking Property Tests Property 18: Successful Linking Uses Existing Profile
02:53 +1292 ~545: /Users/nguyenanhkiet/Playground/grex/test/features/auth/presentation/bloc/auth_bloc_account_linking_property_test.dart: AuthBloc Account Linking Property Tests Property 18: Successful Linking Uses Existing Profile
02:53 +1293 ~545: /Users/nguyenanhkiet/Playground/grex/test/features/auth/presentation/bloc/auth_bloc_account_linking_property_test.dart: AuthBloc Account Linking Property Tests Property 18: Successful Linking Uses Existing Profile
02:53 +1294 ~545: /Users/nguyenanhkiet/Playground/grex/test/features/auth/presentation/bloc/auth_bloc_account_linking_property_test.dart: AuthBloc Account Linking Property Tests Property 18: Successful Linking Uses Existing Profile
02:53 +1295 ~545: /Users/nguyenanhkiet/Playground/grex/test/features/auth/presentation/bloc/auth_bloc_account_linking_property_test.dart: AuthBloc Account Linking Property Tests Property 18: Successful Linking Uses Existing Profile
02:53 +1296 ~545: /Users/nguyenanhkiet/Playground/grex/test/features/auth/presentation/bloc/auth_bloc_account_linking_property_test.dart: AuthBloc Account Linking Property Tests Property 18: Successful Linking Uses Existing Profile
02:53 +1297 ~545: /Users/nguyenanhkiet/Playground/grex/test/features/auth/presentation/bloc/auth_bloc_account_linking_property_test.dart: AuthBloc Account Linking Property Tests Property 18: Successful Linking Uses Existing Profile
02:53 +1298 ~545: /Users/nguyenanhkiet/Playground/grex/test/features/auth/presentation/bloc/auth_bloc_account_linking_property_test.dart: AuthBloc Account Linking Property Tests Property 18: Successful Linking Uses Existing Profile
02:53 +1299 ~545: /Users/nguyenanhkiet/Playground/grex/test/features/auth/presentation/bloc/auth_bloc_account_linking_property_test.dart: AuthBloc Account Linking Property Tests Property 18: Successful Linking Uses Existing Profile
02:55 +1299 ~546: /Users/nguyenanhkiet/Playground/grex/test/features/auth/presentation/bloc/auth_bloc_account_linking_property_test.dart: AuthBloc Account Linking Property Tests Property 18: Successful Linking Uses Existing Profile
02:55 +1300 ~546: /Users/nguyenanhkiet/Playground/grex/test/features/auth/presentation/bloc/auth_bloc_account_linking_property_test.dart: AuthBloc Account Linking Property Tests Property 18: Successful Linking Uses Existing Profile
02:55 +1301 ~546: /Users/nguyenanhkiet/Playground/grex/test/main_test.dart: MyApp should build MaterialApp with correct title
02:56 +1301 ~546: /Users/nguyenanhkiet/Playground/grex/test/performance/social_login_performance_test.dart: Social Login Performance Tests OAuth Flow Performance Tests OAuth flow simulation should complete within 5 seconds
  Skip: TODO(perf): social-login performance probes have wall-clock budgets and 10-minute timeouts that are flaky in CI. Run out of band when measuring social-login latency, not on every CI run.
02:56 +1301 ~547: /Users/nguyenanhkiet/Playground/grex/test/main_test.dart: MyApp should build MaterialApp with correct title
02:56 +1301 ~547: /Users/nguyenanhkiet/Playground/grex/test/performance/social_login_performance_test.dart: Social Login Performance Tests OAuth Flow Performance Tests OAuth timeout simulation should complete within 10 seconds
  Skip: TODO(perf): social-login performance probes have wall-clock budgets and 10-minute timeouts that are flaky in CI. Run out of band when measuring social-login latency, not on every CI run.
02:56 +1301 ~548: /Users/nguyenanhkiet/Playground/grex/test/main_test.dart: MyApp should build MaterialApp with correct title
02:56 +1301 ~548: /Users/nguyenanhkiet/Playground/grex/test/performance/social_login_performance_test.dart: Social Login Performance Tests OAuth Flow Performance Tests Multiple OAuth attempts should not degrade performance
  Skip: TODO(perf): social-login performance probes have wall-clock budgets and 10-minute timeouts that are flaky in CI. Run out of band when measuring social-login latency, not on every CI run.
02:56 +1301 ~549: /Users/nguyenanhkiet/Playground/grex/test/main_test.dart: MyApp should build MaterialApp with correct title
02:56 +1301 ~549: /Users/nguyenanhkiet/Playground/grex/test/performance/social_login_performance_test.dart: Social Login Performance Tests Deep Link Processing Performance Tests Deep link processing should complete within 1 second
  Skip: TODO(perf): social-login performance probes have wall-clock budgets and 10-minute timeouts that are flaky in CI. Run out of band when measuring social-login latency, not on every CI run.
02:56 +1301 ~550: /Users/nguyenanhkiet/Playground/grex/test/main_test.dart: MyApp should build MaterialApp with correct title
02:56 +1301 ~550: /Users/nguyenanhkiet/Playground/grex/test/performance/social_login_performance_test.dart: Social Login Performance Tests Deep Link Processing Performance Tests Invalid deep link should be rejected quickly
  Skip: TODO(perf): social-login performance probes have wall-clock budgets and 10-minute timeouts that are flaky in CI. Run out of band when measuring social-login latency, not on every CI run.
02:56 +1301 ~551: /Users/nguyenanhkiet/Playground/grex/test/main_test.dart: MyApp should build MaterialApp with correct title
02:56 +1301 ~551: /Users/nguyenanhkiet/Playground/grex/test/performance/social_login_performance_test.dart: Social Login Performance Tests Deep Link Processing Performance Tests Complex deep link with parameters should process quickly
  Skip: TODO(perf): social-login performance probes have wall-clock budgets and 10-minute timeouts that are flaky in CI. Run out of band when measuring social-login latency, not on every CI run.
02:56 +1301 ~552: /Users/nguyenanhkiet/Playground/grex/test/main_test.dart: MyApp should build MaterialApp with correct title
02:56 +1301 ~552: /Users/nguyenanhkiet/Playground/grex/test/performance/social_login_performance_test.dart: Social Login Performance Tests Deep Link Processing Performance Tests Batch deep link processing should scale linearly
  Skip: TODO(perf): social-login performance probes have wall-clock budgets and 10-minute timeouts that are flaky in CI. Run out of band when measuring social-login latency, not on every CI run.
02:56 +1301 ~553: /Users/nguyenanhkiet/Playground/grex/test/main_test.dart: MyApp should build MaterialApp with correct title
02:56 +1301 ~553: /Users/nguyenanhkiet/Playground/grex/test/performance/social_login_performance_test.dart: Social Login Performance Tests Profile Setup Form Performance Tests Profile setup form simulation should render quickly
  Skip: TODO(perf): social-login performance probes have wall-clock budgets and 10-minute timeouts that are flaky in CI. Run out of band when measuring social-login latency, not on every CI run.
02:56 +1301 ~554: /Users/nguyenanhkiet/Playground/grex/test/main_test.dart: MyApp should build MaterialApp with correct title
02:56 +1301 ~554: /Users/nguyenanhkiet/Playground/grex/test/performance/social_login_performance_test.dart: Social Login Performance Tests Profile Setup Form Performance Tests Form validation simulation should be responsive
  Skip: TODO(perf): social-login performance probes have wall-clock budgets and 10-minute timeouts that are flaky in CI. Run out of band when measuring social-login latency, not on every CI run.
02:56 +1301 ~555: /Users/nguyenanhkiet/Playground/grex/test/main_test.dart: MyApp should build MaterialApp with correct title
02:56 +1301 ~555: /Users/nguyenanhkiet/Playground/grex/test/performance/social_login_performance_test.dart: Social Login Performance Tests Session Management Performance Tests Session restoration simulation should complete quickly
  Skip: TODO(perf): social-login performance probes have wall-clock budgets and 10-minute timeouts that are flaky in CI. Run out of band when measuring social-login latency, not on every CI run.
02:56 +1301 ~556: /Users/nguyenanhkiet/Playground/grex/test/main_test.dart: MyApp should build MaterialApp with correct title
02:56 +1301 ~556: /Users/nguyenanhkiet/Playground/grex/test/performance/social_login_performance_test.dart: Social Login Performance Tests Session Management Performance Tests Session validation simulation should be fast
  Skip: TODO(perf): social-login performance probes have wall-clock budgets and 10-minute timeouts that are flaky in CI. Run out of band when measuring social-login latency, not on every CI run.
02:56 +1301 ~557: /Users/nguyenanhkiet/Playground/grex/test/main_test.dart: MyApp should build MaterialApp with correct title
02:56 +1301 ~557: /Users/nguyenanhkiet/Playground/grex/test/performance/social_login_performance_test.dart: Social Login Performance Tests Session Management Performance Tests Session refresh simulation should complete within reasonable time
  Skip: TODO(perf): social-login performance probes have wall-clock budgets and 10-minute timeouts that are flaky in CI. Run out of band when measuring social-login latency, not on every CI run.
02:56 +1301 ~558: /Users/nguyenanhkiet/Playground/grex/test/main_test.dart: MyApp should build MaterialApp with correct title
02:56 +1301 ~558: /Users/nguyenanhkiet/Playground/grex/test/performance/social_login_performance_test.dart: Social Login Performance Tests Session Management Performance Tests Profile cache simulation should improve access times
  Skip: TODO(perf): social-login performance probes have wall-clock budgets and 10-minute timeouts that are flaky in CI. Run out of band when measuring social-login latency, not on every CI run.
02:56 +1301 ~559: /Users/nguyenanhkiet/Playground/grex/test/main_test.dart: MyApp should build MaterialApp with correct title
02:56 +1301 ~559: /Users/nguyenanhkiet/Playground/grex/test/performance/social_login_performance_test.dart: Social Login Performance Tests Session Management Performance Tests Session clearing simulation should be fast
  Skip: TODO(perf): social-login performance probes have wall-clock budgets and 10-minute timeouts that are flaky in CI. Run out of band when measuring social-login latency, not on every CI run.
02:56 +1301 ~560: /Users/nguyenanhkiet/Playground/grex/test/main_test.dart: MyApp should build MaterialApp with correct title
02:56 +1301 ~560: /Users/nguyenanhkiet/Playground/grex/test/performance/social_login_performance_test.dart: Social Login Performance Tests Performance Regression Tests Performance should not degrade with multiple operations
  Skip: TODO(perf): social-login performance probes have wall-clock budgets and 10-minute timeouts that are flaky in CI. Run out of band when measuring social-login latency, not on every CI run.
02:56 +1301 ~561: /Users/nguyenanhkiet/Playground/grex/test/main_test.dart: MyApp should build MaterialApp with correct title
02:56 +1302 ~561: /Users/nguyenanhkiet/Playground/grex/test/main_test.dart: MyApp should use light theme by default
02:56 +1303 ~561: /Users/nguyenanhkiet/Playground/grex/test/main_test.dart: MyApp should have dark theme configured
02:56 +1304 ~561: /Users/nguyenanhkiet/Playground/grex/test/main_test.dart: MyApp should configure router correctly
02:56 +1305 ~561: /Users/nguyenanhkiet/Playground/grex/test/main_test.dart: MyApp should configure localization delegates
02:56 +1306 ~561: /Users/nguyenanhkiet/Playground/grex/test/main_test.dart: MyApp should configure supported locales
02:56 +1307 ~561: /Users/nguyenanhkiet/Playground/grex/test/main_test.dart: MyApp should use locale from provider
02:56 +1308 ~561: /Users/nguyenanhkiet/Playground/grex/test/main_test.dart: MyApp should configure text direction from provider
02:56 +1309 ~561: /Users/nguyenanhkiet/Playground/grex/test/main_test.dart: MyApp should wrap content in RepaintBoundary
02:56 +1310 ~561: /Users/nguyenanhkiet/Playground/grex/test/main_test.dart: GroupListPage should create GroupListPage widget
02:57 +1311 ~561: /Users/nguyenanhkiet/Playground/grex/test/performance/device_performance_test.dart: Device Performance Tests Low-end Android Device Performance OAuth flow completion time should be acceptable on low-end devices
  Skip: TODO(perf): device-class performance probes (Galaxy S24, Pixel 5, low-end Android, iPhone 12) take ~10 minutes total and rely on flaky wall-clock budgets. Run these out of band when validating device performance, not on every CI run.
02:57 +1311 ~562: /Users/nguyenanhkiet/Playground/grex/test/performance/device_performance_test.dart: Device Performance Tests Low-end Android Device Performance Deep link processing should be fast on low-end devices
  Skip: TODO(perf): device-class performance probes (Galaxy S24, Pixel 5, low-end Android, iPhone 12) take ~10 minutes total and rely on flaky wall-clock budgets. Run these out of band when validating device performance, not on every CI run.
02:57 +1311 ~563: /Users/nguyenanhkiet/Playground/grex/test/performance/device_performance_test.dart: Device Performance Tests Low-end Android Device Performance Session restoration should be acceptable on low-end devices
  Skip: TODO(perf): device-class performance probes (Galaxy S24, Pixel 5, low-end Android, iPhone 12) take ~10 minutes total and rely on flaky wall-clock budgets. Run these out of band when validating device performance, not on every CI run.
02:57 +1311 ~564: /Users/nguyenanhkiet/Playground/grex/test/performance/device_performance_test.dart: Device Performance Tests High-end Android Device Performance OAuth flow completion time should be fast on high-end devices
  Skip: TODO(perf): device-class performance probes (Galaxy S24, Pixel 5, low-end Android, iPhone 12) take ~10 minutes total and rely on flaky wall-clock budgets. Run these out of band when validating device performance, not on every CI run.
02:57 +1311 ~565: /Users/nguyenanhkiet/Playground/grex/test/performance/device_performance_test.dart: Device Performance Tests High-end Android Device Performance Deep link processing should be very fast on high-end devices
  Skip: TODO(perf): device-class performance probes (Galaxy S24, Pixel 5, low-end Android, iPhone 12) take ~10 minutes total and rely on flaky wall-clock budgets. Run these out of band when validating device performance, not on every CI run.
02:57 +1311 ~566: /Users/nguyenanhkiet/Playground/grex/test/performance/device_performance_test.dart: Device Performance Tests High-end Android Device Performance Session restoration should be very fast on high-end devices
  Skip: TODO(perf): device-class performance probes (Galaxy S24, Pixel 5, low-end Android, iPhone 12) take ~10 minutes total and rely on flaky wall-clock budgets. Run these out of band when validating device performance, not on every CI run.
02:57 +1311 ~567: /Users/nguyenanhkiet/Playground/grex/test/performance/device_performance_test.dart: Device Performance Tests iOS Device Performance OAuth flow completion time should be optimal on iOS
  Skip: TODO(perf): device-class performance probes (Galaxy S24, Pixel 5, low-end Android, iPhone 12) take ~10 minutes total and rely on flaky wall-clock budgets. Run these out of band when validating device performance, not on every CI run.
02:57 +1311 ~568: /Users/nguyenanhkiet/Playground/grex/test/performance/device_performance_test.dart: Device Performance Tests iOS Device Performance Deep link processing should be optimal on iOS
  Skip: TODO(perf): device-class performance probes (Galaxy S24, Pixel 5, low-end Android, iPhone 12) take ~10 minutes total and rely on flaky wall-clock budgets. Run these out of band when validating device performance, not on every CI run.
02:57 +1311 ~569: /Users/nguyenanhkiet/Playground/grex/test/performance/device_performance_test.dart: Device Performance Tests iOS Device Performance Session restoration should be optimal on iOS
  Skip: TODO(perf): device-class performance probes (Galaxy S24, Pixel 5, low-end Android, iPhone 12) take ~10 minutes total and rely on flaky wall-clock budgets. Run these out of band when validating device performance, not on every CI run.
02:57 +1311 ~570: /Users/nguyenanhkiet/Playground/grex/test/performance/device_performance_test.dart: Device Performance Tests Cross-Device Performance Comparison Performance should scale appropriately across device types
  Skip: TODO(perf): device-class performance probes (Galaxy S24, Pixel 5, low-end Android, iPhone 12) take ~10 minutes total and rely on flaky wall-clock budgets. Run these out of band when validating device performance, not on every CI run.
02:57 +1311 ~571: /Users/nguyenanhkiet/Playground/grex/test/performance/device_performance_test.dart: Device Performance Tests Memory Usage Tests OAuth flow should not cause memory leaks
  Skip: TODO(perf): device-class performance probes (Galaxy S24, Pixel 5, low-end Android, iPhone 12) take ~10 minutes total and rely on flaky wall-clock budgets. Run these out of band when validating device performance, not on every CI run.
02:57 +1311 ~572: /Users/nguyenanhkiet/Playground/grex/test/infrastructure/mock_completeness_test.dart: Mock Class Completeness Property Tests MockAuthRepository should implement AuthRepository interface
02:57 +1312 ~572: /Users/nguyenanhkiet/Playground/grex/test/infrastructure/mock_completeness_test.dart: Mock Class Completeness Property Tests MockUserRepository should implement UserRepository interface
02:57 +1313 ~572: /Users/nguyenanhkiet/Playground/grex/test/infrastructure/mock_completeness_test.dart: Mock Class Completeness Property Tests MockSessionService should implement SessionService interface
02:57 +1314 ~572: /Users/nguyenanhkiet/Playground/grex/test/infrastructure/mock_completeness_test.dart: Mock Class Completeness Property Tests MockSessionManager should implement SessionManager interface
02:57 +1315 ~572: /Users/nguyenanhkiet/Playground/grex/test/infrastructure/mock_completeness_test.dart: Mock Class Completeness Property Tests MockEmailVerificationService should implement EmailVerificationService interface
02:57 +1316 ~572: /Users/nguyenanhkiet/Playground/grex/test/infrastructure/mock_completeness_test.dart: Mock Class Completeness Property Tests All mock classes should be instantiable without errors
02:57 +1317 ~572: /Users/nguyenanhkiet/Playground/grex/test/infrastructure/mock_completeness_test.dart: Mock Class Completeness Property Tests Mock classes should support method stubbing
02:58 +1318 ~572: /Users/nguyenanhkiet/Playground/grex/test/helpers/golden_helpers_test.dart: loadAppFonts renders text as real glyphs in a golden
02:59 +1319 ~572: /Users/nguyenanhkiet/Playground/grex/test/helpers/golden_helpers_test.dart: loadAppFonts font assets exist on disk
02:59 +1320 ~572: /Users/nguyenanhkiet/Playground/grex/test/helpers/golden_helpers_test.dart: loadAppFonts font assets match the pubspec.yaml font declarations
02:59 +1321 ~572: /Users/nguyenanhkiet/Playground/grex/test/helpers/golden_helpers_test.dart: golden failure modes a crashed widget still produces a golden PNG
02:59 +1322 ~572: All tests passed!
